MaPhong,MaKhachSan,LoaiPhong,GiaNiemYet,TrangThai
AGG001_R001,AGG001,Standard Room,1200000,Trống
AGG001_R002,AGG001,Standard Room,1200000,Đang sử dụng
AGG001_R003,AGG001,Standard Room,1200000,Đang sử dụng
AGG001_R004,AGG001,Standard Room,1200000,Đang dọn
AGG001_R005,AGG001,Standard Room,1200000,Trống
AGG001_R006,AGG001,Deluxe Room,1800000,Đang sử dụng
AGG001_R007,AGG001,Deluxe Room,1800000,Đang sử dụng
AGG001_R008,AGG001,Deluxe Room,1800000,Trống
AGG001_R009,AGG001,Superior Room,1500000,Đang dọn
AGG001_R010,AGG001,Superior Room,1500000,Đang sử dụng
AGG001_R011,AGG001,Executive Room,2400000,Trống
AGG001_R012,AGG001,Junior Suite,2800000,Đang sử dụng
AGG001_R013,AGG001,Suite,3500000,Đang sử dụng
AGG001_R014,AGG001,Family Room,2200000,Đang sử dụng
AGG001_R015,AGG001,Connecting Room,2000000,Đang dọn
AGG001_R016,AGG001,Twin Room,1700000,Đang dọn
AGG001_R017,AGG001,Double Room,1700000,Trống
AGG002_R001,AGG002,Standard Room,1200000,Trống
AGG002_R002,AGG002,Standard Room,1200000,Đang dọn
AGG002_R003,AGG002,Standard Room,1200000,Đang dọn
AGG002_R004,AGG002,Standard Room,1200000,Đang sử dụng
AGG002_R005,AGG002,Standard Room,1200000,Đang dọn
AGG002_R006,AGG002,Standard Room,1200000,Đang dọn
AGG002_R007,AGG002,Standard Room,1200000,Đang sử dụng
AGG002_R008,AGG002,Standard Room,1200000,Đang sử dụng
AGG002_R009,AGG002,Standard Room,1200000,Đang sử dụng
AGG002_R010,AGG002,Deluxe Room,1800000,Trống
AGG002_R011,AGG002,Deluxe Room,1800000,Đang dọn
AGG002_R012,AGG002,Deluxe Room,1800000,Đang dọn
AGG002_R013,AGG002,Deluxe Room,1800000,Đang sử dụng
AGG002_R014,AGG002,Deluxe Room,1800000,Đang sử dụng
AGG002_R015,AGG002,Deluxe Room,1800000,Trống
AGG002_R016,AGG002,Superior Room,1500000,Trống
AGG002_R017,AGG002,Superior Room,1500000,Đang dọn
AGG002_R018,AGG002,Superior Room,1500000,Đang dọn
AGG002_R019,AGG002,Superior Room,1500000,Đang sử dụng
AGG002_R020,AGG002,Executive Room,2400000,Đang dọn
AGG002_R021,AGG002,Executive Room,2400000,Đang dọn
AGG002_R022,AGG002,Junior Suite,2800000,Trống
AGG002_R023,AGG002,Junior Suite,2800000,Đang sử dụng
AGG002_R024,AGG002,Suite,3500000,Trống
AGG002_R025,AGG002,Suite,3500000,Đang dọn
AGG002_R026,AGG002,Family Room,2200000,Đang dọn
AGG002_R027,AGG002,Family Room,2200000,Đang dọn
AGG002_R028,AGG002,Connecting Room,2000000,Trống
AGG002_R029,AGG002,Connecting Room,2000000,Đang dọn
AGG002_R030,AGG002,Twin Room,1700000,Đang dọn
AGG002_R031,AGG002,Double Room,1700000,Trống
AGG002_R032,AGG002,Double Room,1700000,Trống
AGG002_R033,AGG002,Single Room,1000000,Trống
AGG002_R034,AGG002,Studio Room,1300000,Đang sử dụng
AGG002_R035,AGG002,Accessible Room,1100000,Đang dọn
AGG003_R001,AGG003,Standard Room,1200000,Đang dọn
AGG003_R002,AGG003,Standard Room,1200000,Trống
AGG003_R003,AGG003,Standard Room,1200000,Đang dọn
AGG003_R004,AGG003,Standard Room,1200000,Đang sử dụng
AGG003_R005,AGG003,Standard Room,1200000,Trống
AGG003_R006,AGG003,Standard Room,1200000,Đang dọn
AGG003_R007,AGG003,Standard Room,1200000,Trống
AGG003_R008,AGG003,Standard Room,1200000,Đang sử dụng
AGG003_R009,AGG003,Standard Room,1200000,Trống
AGG003_R010,AGG003,Standard Room,1200000,Trống
AGG003_R011,AGG003,Deluxe Room,1800000,Đang sử dụng
AGG003_R012,AGG003,Deluxe Room,1800000,Đang sử dụng
AGG003_R013,AGG003,Deluxe Room,1800000,Đang dọn
AGG003_R014,AGG003,Deluxe Room,1800000,Đang dọn
AGG003_R015,AGG003,Deluxe Room,1800000,Trống
AGG003_R016,AGG003,Deluxe Room,1800000,Trống
AGG003_R017,AGG003,Deluxe Room,1800000,Trống
AGG003_R018,AGG003,Superior Room,1500000,Trống
AGG003_R019,AGG003,Superior Room,1500000,Trống
AGG003_R020,AGG003,Superior Room,1500000,Đang dọn
AGG003_R021,AGG003,Superior Room,1500000,Đang dọn
AGG003_R022,AGG003,Executive Room,2400000,Đang sử dụng
AGG003_R023,AGG003,Executive Room,2400000,Trống
AGG003_R024,AGG003,Junior Suite,2800000,Trống
AGG003_R025,AGG003,Junior Suite,2800000,Đang dọn
AGG003_R026,AGG003,Suite,3500000,Đang dọn
AGG003_R027,AGG003,Suite,3500000,Đang dọn
AGG003_R028,AGG003,Family Room,2200000,Đang sử dụng
AGG003_R029,AGG003,Family Room,2200000,Trống
AGG003_R030,AGG003,Connecting Room,2000000,Đang sử dụng
AGG003_R031,AGG003,Connecting Room,2000000,Đang dọn
AGG003_R032,AGG003,Twin Room,1700000,Trống
AGG003_R033,AGG003,Double Room,1700000,Đang sử dụng
AGG003_R034,AGG003,Double Room,1700000,Đang dọn
AGG003_R035,AGG003,Single Room,1000000,Đang sử dụng
AGG003_R036,AGG003,Studio Room,1300000,Trống
AGG003_R037,AGG003,Accessible Room,1100000,Đang dọn
AGG004_R001,AGG004,Standard Room,1200000,Đang dọn
AGG004_R002,AGG004,Standard Room,1200000,Đang sử dụng
AGG004_R003,AGG004,Standard Room,1200000,Trống
AGG004_R004,AGG004,Standard Room,1200000,Trống
AGG004_R005,AGG004,Standard Room,1200000,Đang sử dụng
AGG004_R006,AGG004,Standard Room,1200000,Đang sử dụng
AGG004_R007,AGG004,Standard Room,1200000,Trống
AGG004_R008,AGG004,Standard Room,1200000,Đang dọn
AGG004_R009,AGG004,Standard Room,1200000,Trống
AGG004_R010,AGG004,Deluxe Room,1800000,Trống
AGG004_R011,AGG004,Deluxe Room,1800000,Trống
AGG004_R012,AGG004,Deluxe Room,1800000,Đang sử dụng
AGG004_R013,AGG004,Deluxe Room,1800000,Trống
AGG004_R014,AGG004,Deluxe Room,1800000,Trống
AGG004_R015,AGG004,Deluxe Room,1800000,Đang sử dụng
AGG004_R016,AGG004,Superior Room,1500000,Đang sử dụng
AGG004_R017,AGG004,Superior Room,1500000,Đang dọn
AGG004_R018,AGG004,Superior Room,1500000,Trống
AGG004_R019,AGG004,Superior Room,1500000,Trống
AGG004_R020,AGG004,Executive Room,2400000,Đang sử dụng
AGG004_R021,AGG004,Executive Room,2400000,Đang sử dụng
AGG004_R022,AGG004,Junior Suite,2800000,Đang sử dụng
AGG004_R023,AGG004,Junior Suite,2800000,Đang dọn
AGG004_R024,AGG004,Suite,3500000,Đang sử dụng
AGG004_R025,AGG004,Suite,3500000,Đang dọn
AGG004_R026,AGG004,Family Room,2200000,Trống
AGG004_R027,AGG004,Family Room,2200000,Trống
AGG004_R028,AGG004,Connecting Room,2000000,Trống
AGG004_R029,AGG004,Connecting Room,2000000,Đang sử dụng
AGG004_R030,AGG004,Twin Room,1700000,Đang dọn
AGG004_R031,AGG004,Double Room,1700000,Trống
AGG004_R032,AGG004,Double Room,1700000,Trống
AGG004_R033,AGG004,Single Room,1000000,Đang sử dụng
AGG004_R034,AGG004,Studio Room,1300000,Đang sử dụng
AGG004_R035,AGG004,Accessible Room,1100000,Đang sử dụng
AGG005_R001,AGG005,Standard Room,1200000,Đang sử dụng
AGG005_R002,AGG005,Standard Room,1200000,Đang dọn
AGG005_R003,AGG005,Standard Room,1200000,Đang sử dụng
AGG005_R004,AGG005,Standard Room,1200000,Đang dọn
AGG005_R005,AGG005,Deluxe Room,1800000,Đang dọn
AGG005_R006,AGG005,Deluxe Room,1800000,Đang sử dụng
AGG005_R007,AGG005,Deluxe Room,1800000,Đang dọn
AGG005_R008,AGG005,Superior Room,1500000,Đang sử dụng
AGG005_R009,AGG005,Superior Room,1500000,Trống
AGG005_R010,AGG005,Executive Room,2400000,Trống
AGG005_R011,AGG005,Junior Suite,2800000,Đang dọn
AGG005_R012,AGG005,Suite,3500000,Đang dọn
AGG005_R013,AGG005,Family Room,2200000,Đang dọn
AGG005_R014,AGG005,Connecting Room,2000000,Đang sử dụng
AGG005_R015,AGG005,Twin Room,1700000,Đang dọn
AGG005_R016,AGG005,Double Room,1700000,Đang sử dụng
BRV001_R001,BRV001,Standard Room,1200000,Đang dọn
BRV001_R002,BRV001,Standard Room,1200000,Trống
BRV001_R003,BRV001,Standard Room,1200000,Trống
BRV001_R004,BRV001,Standard Room,1200000,Đang sử dụng
BRV001_R005,BRV001,Standard Room,1200000,Trống
BRV001_R006,BRV001,Standard Room,1200000,Trống
BRV001_R007,BRV001,Standard Room,1200000,Đang sử dụng
BRV001_R008,BRV001,Standard Room,1200000,Đang dọn
BRV001_R009,BRV001,Standard Room,1200000,Đang sử dụng
BRV001_R010,BRV001,Standard Room,1200000,Trống
BRV001_R011,BRV001,Deluxe Room,1800000,Đang sử dụng
BRV001_R012,BRV001,Deluxe Room,1800000,Đang sử dụng
BRV001_R013,BRV001,Deluxe Room,1800000,Đang dọn
BRV001_R014,BRV001,Deluxe Room,1800000,Đang sử dụng
BRV001_R015,BRV001,Deluxe Room,1800000,Trống
BRV001_R016,BRV001,Deluxe Room,1800000,Đang dọn
BRV001_R017,BRV001,Deluxe Room,1800000,Đang sử dụng
BRV001_R018,BRV001,Superior Room,1500000,Đang sử dụng
BRV001_R019,BRV001,Superior Room,1500000,Đang dọn
BRV001_R020,BRV001,Superior Room,1500000,Đang sử dụng
BRV001_R021,BRV001,Superior Room,1500000,Đang dọn
BRV001_R022,BRV001,Executive Room,2400000,Trống
BRV001_R023,BRV001,Executive Room,2400000,Đang sử dụng
BRV001_R024,BRV001,Junior Suite,2800000,Đang sử dụng
BRV001_R025,BRV001,Junior Suite,2800000,Đang sử dụng
BRV001_R026,BRV001,Suite,3500000,Trống
BRV001_R027,BRV001,Suite,3500000,Đang dọn
BRV001_R028,BRV001,Family Room,2200000,Đang dọn
BRV001_R029,BRV001,Family Room,2200000,Đang dọn
BRV001_R030,BRV001,Connecting Room,2000000,Đang sử dụng
BRV001_R031,BRV001,Connecting Room,2000000,Đang sử dụng
BRV001_R032,BRV001,Twin Room,1700000,Đang dọn
BRV001_R033,BRV001,Double Room,1700000,Trống
BRV001_R034,BRV001,Double Room,1700000,Đang dọn
BRV001_R035,BRV001,Single Room,1000000,Trống
BRV001_R036,BRV001,Studio Room,1300000,Đang dọn
BRV001_R037,BRV001,Accessible Room,1100000,Đang sử dụng
BRV002_R001,BRV002,Standard Room,1200000,Trống
BRV002_R002,BRV002,Standard Room,1200000,Đang sử dụng
BRV002_R003,BRV002,Standard Room,1200000,Trống
BRV002_R004,BRV002,Standard Room,1200000,Đang sử dụng
BRV002_R005,BRV002,Standard Room,1200000,Đang dọn
BRV002_R006,BRV002,Standard Room,1200000,Trống
BRV002_R007,BRV002,Deluxe Room,1800000,Đang sử dụng
BRV002_R008,BRV002,Deluxe Room,1800000,Đang dọn
BRV002_R009,BRV002,Deluxe Room,1800000,Đang sử dụng
BRV002_R010,BRV002,Deluxe Room,1800000,Trống
BRV002_R011,BRV002,Superior Room,1500000,Đang sử dụng
BRV002_R012,BRV002,Superior Room,1500000,Đang sử dụng
BRV002_R013,BRV002,Executive Room,2400000,Trống
BRV002_R014,BRV002,Junior Suite,2800000,Đang sử dụng
BRV002_R015,BRV002,Suite,3500000,Đang sử dụng
BRV002_R016,BRV002,Family Room,2200000,Đang sử dụng
BRV002_R017,BRV002,Connecting Room,2000000,Đang dọn
BRV002_R018,BRV002,Twin Room,1700000,Trống
BRV002_R019,BRV002,Double Room,1700000,Trống
BRV003_R001,BRV003,Standard Room,1200000,Đang sử dụng
BRV003_R002,BRV003,Standard Room,1200000,Trống
BRV003_R003,BRV003,Standard Room,1200000,Trống
BRV003_R004,BRV003,Standard Room,1200000,Trống
BRV003_R005,BRV003,Standard Room,1200000,Trống
BRV003_R006,BRV003,Standard Room,1200000,Đang sử dụng
BRV003_R007,BRV003,Standard Room,1200000,Trống
BRV003_R008,BRV003,Standard Room,1200000,Trống
BRV003_R009,BRV003,Deluxe Room,1800000,Đang dọn
BRV003_R010,BRV003,Deluxe Room,1800000,Đang dọn
BRV003_R011,BRV003,Deluxe Room,1800000,Trống
BRV003_R012,BRV003,Deluxe Room,1800000,Trống
BRV003_R013,BRV003,Deluxe Room,1800000,Trống
BRV003_R014,BRV003,Superior Room,1500000,Đang dọn
BRV003_R015,BRV003,Superior Room,1500000,Đang dọn
BRV003_R016,BRV003,Superior Room,1500000,Đang sử dụng
BRV003_R017,BRV003,Executive Room,2400000,Trống
BRV003_R018,BRV003,Junior Suite,2800000,Trống
BRV003_R019,BRV003,Suite,3500000,Trống
BRV003_R020,BRV003,Family Room,2200000,Trống
BRV003_R021,BRV003,Family Room,2200000,Đang dọn
BRV003_R022,BRV003,Connecting Room,2000000,Trống
BRV003_R023,BRV003,Twin Room,1700000,Đang dọn
BRV003_R024,BRV003,Double Room,1700000,Đang dọn
BRV003_R025,BRV003,Single Room,1000000,Đang sử dụng
BRV003_R026,BRV003,Studio Room,1300000,Đang sử dụng
BRV003_R027,BRV003,Accessible Room,1100000,Trống
BRV004_R001,BRV004,Standard Room,1200000,Trống
BRV004_R002,BRV004,Standard Room,1200000,Đang sử dụng
BRV004_R003,BRV004,Standard Room,1200000,Đang sử dụng
BRV004_R004,BRV004,Standard Room,1200000,Trống
BRV004_R005,BRV004,Standard Room,1200000,Đang dọn
BRV004_R006,BRV004,Standard Room,1200000,Trống
BRV004_R007,BRV004,Standard Room,1200000,Đang dọn
BRV004_R008,BRV004,Standard Room,1200000,Trống
BRV004_R009,BRV004,Standard Room,1200000,Đang dọn
BRV004_R010,BRV004,Standard Room,1200000,Đang dọn
BRV004_R011,BRV004,Standard Room,1200000,Đang dọn
BRV004_R012,BRV004,Deluxe Room,1800000,Đang sử dụng
BRV004_R013,BRV004,Deluxe Room,1800000,Đang dọn
BRV004_R014,BRV004,Deluxe Room,1800000,Trống
BRV004_R015,BRV004,Deluxe Room,1800000,Đang dọn
BRV004_R016,BRV004,Deluxe Room,1800000,Trống
BRV004_R017,BRV004,Deluxe Room,1800000,Đang sử dụng
BRV004_R018,BRV004,Deluxe Room,1800000,Đang dọn
BRV004_R019,BRV004,Superior Room,1500000,Trống
BRV004_R020,BRV004,Superior Room,1500000,Đang dọn
BRV004_R021,BRV004,Superior Room,1500000,Trống
BRV004_R022,BRV004,Superior Room,1500000,Đang sử dụng
BRV004_R023,BRV004,Executive Room,2400000,Trống
BRV004_R024,BRV004,Executive Room,2400000,Đang dọn
BRV004_R025,BRV004,Junior Suite,2800000,Đang sử dụng
BRV004_R026,BRV004,Junior Suite,2800000,Đang sử dụng
BRV004_R027,BRV004,Suite,3500000,Đang sử dụng
BRV004_R028,BRV004,Suite,3500000,Trống
BRV004_R029,BRV004,Family Room,2200000,Đang dọn
BRV004_R030,BRV004,Family Room,2200000,Trống
BRV004_R031,BRV004,Family Room,2200000,Đang sử dụng
BRV004_R032,BRV004,Connecting Room,2000000,Đang dọn
BRV004_R033,BRV004,Connecting Room,2000000,Đang dọn
BRV004_R034,BRV004,Twin Room,1700000,Trống
BRV004_R035,BRV004,Double Room,1700000,Đang dọn
BRV004_R036,BRV004,Double Room,1700000,Trống
BRV004_R037,BRV004,Single Room,1000000,Trống
BRV004_R038,BRV004,Studio Room,1300000,Đang sử dụng
BRV004_R039,BRV004,Accessible Room,1100000,Trống
BGG001_R001,BGG001,Standard Room,1200000,Đang dọn
BGG001_R002,BGG001,Standard Room,1200000,Đang dọn
BGG001_R003,BGG001,Standard Room,1200000,Đang dọn
BGG001_R004,BGG001,Standard Room,1200000,Đang dọn
BGG001_R005,BGG001,Standard Room,1200000,Trống
BGG001_R006,BGG001,Standard Room,1200000,Trống
BGG001_R007,BGG001,Standard Room,1200000,Đang dọn
BGG001_R008,BGG001,Standard Room,1200000,Đang sử dụng
BGG001_R009,BGG001,Standard Room,1200000,Đang dọn
BGG001_R010,BGG001,Standard Room,1200000,Đang sử dụng
BGG001_R011,BGG001,Deluxe Room,1800000,Đang sử dụng
BGG001_R012,BGG001,Deluxe Room,1800000,Trống
BGG001_R013,BGG001,Deluxe Room,1800000,Đang dọn
BGG001_R014,BGG001,Deluxe Room,1800000,Trống
BGG001_R015,BGG001,Deluxe Room,1800000,Đang sử dụng
BGG001_R016,BGG001,Deluxe Room,1800000,Đang dọn
BGG001_R017,BGG001,Deluxe Room,1800000,Đang sử dụng
BGG001_R018,BGG001,Superior Room,1500000,Đang sử dụng
BGG001_R019,BGG001,Superior Room,1500000,Đang dọn
BGG001_R020,BGG001,Superior Room,1500000,Trống
BGG001_R021,BGG001,Superior Room,1500000,Trống
BGG001_R022,BGG001,Executive Room,2400000,Đang dọn
BGG001_R023,BGG001,Executive Room,2400000,Trống
BGG001_R024,BGG001,Junior Suite,2800000,Trống
BGG001_R025,BGG001,Junior Suite,2800000,Đang dọn
BGG001_R026,BGG001,Suite,3500000,Đang sử dụng
BGG001_R027,BGG001,Suite,3500000,Trống
BGG001_R028,BGG001,Family Room,2200000,Đang sử dụng
BGG001_R029,BGG001,Family Room,2200000,Đang sử dụng
BGG001_R030,BGG001,Connecting Room,2000000,Đang sử dụng
BGG001_R031,BGG001,Connecting Room,2000000,Đang dọn
BGG001_R032,BGG001,Twin Room,1700000,Đang sử dụng
BGG001_R033,BGG001,Double Room,1700000,Đang sử dụng
BGG001_R034,BGG001,Double Room,1700000,Trống
BGG001_R035,BGG001,Single Room,1000000,Đang dọn
BGG001_R036,BGG001,Studio Room,1300000,Đang sử dụng
BGG001_R037,BGG001,Accessible Room,1100000,Trống
BGG002_R001,BGG002,Standard Room,1200000,Đang sử dụng
BGG002_R002,BGG002,Standard Room,1200000,Đang dọn
BGG002_R003,BGG002,Standard Room,1200000,Đang sử dụng
BGG002_R004,BGG002,Standard Room,1200000,Đang dọn
BGG002_R005,BGG002,Standard Room,1200000,Đang sử dụng
BGG002_R006,BGG002,Standard Room,1200000,Trống
BGG002_R007,BGG002,Standard Room,1200000,Đang sử dụng
BGG002_R008,BGG002,Standard Room,1200000,Trống
BGG002_R009,BGG002,Standard Room,1200000,Trống
BGG002_R010,BGG002,Standard Room,1200000,Đang dọn
BGG002_R011,BGG002,Deluxe Room,1800000,Đang dọn
BGG002_R012,BGG002,Deluxe Room,1800000,Trống
BGG002_R013,BGG002,Deluxe Room,1800000,Trống
BGG002_R014,BGG002,Deluxe Room,1800000,Trống
BGG002_R015,BGG002,Deluxe Room,1800000,Đang dọn
BGG002_R016,BGG002,Deluxe Room,1800000,Trống
BGG002_R017,BGG002,Deluxe Room,1800000,Trống
BGG002_R018,BGG002,Superior Room,1500000,Đang dọn
BGG002_R019,BGG002,Superior Room,1500000,Trống
BGG002_R020,BGG002,Superior Room,1500000,Đang dọn
BGG002_R021,BGG002,Superior Room,1500000,Trống
BGG002_R022,BGG002,Executive Room,2400000,Đang sử dụng
BGG002_R023,BGG002,Executive Room,2400000,Đang sử dụng
BGG002_R024,BGG002,Junior Suite,2800000,Đang dọn
BGG002_R025,BGG002,Junior Suite,2800000,Đang dọn
BGG002_R026,BGG002,Suite,3500000,Đang dọn
BGG002_R027,BGG002,Suite,3500000,Đang dọn
BGG002_R028,BGG002,Family Room,2200000,Trống
BGG002_R029,BGG002,Family Room,2200000,Đang dọn
BGG002_R030,BGG002,Connecting Room,2000000,Đang dọn
BGG002_R031,BGG002,Connecting Room,2000000,Đang dọn
BGG002_R032,BGG002,Twin Room,1700000,Đang dọn
BGG002_R033,BGG002,Double Room,1700000,Đang dọn
BGG002_R034,BGG002,Double Room,1700000,Đang sử dụng
BGG002_R035,BGG002,Single Room,1000000,Đang sử dụng
BGG002_R036,BGG002,Studio Room,1300000,Đang sử dụng
BGG002_R037,BGG002,Accessible Room,1100000,Đang sử dụng
BGG003_R001,BGG003,Standard Room,1200000,Đang sử dụng
BGG003_R002,BGG003,Standard Room,1200000,Đang dọn
BGG003_R003,BGG003,Standard Room,1200000,Đang sử dụng
BGG003_R004,BGG003,Standard Room,1200000,Đang sử dụng
BGG003_R005,BGG003,Standard Room,1200000,Trống
BGG003_R006,BGG003,Standard Room,1200000,Trống
BGG003_R007,BGG003,Standard Room,1200000,Đang dọn
BGG003_R008,BGG003,Standard Room,1200000,Đang dọn
BGG003_R009,BGG003,Standard Room,1200000,Trống
BGG003_R010,BGG003,Standard Room,1200000,Trống
BGG003_R011,BGG003,Deluxe Room,1800000,Đang dọn
BGG003_R012,BGG003,Deluxe Room,1800000,Đang sử dụng
BGG003_R013,BGG003,Deluxe Room,1800000,Đang sử dụng
BGG003_R014,BGG003,Deluxe Room,1800000,Đang sử dụng
BGG003_R015,BGG003,Deluxe Room,1800000,Đang dọn
BGG003_R016,BGG003,Deluxe Room,1800000,Đang dọn
BGG003_R017,BGG003,Deluxe Room,1800000,Đang dọn
BGG003_R018,BGG003,Superior Room,1500000,Trống
BGG003_R019,BGG003,Superior Room,1500000,Đang sử dụng
BGG003_R020,BGG003,Superior Room,1500000,Trống
BGG003_R021,BGG003,Superior Room,1500000,Trống
BGG003_R022,BGG003,Executive Room,2400000,Đang dọn
BGG003_R023,BGG003,Executive Room,2400000,Đang sử dụng
BGG003_R024,BGG003,Junior Suite,2800000,Đang dọn
BGG003_R025,BGG003,Junior Suite,2800000,Đang sử dụng
BGG003_R026,BGG003,Suite,3500000,Đang dọn
BGG003_R027,BGG003,Suite,3500000,Trống
BGG003_R028,BGG003,Family Room,2200000,Trống
BGG003_R029,BGG003,Family Room,2200000,Đang dọn
BGG003_R030,BGG003,Connecting Room,2000000,Trống
BGG003_R031,BGG003,Connecting Room,2000000,Đang dọn
BGG003_R032,BGG003,Twin Room,1700000,Trống
BGG003_R033,BGG003,Double Room,1700000,Trống
BGG003_R034,BGG003,Double Room,1700000,Trống
BGG003_R035,BGG003,Single Room,1000000,Trống
BGG003_R036,BGG003,Studio Room,1300000,Đang dọn
BGG003_R037,BGG003,Accessible Room,1100000,Đang sử dụng
BKN001_R001,BKN001,Standard Room,1200000,Đang sử dụng
BKN001_R002,BKN001,Standard Room,1200000,Đang sử dụng
BKN001_R003,BKN001,Standard Room,1200000,Đang dọn
BKN001_R004,BKN001,Standard Room,1200000,Trống
BKN001_R005,BKN001,Standard Room,1200000,Đang dọn
BKN001_R006,BKN001,Standard Room,1200000,Trống
BKN001_R007,BKN001,Standard Room,1200000,Đang sử dụng
BKN001_R008,BKN001,Deluxe Room,1800000,Đang dọn
BKN001_R009,BKN001,Deluxe Room,1800000,Đang sử dụng
BKN001_R010,BKN001,Deluxe Room,1800000,Trống
BKN001_R011,BKN001,Deluxe Room,1800000,Đang sử dụng
BKN001_R012,BKN001,Deluxe Room,1800000,Đang sử dụng
BKN001_R013,BKN001,Superior Room,1500000,Trống
BKN001_R014,BKN001,Superior Room,1500000,Trống
BKN001_R015,BKN001,Superior Room,1500000,Đang sử dụng
BKN001_R016,BKN001,Executive Room,2400000,Đang dọn
BKN001_R017,BKN001,Junior Suite,2800000,Đang dọn
BKN001_R018,BKN001,Suite,3500000,Đang dọn
BKN001_R019,BKN001,Family Room,2200000,Đang dọn
BKN001_R020,BKN001,Family Room,2200000,Trống
BKN001_R021,BKN001,Connecting Room,2000000,Đang sử dụng
BKN001_R022,BKN001,Twin Room,1700000,Trống
BKN001_R023,BKN001,Double Room,1700000,Đang dọn
BLU001_R001,BLU001,Standard Room,1200000,Đang dọn
BLU001_R002,BLU001,Standard Room,1200000,Đang sử dụng
BLU001_R003,BLU001,Standard Room,1200000,Đang dọn
BLU001_R004,BLU001,Standard Room,1200000,Đang dọn
BLU001_R005,BLU001,Standard Room,1200000,Đang dọn
BLU001_R006,BLU001,Deluxe Room,1800000,Đang sử dụng
BLU001_R007,BLU001,Deluxe Room,1800000,Đang dọn
BLU001_R008,BLU001,Deluxe Room,1800000,Đang sử dụng
BLU001_R009,BLU001,Superior Room,1500000,Đang sử dụng
BLU001_R010,BLU001,Superior Room,1500000,Đang dọn
BLU001_R011,BLU001,Executive Room,2400000,Đang dọn
BLU001_R012,BLU001,Junior Suite,2800000,Đang dọn
BLU001_R013,BLU001,Suite,3500000,Đang dọn
BLU001_R014,BLU001,Family Room,2200000,Trống
BLU001_R015,BLU001,Connecting Room,2000000,Đang dọn
BLU001_R016,BLU001,Twin Room,1700000,Đang sử dụng
BLU001_R017,BLU001,Double Room,1700000,Trống
BLU002_R001,BLU002,Standard Room,1200000,Đang dọn
BLU002_R002,BLU002,Standard Room,1200000,Đang dọn
BLU002_R003,BLU002,Standard Room,1200000,Đang dọn
BLU002_R004,BLU002,Standard Room,1200000,Đang sử dụng
BLU002_R005,BLU002,Deluxe Room,1800000,Trống
BLU002_R006,BLU002,Deluxe Room,1800000,Đang sử dụng
BLU002_R007,BLU002,Deluxe Room,1800000,Đang sử dụng
BLU002_R008,BLU002,Superior Room,1500000,Trống
BLU002_R009,BLU002,Superior Room,1500000,Đang sử dụng
BLU002_R010,BLU002,Executive Room,2400000,Trống
BLU002_R011,BLU002,Junior Suite,2800000,Đang dọn
BLU002_R012,BLU002,Suite,3500000,Đang sử dụng
BLU002_R013,BLU002,Family Room,2200000,Đang dọn
BLU002_R014,BLU002,Connecting Room,2000000,Đang sử dụng
BLU002_R015,BLU002,Twin Room,1700000,Đang dọn
BLU002_R016,BLU002,Double Room,1700000,Đang dọn
BNH001_R001,BNH001,Standard Room,1200000,Đang sử dụng
BNH001_R002,BNH001,Standard Room,1200000,Đang dọn
BNH001_R003,BNH001,Standard Room,1200000,Trống
BNH001_R004,BNH001,Standard Room,1200000,Đang sử dụng
BNH001_R005,BNH001,Standard Room,1200000,Đang sử dụng
BNH001_R006,BNH001,Standard Room,1200000,Trống
BNH001_R007,BNH001,Standard Room,1200000,Trống
BNH001_R008,BNH001,Standard Room,1200000,Đang dọn
BNH001_R009,BNH001,Deluxe Room,1800000,Đang dọn
BNH001_R010,BNH001,Deluxe Room,1800000,Đang dọn
BNH001_R011,BNH001,Deluxe Room,1800000,Đang sử dụng
BNH001_R012,BNH001,Deluxe Room,1800000,Trống
BNH001_R013,BNH001,Deluxe Room,1800000,Đang sử dụng
BNH001_R014,BNH001,Superior Room,1500000,Đang sử dụng
BNH001_R015,BNH001,Superior Room,1500000,Đang dọn
BNH001_R016,BNH001,Superior Room,1500000,Đang dọn
BNH001_R017,BNH001,Executive Room,2400000,Đang sử dụng
BNH001_R018,BNH001,Junior Suite,2800000,Trống
BNH001_R019,BNH001,Suite,3500000,Đang sử dụng
BNH001_R020,BNH001,Family Room,2200000,Đang dọn
BNH001_R021,BNH001,Family Room,2200000,Đang sử dụng
BNH001_R022,BNH001,Connecting Room,2000000,Đang dọn
BNH001_R023,BNH001,Twin Room,1700000,Đang sử dụng
BNH001_R024,BNH001,Double Room,1700000,Trống
BNH001_R025,BNH001,Single Room,1000000,Trống
BNH001_R026,BNH001,Studio Room,1300000,Trống
BNH001_R027,BNH001,Accessible Room,1100000,Trống
BNH002_R001,BNH002,Standard Room,1200000,Đang dọn
BNH002_R002,BNH002,Standard Room,1200000,Đang sử dụng
BNH002_R003,BNH002,Standard Room,1200000,Đang sử dụng
BNH002_R004,BNH002,Standard Room,1200000,Đang sử dụng
BNH002_R005,BNH002,Standard Room,1200000,Đang sử dụng
BNH002_R006,BNH002,Standard Room,1200000,Đang dọn
BNH002_R007,BNH002,Standard Room,1200000,Đang sử dụng
BNH002_R008,BNH002,Standard Room,1200000,Đang sử dụng
BNH002_R009,BNH002,Standard Room,1200000,Trống
BNH002_R010,BNH002,Standard Room,1200000,Đang sử dụng
BNH002_R011,BNH002,Standard Room,1200000,Đang dọn
BNH002_R012,BNH002,Deluxe Room,1800000,Đang dọn
BNH002_R013,BNH002,Deluxe Room,1800000,Đang sử dụng
BNH002_R014,BNH002,Deluxe Room,1800000,Đang dọn
BNH002_R015,BNH002,Deluxe Room,1800000,Đang dọn
BNH002_R016,BNH002,Deluxe Room,1800000,Đang dọn
BNH002_R017,BNH002,Deluxe Room,1800000,Đang dọn
BNH002_R018,BNH002,Deluxe Room,1800000,Trống
BNH002_R019,BNH002,Deluxe Room,1800000,Đang dọn
BNH002_R020,BNH002,Superior Room,1500000,Trống
BNH002_R021,BNH002,Superior Room,1500000,Trống
BNH002_R022,BNH002,Superior Room,1500000,Trống
BNH002_R023,BNH002,Superior Room,1500000,Trống
BNH002_R024,BNH002,Superior Room,1500000,Trống
BNH002_R025,BNH002,Executive Room,2400000,Trống
BNH002_R026,BNH002,Executive Room,2400000,Trống
BNH002_R027,BNH002,Junior Suite,2800000,Trống
BNH002_R028,BNH002,Junior Suite,2800000,Đang sử dụng
BNH002_R029,BNH002,Suite,3500000,Trống
BNH002_R030,BNH002,Suite,3500000,Đang sử dụng
BNH002_R031,BNH002,Family Room,2200000,Đang dọn
BNH002_R032,BNH002,Family Room,2200000,Đang sử dụng
BNH002_R033,BNH002,Family Room,2200000,Đang sử dụng
BNH002_R034,BNH002,Connecting Room,2000000,Đang dọn
BNH002_R035,BNH002,Connecting Room,2000000,Trống
BNH002_R036,BNH002,Twin Room,1700000,Trống
BNH002_R037,BNH002,Twin Room,1700000,Đang dọn
BNH002_R038,BNH002,Double Room,1700000,Đang sử dụng
BNH002_R039,BNH002,Double Room,1700000,Đang sử dụng
BNH002_R040,BNH002,Single Room,1000000,Trống
BNH002_R041,BNH002,Studio Room,1300000,Trống
BNH002_R042,BNH002,Accessible Room,1100000,Đang sử dụng
BTE001_R001,BTE001,Standard Room,1200000,Đang dọn
BTE001_R002,BTE001,Standard Room,1200000,Đang sử dụng
BTE001_R003,BTE001,Standard Room,1200000,Đang dọn
BTE001_R004,BTE001,Standard Room,1200000,Đang sử dụng
BTE001_R005,BTE001,Standard Room,1200000,Trống
BTE001_R006,BTE001,Standard Room,1200000,Đang sử dụng
BTE001_R007,BTE001,Standard Room,1200000,Đang dọn
BTE001_R008,BTE001,Standard Room,1200000,Đang sử dụng
BTE001_R009,BTE001,Standard Room,1200000,Trống
BTE001_R010,BTE001,Deluxe Room,1800000,Trống
BTE001_R011,BTE001,Deluxe Room,1800000,Đang sử dụng
BTE001_R012,BTE001,Deluxe Room,1800000,Đang dọn
BTE001_R013,BTE001,Deluxe Room,1800000,Trống
BTE001_R014,BTE001,Deluxe Room,1800000,Trống
BTE001_R015,BTE001,Deluxe Room,1800000,Đang dọn
BTE001_R016,BTE001,Superior Room,1500000,Đang sử dụng
BTE001_R017,BTE001,Superior Room,1500000,Đang sử dụng
BTE001_R018,BTE001,Superior Room,1500000,Đang sử dụng
BTE001_R019,BTE001,Superior Room,1500000,Đang sử dụng
BTE001_R020,BTE001,Executive Room,2400000,Đang sử dụng
BTE001_R021,BTE001,Executive Room,2400000,Trống
BTE001_R022,BTE001,Junior Suite,2800000,Đang dọn
BTE001_R023,BTE001,Junior Suite,2800000,Trống
BTE001_R024,BTE001,Suite,3500000,Đang dọn
BTE001_R025,BTE001,Suite,3500000,Trống
BTE001_R026,BTE001,Family Room,2200000,Trống
BTE001_R027,BTE001,Family Room,2200000,Trống
BTE001_R028,BTE001,Connecting Room,2000000,Trống
BTE001_R029,BTE001,Connecting Room,2000000,Trống
BTE001_R030,BTE001,Twin Room,1700000,Đang dọn
BTE001_R031,BTE001,Double Room,1700000,Đang sử dụng
BTE001_R032,BTE001,Double Room,1700000,Đang sử dụng
BTE001_R033,BTE001,Single Room,1000000,Đang dọn
BTE001_R034,BTE001,Studio Room,1300000,Đang dọn
BTE001_R035,BTE001,Accessible Room,1100000,Đang sử dụng
BTE002_R001,BTE002,Standard Room,1200000,Đang dọn
BTE002_R002,BTE002,Standard Room,1200000,Đang sử dụng
BTE002_R003,BTE002,Standard Room,1200000,Đang dọn
BTE002_R004,BTE002,Standard Room,1200000,Đang dọn
BTE002_R005,BTE002,Standard Room,1200000,Đang sử dụng
BTE002_R006,BTE002,Deluxe Room,1800000,Đang sử dụng
BTE002_R007,BTE002,Deluxe Room,1800000,Trống
BTE002_R008,BTE002,Deluxe Room,1800000,Đang dọn
BTE002_R009,BTE002,Superior Room,1500000,Đang dọn
BTE002_R010,BTE002,Superior Room,1500000,Trống
BTE002_R011,BTE002,Executive Room,2400000,Đang sử dụng
BTE002_R012,BTE002,Junior Suite,2800000,Đang sử dụng
BTE002_R013,BTE002,Suite,3500000,Đang dọn
BTE002_R014,BTE002,Family Room,2200000,Đang sử dụng
BTE002_R015,BTE002,Connecting Room,2000000,Trống
BTE002_R016,BTE002,Twin Room,1700000,Đang sử dụng
BTE002_R017,BTE002,Double Room,1700000,Đang sử dụng
BDH001_R001,BDH001,Standard Room,1200000,Đang dọn
BDH001_R002,BDH001,Standard Room,1200000,Đang dọn
BDH001_R003,BDH001,Standard Room,1200000,Đang dọn
BDH001_R004,BDH001,Standard Room,1200000,Đang sử dụng
BDH001_R005,BDH001,Standard Room,1200000,Đang sử dụng
BDH001_R006,BDH001,Standard Room,1200000,Trống
BDH001_R007,BDH001,Standard Room,1200000,Đang dọn
BDH001_R008,BDH001,Deluxe Room,1800000,Đang sử dụng
BDH001_R009,BDH001,Deluxe Room,1800000,Trống
BDH001_R010,BDH001,Deluxe Room,1800000,Đang dọn
BDH001_R011,BDH001,Deluxe Room,1800000,Đang sử dụng
BDH001_R012,BDH001,Superior Room,1500000,Đang sử dụng
BDH001_R013,BDH001,Superior Room,1500000,Trống
BDH001_R014,BDH001,Superior Room,1500000,Đang sử dụng
BDH001_R015,BDH001,Executive Room,2400000,Đang sử dụng
BDH001_R016,BDH001,Junior Suite,2800000,Đang sử dụng
BDH001_R017,BDH001,Suite,3500000,Đang sử dụng
BDH001_R018,BDH001,Family Room,2200000,Trống
BDH001_R019,BDH001,Family Room,2200000,Đang sử dụng
BDH001_R020,BDH001,Connecting Room,2000000,Trống
BDH001_R021,BDH001,Twin Room,1700000,Trống
BDH001_R022,BDH001,Double Room,1700000,Đang sử dụng
BDH002_R001,BDH002,Standard Room,1200000,Đang sử dụng
BDH002_R002,BDH002,Standard Room,1200000,Trống
BDH002_R003,BDH002,Standard Room,1200000,Đang sử dụng
BDH002_R004,BDH002,Standard Room,1200000,Đang sử dụng
BDH002_R005,BDH002,Standard Room,1200000,Đang sử dụng
BDH002_R006,BDH002,Standard Room,1200000,Trống
BDH002_R007,BDH002,Standard Room,1200000,Đang dọn
BDH002_R008,BDH002,Deluxe Room,1800000,Đang dọn
BDH002_R009,BDH002,Deluxe Room,1800000,Trống
BDH002_R010,BDH002,Deluxe Room,1800000,Trống
BDH002_R011,BDH002,Deluxe Room,1800000,Đang sử dụng
BDH002_R012,BDH002,Deluxe Room,1800000,Trống
BDH002_R013,BDH002,Superior Room,1500000,Đang dọn
BDH002_R014,BDH002,Superior Room,1500000,Đang sử dụng
BDH002_R015,BDH002,Superior Room,1500000,Đang sử dụng
BDH002_R016,BDH002,Executive Room,2400000,Đang dọn
BDH002_R017,BDH002,Junior Suite,2800000,Trống
BDH002_R018,BDH002,Suite,3500000,Trống
BDH002_R019,BDH002,Family Room,2200000,Đang sử dụng
BDH002_R020,BDH002,Family Room,2200000,Đang dọn
BDH002_R021,BDH002,Connecting Room,2000000,Đang sử dụng
BDH002_R022,BDH002,Twin Room,1700000,Đang dọn
BDH002_R023,BDH002,Double Room,1700000,Đang dọn
BDG001_R001,BDG001,Standard Room,1200000,Trống
BDG001_R002,BDG001,Standard Room,1200000,Đang sử dụng
BDG001_R003,BDG001,Standard Room,1200000,Trống
BDG001_R004,BDG001,Standard Room,1200000,Trống
BDG001_R005,BDG001,Standard Room,1200000,Đang sử dụng
BDG001_R006,BDG001,Standard Room,1200000,Đang sử dụng
BDG001_R007,BDG001,Standard Room,1200000,Trống
BDG001_R008,BDG001,Standard Room,1200000,Đang sử dụng
BDG001_R009,BDG001,Standard Room,1200000,Đang dọn
BDG001_R010,BDG001,Standard Room,1200000,Đang dọn
BDG001_R011,BDG001,Standard Room,1200000,Đang dọn
BDG001_R012,BDG001,Deluxe Room,1800000,Đang dọn
BDG001_R013,BDG001,Deluxe Room,1800000,Đang sử dụng
BDG001_R014,BDG001,Deluxe Room,1800000,Trống
BDG001_R015,BDG001,Deluxe Room,1800000,Đang sử dụng
BDG001_R016,BDG001,Deluxe Room,1800000,Đang dọn
BDG001_R017,BDG001,Deluxe Room,1800000,Đang sử dụng
BDG001_R018,BDG001,Deluxe Room,1800000,Đang dọn
BDG001_R019,BDG001,Deluxe Room,1800000,Trống
BDG001_R020,BDG001,Superior Room,1500000,Đang sử dụng
BDG001_R021,BDG001,Superior Room,1500000,Trống
BDG001_R022,BDG001,Superior Room,1500000,Đang dọn
BDG001_R023,BDG001,Superior Room,1500000,Đang dọn
BDG001_R024,BDG001,Superior Room,1500000,Đang sử dụng
BDG001_R025,BDG001,Executive Room,2400000,Đang dọn
BDG001_R026,BDG001,Executive Room,2400000,Đang dọn
BDG001_R027,BDG001,Junior Suite,2800000,Trống
BDG001_R028,BDG001,Junior Suite,2800000,Trống
BDG001_R029,BDG001,Suite,3500000,Đang sử dụng
BDG001_R030,BDG001,Suite,3500000,Đang sử dụng
BDG001_R031,BDG001,Family Room,2200000,Đang dọn
BDG001_R032,BDG001,Family Room,2200000,Đang dọn
BDG001_R033,BDG001,Family Room,2200000,Đang sử dụng
BDG001_R034,BDG001,Connecting Room,2000000,Đang dọn
BDG001_R035,BDG001,Connecting Room,2000000,Đang dọn
BDG001_R036,BDG001,Twin Room,1700000,Trống
BDG001_R037,BDG001,Twin Room,1700000,Đang sử dụng
BDG001_R038,BDG001,Double Room,1700000,Đang dọn
BDG001_R039,BDG001,Double Room,1700000,Đang dọn
BDG001_R040,BDG001,Single Room,1000000,Đang dọn
BDG001_R041,BDG001,Studio Room,1300000,Trống
BDG001_R042,BDG001,Accessible Room,1100000,Trống
BDG002_R001,BDG002,Standard Room,1200000,Đang dọn
BDG002_R002,BDG002,Standard Room,1200000,Đang dọn
BDG002_R003,BDG002,Standard Room,1200000,Trống
BDG002_R004,BDG002,Deluxe Room,1800000,Đang dọn
BDG002_R005,BDG002,Deluxe Room,1800000,Trống
BDG002_R006,BDG002,Superior Room,1500000,Đang dọn
BDG002_R007,BDG002,Family Room,2200000,Trống
BTN001_R001,BTN001,Standard Room,1200000,Trống
BTN001_R002,BTN001,Standard Room,1200000,Đang dọn
BTN001_R003,BTN001,Standard Room,1200000,Đang sử dụng
BTN001_R004,BTN001,Standard Room,1200000,Đang dọn
BTN001_R005,BTN001,Standard Room,1200000,Đang sử dụng
BTN001_R006,BTN001,Deluxe Room,1800000,Đang dọn
BTN001_R007,BTN001,Deluxe Room,1800000,Trống
BTN001_R008,BTN001,Deluxe Room,1800000,Trống
BTN001_R009,BTN001,Superior Room,1500000,Đang dọn
BTN001_R010,BTN001,Superior Room,1500000,Đang sử dụng
BTN001_R011,BTN001,Executive Room,2400000,Trống
BTN001_R012,BTN001,Junior Suite,2800000,Đang dọn
BTN001_R013,BTN001,Suite,3500000,Trống
BTN001_R014,BTN001,Family Room,2200000,Trống
BTN001_R015,BTN001,Connecting Room,2000000,Đang dọn
BTN001_R016,BTN001,Twin Room,1700000,Đang dọn
BTN001_R017,BTN001,Double Room,1700000,Đang sử dụng
BTN002_R001,BTN002,Standard Room,1200000,Đang dọn
BTN002_R002,BTN002,Standard Room,1200000,Đang sử dụng
BTN002_R003,BTN002,Standard Room,1200000,Trống
BTN002_R004,BTN002,Standard Room,1200000,Trống
BTN002_R005,BTN002,Standard Room,1200000,Trống
BTN002_R006,BTN002,Standard Room,1200000,Đang sử dụng
BTN002_R007,BTN002,Standard Room,1200000,Đang dọn
BTN002_R008,BTN002,Standard Room,1200000,Trống
BTN002_R009,BTN002,Deluxe Room,1800000,Đang sử dụng
BTN002_R010,BTN002,Deluxe Room,1800000,Trống
BTN002_R011,BTN002,Deluxe Room,1800000,Đang sử dụng
BTN002_R012,BTN002,Deluxe Room,1800000,Trống
BTN002_R013,BTN002,Deluxe Room,1800000,Đang dọn
BTN002_R014,BTN002,Superior Room,1500000,Đang sử dụng
BTN002_R015,BTN002,Superior Room,1500000,Đang sử dụng
BTN002_R016,BTN002,Superior Room,1500000,Đang dọn
BTN002_R017,BTN002,Executive Room,2400000,Trống
BTN002_R018,BTN002,Junior Suite,2800000,Đang sử dụng
BTN002_R019,BTN002,Suite,3500000,Trống
BTN002_R020,BTN002,Family Room,2200000,Đang dọn
BTN002_R021,BTN002,Family Room,2200000,Trống
BTN002_R022,BTN002,Connecting Room,2000000,Trống
BTN002_R023,BTN002,Twin Room,1700000,Đang sử dụng
BTN002_R024,BTN002,Double Room,1700000,Đang sử dụng
BTN002_R025,BTN002,Single Room,1000000,Trống
BTN002_R026,BTN002,Studio Room,1300000,Trống
BTN002_R027,BTN002,Accessible Room,1100000,Đang sử dụng
CMU001_R001,CMU001,Standard Room,1200000,Trống
CMU001_R002,CMU001,Standard Room,1200000,Trống
CMU001_R003,CMU001,Standard Room,1200000,Trống
CMU001_R004,CMU001,Standard Room,1200000,Đang dọn
CMU001_R005,CMU001,Standard Room,1200000,Đang dọn
CMU001_R006,CMU001,Standard Room,1200000,Đang dọn
CMU001_R007,CMU001,Standard Room,1200000,Đang sử dụng
CMU001_R008,CMU001,Standard Room,1200000,Đang dọn
CMU001_R009,CMU001,Standard Room,1200000,Đang dọn
CMU001_R010,CMU001,Deluxe Room,1800000,Đang sử dụng
CMU001_R011,CMU001,Deluxe Room,1800000,Đang dọn
CMU001_R012,CMU001,Deluxe Room,1800000,Đang dọn
CMU001_R013,CMU001,Deluxe Room,1800000,Trống
CMU001_R014,CMU001,Deluxe Room,1800000,Trống
CMU001_R015,CMU001,Deluxe Room,1800000,Trống
CMU001_R016,CMU001,Superior Room,1500000,Đang sử dụng
CMU001_R017,CMU001,Superior Room,1500000,Đang dọn
CMU001_R018,CMU001,Superior Room,1500000,Đang dọn
CMU001_R019,CMU001,Superior Room,1500000,Đang sử dụng
CMU001_R020,CMU001,Executive Room,2400000,Trống
CMU001_R021,CMU001,Executive Room,2400000,Trống
CMU001_R022,CMU001,Junior Suite,2800000,Trống
CMU001_R023,CMU001,Junior Suite,2800000,Trống
CMU001_R024,CMU001,Suite,3500000,Đang sử dụng
CMU001_R025,CMU001,Suite,3500000,Đang dọn
CMU001_R026,CMU001,Family Room,2200000,Đang sử dụng
CMU001_R027,CMU001,Family Room,2200000,Đang sử dụng
CMU001_R028,CMU001,Connecting Room,2000000,Đang sử dụng
CMU001_R029,CMU001,Connecting Room,2000000,Đang dọn
CMU001_R030,CMU001,Twin Room,1700000,Trống
CMU001_R031,CMU001,Double Room,1700000,Đang dọn
CMU001_R032,CMU001,Double Room,1700000,Trống
CMU001_R033,CMU001,Single Room,1000000,Trống
CMU001_R034,CMU001,Studio Room,1300000,Đang sử dụng
CMU001_R035,CMU001,Accessible Room,1100000,Đang dọn
CMU002_R001,CMU002,Standard Room,1200000,Trống
CMU002_R002,CMU002,Standard Room,1200000,Trống
CMU002_R003,CMU002,Standard Room,1200000,Trống
CMU002_R004,CMU002,Standard Room,1200000,Trống
CMU002_R005,CMU002,Standard Room,1200000,Đang sử dụng
CMU002_R006,CMU002,Standard Room,1200000,Trống
CMU002_R007,CMU002,Standard Room,1200000,Đang sử dụng
CMU002_R008,CMU002,Standard Room,1200000,Đang dọn
CMU002_R009,CMU002,Standard Room,1200000,Đang sử dụng
CMU002_R010,CMU002,Deluxe Room,1800000,Đang dọn
CMU002_R011,CMU002,Deluxe Room,1800000,Đang sử dụng
CMU002_R012,CMU002,Deluxe Room,1800000,Đang sử dụng
CMU002_R013,CMU002,Deluxe Room,1800000,Đang sử dụng
CMU002_R014,CMU002,Deluxe Room,1800000,Trống
CMU002_R015,CMU002,Deluxe Room,1800000,Đang sử dụng
CMU002_R016,CMU002,Superior Room,1500000,Đang dọn
CMU002_R017,CMU002,Superior Room,1500000,Trống
CMU002_R018,CMU002,Superior Room,1500000,Đang dọn
CMU002_R019,CMU002,Superior Room,1500000,Trống
CMU002_R020,CMU002,Executive Room,2400000,Đang dọn
CMU002_R021,CMU002,Executive Room,2400000,Đang dọn
CMU002_R022,CMU002,Junior Suite,2800000,Đang sử dụng
CMU002_R023,CMU002,Junior Suite,2800000,Trống
CMU002_R024,CMU002,Suite,3500000,Đang sử dụng
CMU002_R025,CMU002,Suite,3500000,Trống
CMU002_R026,CMU002,Family Room,2200000,Đang sử dụng
CMU002_R027,CMU002,Family Room,2200000,Trống
CMU002_R028,CMU002,Connecting Room,2000000,Đang sử dụng
CMU002_R029,CMU002,Connecting Room,2000000,Đang sử dụng
CMU002_R030,CMU002,Twin Room,1700000,Đang dọn
CMU002_R031,CMU002,Double Room,1700000,Trống
CMU002_R032,CMU002,Double Room,1700000,Trống
CMU002_R033,CMU002,Single Room,1000000,Trống
CMU002_R034,CMU002,Studio Room,1300000,Đang dọn
CMU002_R035,CMU002,Accessible Room,1100000,Đang sử dụng
CTO001_R001,CTO001,Standard Room,1200000,Đang sử dụng
CTO001_R002,CTO001,Standard Room,1200000,Đang dọn
CTO001_R003,CTO001,Standard Room,1200000,Trống
CTO001_R004,CTO001,Standard Room,1200000,Đang sử dụng
CTO001_R005,CTO001,Standard Room,1200000,Đang sử dụng
CTO001_R006,CTO001,Standard Room,1200000,Đang sử dụng
CTO001_R007,CTO001,Standard Room,1200000,Đang sử dụng
CTO001_R008,CTO001,Standard Room,1200000,Trống
CTO001_R009,CTO001,Deluxe Room,1800000,Trống
CTO001_R010,CTO001,Deluxe Room,1800000,Đang sử dụng
CTO001_R011,CTO001,Deluxe Room,1800000,Trống
CTO001_R012,CTO001,Deluxe Room,1800000,Trống
CTO001_R013,CTO001,Deluxe Room,1800000,Đang sử dụng
CTO001_R014,CTO001,Deluxe Room,1800000,Trống
CTO001_R015,CTO001,Superior Room,1500000,Đang sử dụng
CTO001_R016,CTO001,Superior Room,1500000,Trống
CTO001_R017,CTO001,Superior Room,1500000,Đang dọn
CTO001_R018,CTO001,Executive Room,2400000,Trống
CTO001_R019,CTO001,Junior Suite,2800000,Đang dọn
CTO001_R020,CTO001,Suite,3500000,Đang sử dụng
CTO001_R021,CTO001,Family Room,2200000,Trống
CTO001_R022,CTO001,Family Room,2200000,Đang sử dụng
CTO001_R023,CTO001,Connecting Room,2000000,Trống
CTO001_R024,CTO001,Twin Room,1700000,Đang dọn
CTO001_R025,CTO001,Double Room,1700000,Trống
CTO001_R026,CTO001,Single Room,1000000,Đang sử dụng
CTO001_R027,CTO001,Studio Room,1300000,Trống
CTO001_R028,CTO001,Accessible Room,1100000,Trống
CTO002_R001,CTO002,Standard Room,1200000,Đang sử dụng
CTO002_R002,CTO002,Standard Room,1200000,Đang dọn
CTO002_R003,CTO002,Standard Room,1200000,Trống
CTO002_R004,CTO002,Standard Room,1200000,Đang sử dụng
CTO002_R005,CTO002,Standard Room,1200000,Trống
CTO002_R006,CTO002,Deluxe Room,1800000,Đang dọn
CTO002_R007,CTO002,Deluxe Room,1800000,Trống
CTO002_R008,CTO002,Deluxe Room,1800000,Đang dọn
CTO002_R009,CTO002,Superior Room,1500000,Đang dọn
CTO002_R010,CTO002,Superior Room,1500000,Trống
CTO002_R011,CTO002,Executive Room,2400000,Đang dọn
CTO002_R012,CTO002,Junior Suite,2800000,Trống
CTO002_R013,CTO002,Suite,3500000,Đang sử dụng
CTO002_R014,CTO002,Family Room,2200000,Trống
CTO002_R015,CTO002,Connecting Room,2000000,Đang dọn
CTO002_R016,CTO002,Twin Room,1700000,Đang sử dụng
CTO002_R017,CTO002,Double Room,1700000,Trống
CBG001_R001,CBG001,Standard Room,1200000,Trống
CBG001_R002,CBG001,Standard Room,1200000,Trống
CBG001_R003,CBG001,Standard Room,1200000,Đang dọn
CBG001_R004,CBG001,Standard Room,1200000,Đang dọn
CBG001_R005,CBG001,Standard Room,1200000,Đang sử dụng
CBG001_R006,CBG001,Deluxe Room,1800000,Đang sử dụng
CBG001_R007,CBG001,Deluxe Room,1800000,Trống
CBG001_R008,CBG001,Deluxe Room,1800000,Đang sử dụng
CBG001_R009,CBG001,Superior Room,1500000,Đang sử dụng
CBG001_R010,CBG001,Superior Room,1500000,Trống
CBG001_R011,CBG001,Executive Room,2400000,Đang dọn
CBG001_R012,CBG001,Junior Suite,2800000,Đang sử dụng
CBG001_R013,CBG001,Suite,3500000,Trống
CBG001_R014,CBG001,Family Room,2200000,Đang dọn
CBG001_R015,CBG001,Connecting Room,2000000,Đang dọn
CBG001_R016,CBG001,Twin Room,1700000,Trống
CBG001_R017,CBG001,Double Room,1700000,Đang sử dụng
CBG002_R001,CBG002,Standard Room,1200000,Trống
CBG002_R002,CBG002,Standard Room,1200000,Trống
CBG002_R003,CBG002,Standard Room,1200000,Đang dọn
CBG002_R004,CBG002,Standard Room,1200000,Đang sử dụng
CBG002_R005,CBG002,Standard Room,1200000,Đang dọn
CBG002_R006,CBG002,Standard Room,1200000,Đang sử dụng
CBG002_R007,CBG002,Standard Room,1200000,Đang dọn
CBG002_R008,CBG002,Deluxe Room,1800000,Đang sử dụng
CBG002_R009,CBG002,Deluxe Room,1800000,Trống
CBG002_R010,CBG002,Deluxe Room,1800000,Trống
CBG002_R011,CBG002,Deluxe Room,1800000,Trống
CBG002_R012,CBG002,Deluxe Room,1800000,Đang sử dụng
CBG002_R013,CBG002,Superior Room,1500000,Đang sử dụng
CBG002_R014,CBG002,Superior Room,1500000,Đang dọn
CBG002_R015,CBG002,Superior Room,1500000,Đang sử dụng
CBG002_R016,CBG002,Executive Room,2400000,Đang dọn
CBG002_R017,CBG002,Junior Suite,2800000,Trống
CBG002_R018,CBG002,Suite,3500000,Đang dọn
CBG002_R019,CBG002,Family Room,2200000,Đang dọn
CBG002_R020,CBG002,Family Room,2200000,Đang sử dụng
CBG002_R021,CBG002,Connecting Room,2000000,Đang sử dụng
CBG002_R022,CBG002,Twin Room,1700000,Trống
CBG002_R023,CBG002,Double Room,1700000,Đang dọn
DNG001_R001,DNG001,Standard Room,1200000,Đang sử dụng
DNG001_R002,DNG001,Standard Room,1200000,Đang sử dụng
DNG001_R003,DNG001,Standard Room,1200000,Đang sử dụng
DNG001_R004,DNG001,Standard Room,1200000,Đang sử dụng
DNG001_R005,DNG001,Deluxe Room,1800000,Đang dọn
DNG001_R006,DNG001,Deluxe Room,1800000,Đang dọn
DNG001_R007,DNG001,Deluxe Room,1800000,Đang sử dụng
DNG001_R008,DNG001,Superior Room,1500000,Trống
DNG001_R009,DNG001,Superior Room,1500000,Đang sử dụng
DNG001_R010,DNG001,Executive Room,2400000,Đang sử dụng
DNG001_R011,DNG001,Junior Suite,2800000,Đang dọn
DNG001_R012,DNG001,Suite,3500000,Đang sử dụng
DNG001_R013,DNG001,Family Room,2200000,Đang dọn
DNG001_R014,DNG001,Connecting Room,2000000,Đang dọn
DNG001_R015,DNG001,Twin Room,1700000,Trống
DNG001_R016,DNG001,Double Room,1700000,Đang dọn
DNG002_R001,DNG002,Standard Room,1200000,Trống
DNG002_R002,DNG002,Standard Room,1200000,Trống
DNG002_R003,DNG002,Standard Room,1200000,Đang sử dụng
DNG002_R004,DNG002,Standard Room,1200000,Đang dọn
DNG002_R005,DNG002,Standard Room,1200000,Đang sử dụng
DNG002_R006,DNG002,Standard Room,1200000,Đang sử dụng
DNG002_R007,DNG002,Standard Room,1200000,Trống
DNG002_R008,DNG002,Deluxe Room,1800000,Đang dọn
DNG002_R009,DNG002,Deluxe Room,1800000,Đang dọn
DNG002_R010,DNG002,Deluxe Room,1800000,Trống
DNG002_R011,DNG002,Deluxe Room,1800000,Đang dọn
DNG002_R012,DNG002,Deluxe Room,1800000,Đang sử dụng
DNG002_R013,DNG002,Superior Room,1500000,Trống
DNG002_R014,DNG002,Superior Room,1500000,Trống
DNG002_R015,DNG002,Superior Room,1500000,Trống
DNG002_R016,DNG002,Executive Room,2400000,Đang dọn
DNG002_R017,DNG002,Junior Suite,2800000,Đang sử dụng
DNG002_R018,DNG002,Suite,3500000,Đang dọn
DNG002_R019,DNG002,Family Room,2200000,Trống
DNG002_R020,DNG002,Family Room,2200000,Trống
DNG002_R021,DNG002,Connecting Room,2000000,Trống
DNG002_R022,DNG002,Twin Room,1700000,Đang dọn
DNG002_R023,DNG002,Double Room,1700000,Đang sử dụng
DNG003_R001,DNG003,Standard Room,1200000,Trống
DNG003_R002,DNG003,Standard Room,1200000,Đang sử dụng
DNG003_R003,DNG003,Standard Room,1200000,Trống
DNG003_R004,DNG003,Standard Room,1200000,Đang dọn
DNG003_R005,DNG003,Standard Room,1200000,Trống
DNG003_R006,DNG003,Standard Room,1200000,Đang dọn
DNG003_R007,DNG003,Deluxe Room,1800000,Trống
DNG003_R008,DNG003,Deluxe Room,1800000,Đang sử dụng
DNG003_R009,DNG003,Deluxe Room,1800000,Đang sử dụng
DNG003_R010,DNG003,Deluxe Room,1800000,Đang sử dụng
DNG003_R011,DNG003,Superior Room,1500000,Trống
DNG003_R012,DNG003,Superior Room,1500000,Đang dọn
DNG003_R013,DNG003,Executive Room,2400000,Đang sử dụng
DNG003_R014,DNG003,Junior Suite,2800000,Trống
DNG003_R015,DNG003,Suite,3500000,Đang dọn
DNG003_R016,DNG003,Family Room,2200000,Đang sử dụng
DNG003_R017,DNG003,Connecting Room,2000000,Đang sử dụng
DNG003_R018,DNG003,Twin Room,1700000,Trống
DNG003_R019,DNG003,Double Room,1700000,Đang dọn
DLK001_R001,DLK001,Standard Room,1200000,Trống
DLK001_R002,DLK001,Standard Room,1200000,Đang sử dụng
DLK001_R003,DLK001,Standard Room,1200000,Đang dọn
DLK001_R004,DLK001,Standard Room,1200000,Trống
DLK001_R005,DLK001,Standard Room,1200000,Đang dọn
DLK001_R006,DLK001,Standard Room,1200000,Đang dọn
DLK001_R007,DLK001,Standard Room,1200000,Đang sử dụng
DLK001_R008,DLK001,Standard Room,1200000,Đang dọn
DLK001_R009,DLK001,Standard Room,1200000,Đang dọn
DLK001_R010,DLK001,Standard Room,1200000,Trống
DLK001_R011,DLK001,Standard Room,1200000,Đang dọn
DLK001_R012,DLK001,Deluxe Room,1800000,Đang sử dụng
DLK001_R013,DLK001,Deluxe Room,1800000,Trống
DLK001_R014,DLK001,Deluxe Room,1800000,Trống
DLK001_R015,DLK001,Deluxe Room,1800000,Trống
DLK001_R016,DLK001,Deluxe Room,1800000,Đang dọn
DLK001_R017,DLK001,Deluxe Room,1800000,Đang dọn
DLK001_R018,DLK001,Deluxe Room,1800000,Đang sử dụng
DLK001_R019,DLK001,Superior Room,1500000,Đang dọn
DLK001_R020,DLK001,Superior Room,1500000,Đang dọn
DLK001_R021,DLK001,Superior Room,1500000,Trống
DLK001_R022,DLK001,Superior Room,1500000,Trống
DLK001_R023,DLK001,Executive Room,2400000,Trống
DLK001_R024,DLK001,Executive Room,2400000,Trống
DLK001_R025,DLK001,Junior Suite,2800000,Trống
DLK001_R026,DLK001,Junior Suite,2800000,Đang sử dụng
DLK001_R027,DLK001,Suite,3500000,Trống
DLK001_R028,DLK001,Suite,3500000,Trống
DLK001_R029,DLK001,Family Room,2200000,Đang dọn
DLK001_R030,DLK001,Family Room,2200000,Đang sử dụng
DLK001_R031,DLK001,Family Room,2200000,Đang dọn
DLK001_R032,DLK001,Connecting Room,2000000,Trống
DLK001_R033,DLK001,Connecting Room,2000000,Đang sử dụng
DLK001_R034,DLK001,Twin Room,1700000,Trống
DLK001_R035,DLK001,Double Room,1700000,Trống
DLK001_R036,DLK001,Double Room,1700000,Đang sử dụng
DLK001_R037,DLK001,Single Room,1000000,Đang sử dụng
DLK001_R038,DLK001,Studio Room,1300000,Trống
DLK001_R039,DLK001,Accessible Room,1100000,Đang sử dụng
DLK002_R001,DLK002,Standard Room,1200000,Trống
DLK002_R002,DLK002,Standard Room,1200000,Đang dọn
DLK002_R003,DLK002,Standard Room,1200000,Trống
DLK002_R004,DLK002,Standard Room,1200000,Đang sử dụng
DLK002_R005,DLK002,Standard Room,1200000,Đang dọn
DLK002_R006,DLK002,Standard Room,1200000,Trống
DLK002_R007,DLK002,Standard Room,1200000,Đang dọn
DLK002_R008,DLK002,Standard Room,1200000,Đang dọn
DLK002_R009,DLK002,Standard Room,1200000,Đang sử dụng
DLK002_R010,DLK002,Standard Room,1200000,Đang sử dụng
DLK002_R011,DLK002,Deluxe Room,1800000,Trống
DLK002_R012,DLK002,Deluxe Room,1800000,Đang dọn
DLK002_R013,DLK002,Deluxe Room,1800000,Trống
DLK002_R014,DLK002,Deluxe Room,1800000,Đang sử dụng
DLK002_R015,DLK002,Deluxe Room,1800000,Đang dọn
DLK002_R016,DLK002,Deluxe Room,1800000,Đang dọn
DLK002_R017,DLK002,Deluxe Room,1800000,Đang dọn
DLK002_R018,DLK002,Superior Room,1500000,Đang sử dụng
DLK002_R019,DLK002,Superior Room,1500000,Đang dọn
DLK002_R020,DLK002,Superior Room,1500000,Đang sử dụng
DLK002_R021,DLK002,Superior Room,1500000,Đang dọn
DLK002_R022,DLK002,Executive Room,2400000,Đang dọn
DLK002_R023,DLK002,Executive Room,2400000,Đang dọn
DLK002_R024,DLK002,Junior Suite,2800000,Đang sử dụng
DLK002_R025,DLK002,Junior Suite,2800000,Đang sử dụng
DLK002_R026,DLK002,Suite,3500000,Trống
DLK002_R027,DLK002,Suite,3500000,Trống
DLK002_R028,DLK002,Family Room,2200000,Đang sử dụng
DLK002_R029,DLK002,Family Room,2200000,Đang dọn
DLK002_R030,DLK002,Connecting Room,2000000,Đang dọn
DLK002_R031,DLK002,Connecting Room,2000000,Đang dọn
DLK002_R032,DLK002,Twin Room,1700000,Đang sử dụng
DLK002_R033,DLK002,Double Room,1700000,Đang dọn
DLK002_R034,DLK002,Double Room,1700000,Trống
DLK002_R035,DLK002,Single Room,1000000,Trống
DLK002_R036,DLK002,Studio Room,1300000,Đang dọn
DLK002_R037,DLK002,Accessible Room,1100000,Đang sử dụng
DNO001_R001,DNO001,Standard Room,1200000,Đang sử dụng
DNO001_R002,DNO001,Standard Room,1200000,Đang dọn
DNO001_R003,DNO001,Standard Room,1200000,Đang sử dụng
DNO001_R004,DNO001,Standard Room,1200000,Đang sử dụng
DNO001_R005,DNO001,Standard Room,1200000,Trống
DNO001_R006,DNO001,Standard Room,1200000,Trống
DNO001_R007,DNO001,Standard Room,1200000,Đang sử dụng
DNO001_R008,DNO001,Standard Room,1200000,Đang sử dụng
DNO001_R009,DNO001,Deluxe Room,1800000,Đang sử dụng
DNO001_R010,DNO001,Deluxe Room,1800000,Đang dọn
DNO001_R011,DNO001,Deluxe Room,1800000,Đang sử dụng
DNO001_R012,DNO001,Deluxe Room,1800000,Đang sử dụng
DNO001_R013,DNO001,Deluxe Room,1800000,Trống
DNO001_R014,DNO001,Superior Room,1500000,Trống
DNO001_R015,DNO001,Superior Room,1500000,Đang sử dụng
DNO001_R016,DNO001,Superior Room,1500000,Đang dọn
DNO001_R017,DNO001,Executive Room,2400000,Trống
DNO001_R018,DNO001,Junior Suite,2800000,Đang sử dụng
DNO001_R019,DNO001,Suite,3500000,Đang dọn
DNO001_R020,DNO001,Family Room,2200000,Đang sử dụng
DNO001_R021,DNO001,Family Room,2200000,Trống
DNO001_R022,DNO001,Connecting Room,2000000,Đang dọn
DNO001_R023,DNO001,Twin Room,1700000,Đang dọn
DNO001_R024,DNO001,Double Room,1700000,Đang dọn
DNO001_R025,DNO001,Single Room,1000000,Trống
DNO001_R026,DNO001,Studio Room,1300000,Trống
DNO001_R027,DNO001,Accessible Room,1100000,Đang sử dụng
DNO002_R001,DNO002,Standard Room,1200000,Đang dọn
DNO002_R002,DNO002,Standard Room,1200000,Trống
DNO002_R003,DNO002,Standard Room,1200000,Đang sử dụng
DNO002_R004,DNO002,Standard Room,1200000,Trống
DNO002_R005,DNO002,Standard Room,1200000,Đang dọn
DNO002_R006,DNO002,Standard Room,1200000,Trống
DNO002_R007,DNO002,Standard Room,1200000,Trống
DNO002_R008,DNO002,Deluxe Room,1800000,Trống
DNO002_R009,DNO002,Deluxe Room,1800000,Đang dọn
DNO002_R010,DNO002,Deluxe Room,1800000,Trống
DNO002_R011,DNO002,Deluxe Room,1800000,Trống
DNO002_R012,DNO002,Deluxe Room,1800000,Đang sử dụng
DNO002_R013,DNO002,Superior Room,1500000,Trống
DNO002_R014,DNO002,Superior Room,1500000,Đang dọn
DNO002_R015,DNO002,Superior Room,1500000,Trống
DNO002_R016,DNO002,Executive Room,2400000,Đang dọn
DNO002_R017,DNO002,Junior Suite,2800000,Trống
DNO002_R018,DNO002,Suite,3500000,Đang dọn
DNO002_R019,DNO002,Family Room,2200000,Đang sử dụng
DNO002_R020,DNO002,Family Room,2200000,Trống
DNO002_R021,DNO002,Connecting Room,2000000,Trống
DNO002_R022,DNO002,Twin Room,1700000,Đang sử dụng
DNO002_R023,DNO002,Double Room,1700000,Đang dọn
DBI001_R001,DBI001,Standard Room,1200000,Đang dọn
DBI001_R002,DBI001,Standard Room,1200000,Đang sử dụng
DBI001_R003,DBI001,Standard Room,1200000,Đang dọn
DBI001_R004,DBI001,Standard Room,1200000,Đang sử dụng
DBI001_R005,DBI001,Standard Room,1200000,Đang dọn
DBI001_R006,DBI001,Standard Room,1200000,Đang dọn
DBI001_R007,DBI001,Standard Room,1200000,Đang dọn
DBI001_R008,DBI001,Standard Room,1200000,Trống
DBI001_R009,DBI001,Deluxe Room,1800000,Đang dọn
DBI001_R010,DBI001,Deluxe Room,1800000,Trống
DBI001_R011,DBI001,Deluxe Room,1800000,Đang dọn
DBI001_R012,DBI001,Deluxe Room,1800000,Đang dọn
DBI001_R013,DBI001,Deluxe Room,1800000,Đang sử dụng
DBI001_R014,DBI001,Superior Room,1500000,Trống
DBI001_R015,DBI001,Superior Room,1500000,Đang dọn
DBI001_R016,DBI001,Superior Room,1500000,Đang sử dụng
DBI001_R017,DBI001,Executive Room,2400000,Đang dọn
DBI001_R018,DBI001,Junior Suite,2800000,Trống
DBI001_R019,DBI001,Suite,3500000,Trống
DBI001_R020,DBI001,Family Room,2200000,Trống
DBI001_R021,DBI001,Family Room,2200000,Đang dọn
DBI001_R022,DBI001,Connecting Room,2000000,Trống
DBI001_R023,DBI001,Twin Room,1700000,Đang sử dụng
DBI001_R024,DBI001,Double Room,1700000,Đang sử dụng
DBI001_R025,DBI001,Single Room,1000000,Đang sử dụng
DBI001_R026,DBI001,Studio Room,1300000,Đang dọn
DBI001_R027,DBI001,Accessible Room,1100000,Đang dọn
DBI002_R001,DBI002,Standard Room,1200000,Đang sử dụng
DBI002_R002,DBI002,Standard Room,1200000,Đang sử dụng
DBI002_R003,DBI002,Standard Room,1200000,Đang dọn
DBI002_R004,DBI002,Standard Room,1200000,Đang dọn
DBI002_R005,DBI002,Standard Room,1200000,Đang dọn
DBI002_R006,DBI002,Standard Room,1200000,Trống
DBI002_R007,DBI002,Standard Room,1200000,Trống
DBI002_R008,DBI002,Standard Room,1200000,Đang sử dụng
DBI002_R009,DBI002,Deluxe Room,1800000,Trống
DBI002_R010,DBI002,Deluxe Room,1800000,Trống
DBI002_R011,DBI002,Deluxe Room,1800000,Đang dọn
DBI002_R012,DBI002,Deluxe Room,1800000,Trống
DBI002_R013,DBI002,Deluxe Room,1800000,Đang dọn
DBI002_R014,DBI002,Superior Room,1500000,Đang dọn
DBI002_R015,DBI002,Superior Room,1500000,Trống
DBI002_R016,DBI002,Superior Room,1500000,Đang sử dụng
DBI002_R017,DBI002,Executive Room,2400000,Đang dọn
DBI002_R018,DBI002,Junior Suite,2800000,Đang dọn
DBI002_R019,DBI002,Suite,3500000,Trống
DBI002_R020,DBI002,Family Room,2200000,Đang sử dụng
DBI002_R021,DBI002,Family Room,2200000,Trống
DBI002_R022,DBI002,Connecting Room,2000000,Đang dọn
DBI002_R023,DBI002,Twin Room,1700000,Trống
DBI002_R024,DBI002,Double Room,1700000,Đang dọn
DBI002_R025,DBI002,Single Room,1000000,Trống
DBI002_R026,DBI002,Studio Room,1300000,Đang sử dụng
DBI002_R027,DBI002,Accessible Room,1100000,Trống
DNA001_R001,DNA001,Standard Room,1200000,Trống
DNA001_R002,DNA001,Standard Room,1200000,Trống
DNA001_R003,DNA001,Standard Room,1200000,Trống
DNA001_R004,DNA001,Standard Room,1200000,Đang dọn
DNA001_R005,DNA001,Deluxe Room,1800000,Trống
DNA001_R006,DNA001,Deluxe Room,1800000,Trống
DNA001_R007,DNA001,Superior Room,1500000,Đang sử dụng
DNA001_R008,DNA001,Executive Room,2400000,Trống
DNA001_R009,DNA001,Junior Suite,2800000,Đang sử dụng
DNA001_R010,DNA001,Suite,3500000,Đang sử dụng
DNA001_R011,DNA001,Family Room,2200000,Trống
DNA001_R012,DNA001,Connecting Room,2000000,Đang sử dụng
DNA001_R013,DNA001,Double Room,1700000,Trống
DNA002_R001,DNA002,Standard Room,1200000,Đang dọn
DNA002_R002,DNA002,Standard Room,1200000,Trống
DNA002_R003,DNA002,Standard Room,1200000,Đang sử dụng
DNA002_R004,DNA002,Standard Room,1200000,Trống
DNA002_R005,DNA002,Standard Room,1200000,Trống
DNA002_R006,DNA002,Standard Room,1200000,Đang sử dụng
DNA002_R007,DNA002,Standard Room,1200000,Đang sử dụng
DNA002_R008,DNA002,Standard Room,1200000,Trống
DNA002_R009,DNA002,Standard Room,1200000,Trống
DNA002_R010,DNA002,Standard Room,1200000,Đang dọn
DNA002_R011,DNA002,Deluxe Room,1800000,Trống
DNA002_R012,DNA002,Deluxe Room,1800000,Trống
DNA002_R013,DNA002,Deluxe Room,1800000,Đang dọn
DNA002_R014,DNA002,Deluxe Room,1800000,Trống
DNA002_R015,DNA002,Deluxe Room,1800000,Trống
DNA002_R016,DNA002,Deluxe Room,1800000,Trống
DNA002_R017,DNA002,Deluxe Room,1800000,Đang sử dụng
DNA002_R018,DNA002,Superior Room,1500000,Trống
DNA002_R019,DNA002,Superior Room,1500000,Đang dọn
DNA002_R020,DNA002,Superior Room,1500000,Đang dọn
DNA002_R021,DNA002,Superior Room,1500000,Đang sử dụng
DNA002_R022,DNA002,Executive Room,2400000,Đang sử dụng
DNA002_R023,DNA002,Executive Room,2400000,Trống
DNA002_R024,DNA002,Junior Suite,2800000,Đang sử dụng
DNA002_R025,DNA002,Junior Suite,2800000,Trống
DNA002_R026,DNA002,Suite,3500000,Đang dọn
DNA002_R027,DNA002,Suite,3500000,Đang sử dụng
DNA002_R028,DNA002,Family Room,2200000,Đang dọn
DNA002_R029,DNA002,Family Room,2200000,Đang dọn
DNA002_R030,DNA002,Connecting Room,2000000,Trống
DNA002_R031,DNA002,Connecting Room,2000000,Trống
DNA002_R032,DNA002,Twin Room,1700000,Đang dọn
DNA002_R033,DNA002,Double Room,1700000,Đang sử dụng
DNA002_R034,DNA002,Double Room,1700000,Đang dọn
DNA002_R035,DNA002,Single Room,1000000,Đang sử dụng
DNA002_R036,DNA002,Studio Room,1300000,Đang dọn
DNA002_R037,DNA002,Accessible Room,1100000,Đang sử dụng
DTP001_R001,DTP001,Standard Room,1200000,Đang dọn
DTP001_R002,DTP001,Standard Room,1200000,Đang dọn
DTP001_R003,DTP001,Standard Room,1200000,Đang dọn
DTP001_R004,DTP001,Standard Room,1200000,Đang dọn
DTP001_R005,DTP001,Standard Room,1200000,Đang sử dụng
DTP001_R006,DTP001,Standard Room,1200000,Đang dọn
DTP001_R007,DTP001,Standard Room,1200000,Đang dọn
DTP001_R008,DTP001,Standard Room,1200000,Đang dọn
DTP001_R009,DTP001,Standard Room,1200000,Trống
DTP001_R010,DTP001,Deluxe Room,1800000,Đang dọn
DTP001_R011,DTP001,Deluxe Room,1800000,Đang sử dụng
DTP001_R012,DTP001,Deluxe Room,1800000,Đang dọn
DTP001_R013,DTP001,Deluxe Room,1800000,Đang sử dụng
DTP001_R014,DTP001,Deluxe Room,1800000,Trống
DTP001_R015,DTP001,Deluxe Room,1800000,Trống
DTP001_R016,DTP001,Superior Room,1500000,Trống
DTP001_R017,DTP001,Superior Room,1500000,Đang sử dụng
DTP001_R018,DTP001,Superior Room,1500000,Đang sử dụng
DTP001_R019,DTP001,Superior Room,1500000,Đang sử dụng
DTP001_R020,DTP001,Executive Room,2400000,Trống
DTP001_R021,DTP001,Executive Room,2400000,Đang sử dụng
DTP001_R022,DTP001,Junior Suite,2800000,Trống
DTP001_R023,DTP001,Junior Suite,2800000,Đang dọn
DTP001_R024,DTP001,Suite,3500000,Đang sử dụng
DTP001_R025,DTP001,Suite,3500000,Đang dọn
DTP001_R026,DTP001,Family Room,2200000,Đang dọn
DTP001_R027,DTP001,Family Room,2200000,Đang sử dụng
DTP001_R028,DTP001,Connecting Room,2000000,Đang sử dụng
DTP001_R029,DTP001,Connecting Room,2000000,Đang sử dụng
DTP001_R030,DTP001,Twin Room,1700000,Đang dọn
DTP001_R031,DTP001,Double Room,1700000,Đang dọn
DTP001_R032,DTP001,Double Room,1700000,Đang sử dụng
DTP001_R033,DTP001,Single Room,1000000,Đang dọn
DTP001_R034,DTP001,Studio Room,1300000,Đang dọn
DTP001_R035,DTP001,Accessible Room,1100000,Đang sử dụng
DTP002_R001,DTP002,Standard Room,1200000,Đang dọn
DTP002_R002,DTP002,Standard Room,1200000,Trống
DTP002_R003,DTP002,Standard Room,1200000,Đang sử dụng
DTP002_R004,DTP002,Deluxe Room,1800000,Trống
DTP002_R005,DTP002,Deluxe Room,1800000,Đang dọn
DTP002_R006,DTP002,Superior Room,1500000,Đang sử dụng
DTP002_R007,DTP002,Family Room,2200000,Đang sử dụng
GLI001_R001,GLI001,Standard Room,1200000,Trống
GLI001_R002,GLI001,Standard Room,1200000,Đang dọn
GLI001_R003,GLI001,Standard Room,1200000,Trống
GLI001_R004,GLI001,Standard Room,1200000,Đang sử dụng
GLI001_R005,GLI001,Standard Room,1200000,Đang sử dụng
GLI001_R006,GLI001,Standard Room,1200000,Trống
GLI001_R007,GLI001,Standard Room,1200000,Đang dọn
GLI001_R008,GLI001,Standard Room,1200000,Trống
GLI001_R009,GLI001,Standard Room,1200000,Đang sử dụng
GLI001_R010,GLI001,Standard Room,1200000,Đang sử dụng
GLI001_R011,GLI001,Deluxe Room,1800000,Trống
GLI001_R012,GLI001,Deluxe Room,1800000,Đang sử dụng
GLI001_R013,GLI001,Deluxe Room,1800000,Đang sử dụng
GLI001_R014,GLI001,Deluxe Room,1800000,Trống
GLI001_R015,GLI001,Deluxe Room,1800000,Trống
GLI001_R016,GLI001,Deluxe Room,1800000,Đang dọn
GLI001_R017,GLI001,Deluxe Room,1800000,Đang dọn
GLI001_R018,GLI001,Superior Room,1500000,Trống
GLI001_R019,GLI001,Superior Room,1500000,Đang sử dụng
GLI001_R020,GLI001,Superior Room,1500000,Đang sử dụng
GLI001_R021,GLI001,Superior Room,1500000,Trống
GLI001_R022,GLI001,Executive Room,2400000,Đang dọn
GLI001_R023,GLI001,Executive Room,2400000,Đang sử dụng
GLI001_R024,GLI001,Junior Suite,2800000,Trống
GLI001_R025,GLI001,Junior Suite,2800000,Đang dọn
GLI001_R026,GLI001,Suite,3500000,Đang sử dụng
GLI001_R027,GLI001,Suite,3500000,Đang sử dụng
GLI001_R028,GLI001,Family Room,2200000,Đang sử dụng
GLI001_R029,GLI001,Family Room,2200000,Đang dọn
GLI001_R030,GLI001,Connecting Room,2000000,Đang dọn
GLI001_R031,GLI001,Connecting Room,2000000,Trống
GLI001_R032,GLI001,Twin Room,1700000,Đang dọn
GLI001_R033,GLI001,Double Room,1700000,Đang dọn
GLI001_R034,GLI001,Double Room,1700000,Đang sử dụng
GLI001_R035,GLI001,Single Room,1000000,Đang sử dụng
GLI001_R036,GLI001,Studio Room,1300000,Đang sử dụng
GLI001_R037,GLI001,Accessible Room,1100000,Trống
GLI002_R001,GLI002,Standard Room,1200000,Trống
GLI002_R002,GLI002,Standard Room,1200000,Trống
GLI002_R003,GLI002,Standard Room,1200000,Đang dọn
GLI002_R004,GLI002,Standard Room,1200000,Trống
GLI002_R005,GLI002,Standard Room,1200000,Đang sử dụng
GLI002_R006,GLI002,Standard Room,1200000,Đang sử dụng
GLI002_R007,GLI002,Standard Room,1200000,Đang sử dụng
GLI002_R008,GLI002,Deluxe Room,1800000,Trống
GLI002_R009,GLI002,Deluxe Room,1800000,Đang dọn
GLI002_R010,GLI002,Deluxe Room,1800000,Đang sử dụng
GLI002_R011,GLI002,Deluxe Room,1800000,Trống
GLI002_R012,GLI002,Deluxe Room,1800000,Đang dọn
GLI002_R013,GLI002,Superior Room,1500000,Đang sử dụng
GLI002_R014,GLI002,Superior Room,1500000,Đang sử dụng
GLI002_R015,GLI002,Superior Room,1500000,Đang dọn
GLI002_R016,GLI002,Executive Room,2400000,Trống
GLI002_R017,GLI002,Junior Suite,2800000,Đang dọn
GLI002_R018,GLI002,Suite,3500000,Đang dọn
GLI002_R019,GLI002,Family Room,2200000,Đang dọn
GLI002_R020,GLI002,Family Room,2200000,Đang sử dụng
GLI002_R021,GLI002,Connecting Room,2000000,Đang sử dụng
GLI002_R022,GLI002,Twin Room,1700000,Đang sử dụng
GLI002_R023,GLI002,Double Room,1700000,Trống
HGG001_R001,HGG001,Standard Room,1200000,Đang sử dụng
HGG001_R002,HGG001,Standard Room,1200000,Trống
HGG001_R003,HGG001,Standard Room,1200000,Trống
HGG001_R004,HGG001,Standard Room,1200000,Đang sử dụng
HGG001_R005,HGG001,Standard Room,1200000,Trống
HGG001_R006,HGG001,Standard Room,1200000,Trống
HGG001_R007,HGG001,Standard Room,1200000,Đang dọn
HGG001_R008,HGG001,Standard Room,1200000,Đang sử dụng
HGG001_R009,HGG001,Standard Room,1200000,Đang dọn
HGG001_R010,HGG001,Standard Room,1200000,Trống
HGG001_R011,HGG001,Deluxe Room,1800000,Trống
HGG001_R012,HGG001,Deluxe Room,1800000,Trống
HGG001_R013,HGG001,Deluxe Room,1800000,Đang dọn
HGG001_R014,HGG001,Deluxe Room,1800000,Trống
HGG001_R015,HGG001,Deluxe Room,1800000,Đang sử dụng
HGG001_R016,HGG001,Deluxe Room,1800000,Đang dọn
HGG001_R017,HGG001,Deluxe Room,1800000,Đang dọn
HGG001_R018,HGG001,Superior Room,1500000,Đang sử dụng
HGG001_R019,HGG001,Superior Room,1500000,Trống
HGG001_R020,HGG001,Superior Room,1500000,Đang dọn
HGG001_R021,HGG001,Superior Room,1500000,Trống
HGG001_R022,HGG001,Executive Room,2400000,Đang dọn
HGG001_R023,HGG001,Executive Room,2400000,Trống
HGG001_R024,HGG001,Junior Suite,2800000,Đang sử dụng
HGG001_R025,HGG001,Junior Suite,2800000,Đang dọn
HGG001_R026,HGG001,Suite,3500000,Trống
HGG001_R027,HGG001,Suite,3500000,Trống
HGG001_R028,HGG001,Family Room,2200000,Trống
HGG001_R029,HGG001,Family Room,2200000,Trống
HGG001_R030,HGG001,Connecting Room,2000000,Đang dọn
HGG001_R031,HGG001,Connecting Room,2000000,Đang dọn
HGG001_R032,HGG001,Twin Room,1700000,Đang sử dụng
HGG001_R033,HGG001,Double Room,1700000,Đang dọn
HGG001_R034,HGG001,Double Room,1700000,Đang dọn
HGG001_R035,HGG001,Single Room,1000000,Đang dọn
HGG001_R036,HGG001,Studio Room,1300000,Trống
HGG001_R037,HGG001,Accessible Room,1100000,Đang dọn
HGG002_R001,HGG002,Standard Room,1200000,Đang dọn
HGG002_R002,HGG002,Standard Room,1200000,Trống
HGG002_R003,HGG002,Standard Room,1200000,Đang sử dụng
HGG002_R004,HGG002,Standard Room,1200000,Trống
HGG002_R005,HGG002,Standard Room,1200000,Trống
HGG002_R006,HGG002,Standard Room,1200000,Đang dọn
HGG002_R007,HGG002,Standard Room,1200000,Đang sử dụng
HGG002_R008,HGG002,Standard Room,1200000,Trống
HGG002_R009,HGG002,Deluxe Room,1800000,Trống
HGG002_R010,HGG002,Deluxe Room,1800000,Đang sử dụng
HGG002_R011,HGG002,Deluxe Room,1800000,Đang dọn
HGG002_R012,HGG002,Deluxe Room,1800000,Đang sử dụng
HGG002_R013,HGG002,Deluxe Room,1800000,Đang dọn
HGG002_R014,HGG002,Deluxe Room,1800000,Đang dọn
HGG002_R015,HGG002,Superior Room,1500000,Trống
HGG002_R016,HGG002,Superior Room,1500000,Trống
HGG002_R017,HGG002,Superior Room,1500000,Đang dọn
HGG002_R018,HGG002,Executive Room,2400000,Trống
HGG002_R019,HGG002,Junior Suite,2800000,Đang dọn
HGG002_R020,HGG002,Suite,3500000,Đang dọn
HGG002_R021,HGG002,Family Room,2200000,Đang dọn
HGG002_R022,HGG002,Family Room,2200000,Đang dọn
HGG002_R023,HGG002,Connecting Room,2000000,Đang dọn
HGG002_R024,HGG002,Twin Room,1700000,Trống
HGG002_R025,HGG002,Double Room,1700000,Đang sử dụng
HGG002_R026,HGG002,Single Room,1000000,Đang dọn
HGG002_R027,HGG002,Studio Room,1300000,Đang sử dụng
HGG002_R028,HGG002,Accessible Room,1100000,Trống
HNA001_R001,HNA001,Standard Room,1200000,Đang dọn
HNA001_R002,HNA001,Standard Room,1200000,Trống
HNA001_R003,HNA001,Standard Room,1200000,Đang dọn
HNA001_R004,HNA001,Standard Room,1200000,Trống
HNA001_R005,HNA001,Standard Room,1200000,Đang sử dụng
HNA001_R006,HNA001,Deluxe Room,1800000,Đang sử dụng
HNA001_R007,HNA001,Deluxe Room,1800000,Trống
HNA001_R008,HNA001,Deluxe Room,1800000,Trống
HNA001_R009,HNA001,Superior Room,1500000,Trống
HNA001_R010,HNA001,Superior Room,1500000,Trống
HNA001_R011,HNA001,Executive Room,2400000,Đang sử dụng
HNA001_R012,HNA001,Junior Suite,2800000,Đang sử dụng
HNA001_R013,HNA001,Suite,3500000,Đang sử dụng
HNA001_R014,HNA001,Family Room,2200000,Đang sử dụng
HNA001_R015,HNA001,Connecting Room,2000000,Đang dọn
HNA001_R016,HNA001,Twin Room,1700000,Trống
HNA001_R017,HNA001,Double Room,1700000,Trống
HNA002_R001,HNA002,Standard Room,1200000,Đang dọn
HNA002_R002,HNA002,Standard Room,1200000,Đang dọn
HNA002_R003,HNA002,Standard Room,1200000,Đang dọn
HNA002_R004,HNA002,Standard Room,1200000,Đang dọn
HNA002_R005,HNA002,Deluxe Room,1800000,Đang sử dụng
HNA002_R006,HNA002,Deluxe Room,1800000,Đang sử dụng
HNA002_R007,HNA002,Deluxe Room,1800000,Đang sử dụng
HNA002_R008,HNA002,Superior Room,1500000,Trống
HNA002_R009,HNA002,Superior Room,1500000,Trống
HNA002_R010,HNA002,Executive Room,2400000,Đang dọn
HNA002_R011,HNA002,Junior Suite,2800000,Trống
HNA002_R012,HNA002,Suite,3500000,Đang dọn
HNA002_R013,HNA002,Family Room,2200000,Đang sử dụng
HNA002_R014,HNA002,Connecting Room,2000000,Đang sử dụng
HNA002_R015,HNA002,Twin Room,1700000,Trống
HNA002_R016,HNA002,Double Room,1700000,Đang dọn
HNO001_R001,HNO001,Standard Room,1200000,Đang sử dụng
HNO001_R002,HNO001,Standard Room,1200000,Đang sử dụng
HNO001_R003,HNO001,Standard Room,1200000,Trống
HNO001_R004,HNO001,Standard Room,1200000,Đang sử dụng
HNO001_R005,HNO001,Standard Room,1200000,Đang dọn
HNO001_R006,HNO001,Standard Room,1200000,Đang dọn
HNO001_R007,HNO001,Standard Room,1200000,Trống
HNO001_R008,HNO001,Standard Room,1200000,Trống
HNO001_R009,HNO001,Standard Room,1200000,Trống
HNO001_R010,HNO001,Standard Room,1200000,Đang sử dụng
HNO001_R011,HNO001,Deluxe Room,1800000,Trống
HNO001_R012,HNO001,Deluxe Room,1800000,Đang sử dụng
HNO001_R013,HNO001,Deluxe Room,1800000,Đang dọn
HNO001_R014,HNO001,Deluxe Room,1800000,Đang dọn
HNO001_R015,HNO001,Deluxe Room,1800000,Đang dọn
HNO001_R016,HNO001,Deluxe Room,1800000,Đang sử dụng
HNO001_R017,HNO001,Deluxe Room,1800000,Đang sử dụng
HNO001_R018,HNO001,Superior Room,1500000,Đang dọn
HNO001_R019,HNO001,Superior Room,1500000,Trống
HNO001_R020,HNO001,Superior Room,1500000,Đang sử dụng
HNO001_R021,HNO001,Superior Room,1500000,Đang dọn
HNO001_R022,HNO001,Executive Room,2400000,Trống
HNO001_R023,HNO001,Executive Room,2400000,Đang sử dụng
HNO001_R024,HNO001,Junior Suite,2800000,Trống
HNO001_R025,HNO001,Junior Suite,2800000,Đang dọn
HNO001_R026,HNO001,Suite,3500000,Đang sử dụng
HNO001_R027,HNO001,Suite,3500000,Đang sử dụng
HNO001_R028,HNO001,Family Room,2200000,Trống
HNO001_R029,HNO001,Family Room,2200000,Đang dọn
HNO001_R030,HNO001,Connecting Room,2000000,Đang dọn
HNO001_R031,HNO001,Connecting Room,2000000,Trống
HNO001_R032,HNO001,Twin Room,1700000,Đang dọn
HNO001_R033,HNO001,Double Room,1700000,Đang dọn
HNO001_R034,HNO001,Double Room,1700000,Trống
HNO001_R035,HNO001,Single Room,1000000,Đang dọn
HNO001_R036,HNO001,Studio Room,1300000,Đang sử dụng
HNO001_R037,HNO001,Accessible Room,1100000,Đang dọn
HNO002_R001,HNO002,Standard Room,1200000,Đang dọn
HNO002_R002,HNO002,Standard Room,1200000,Đang dọn
HNO002_R003,HNO002,Standard Room,1200000,Đang sử dụng
HNO002_R004,HNO002,Standard Room,1200000,Đang sử dụng
HNO002_R005,HNO002,Standard Room,1200000,Đang sử dụng
HNO002_R006,HNO002,Standard Room,1200000,Đang sử dụng
HNO002_R007,HNO002,Deluxe Room,1800000,Đang dọn
HNO002_R008,HNO002,Deluxe Room,1800000,Trống
HNO002_R009,HNO002,Deluxe Room,1800000,Trống
HNO002_R010,HNO002,Deluxe Room,1800000,Trống
HNO002_R011,HNO002,Superior Room,1500000,Đang dọn
HNO002_R012,HNO002,Superior Room,1500000,Đang dọn
HNO002_R013,HNO002,Executive Room,2400000,Đang dọn
HNO002_R014,HNO002,Junior Suite,2800000,Đang dọn
HNO002_R015,HNO002,Suite,3500000,Đang sử dụng
HNO002_R016,HNO002,Family Room,2200000,Đang dọn
HNO002_R017,HNO002,Connecting Room,2000000,Trống
HNO002_R018,HNO002,Twin Room,1700000,Đang sử dụng
HNO002_R019,HNO002,Double Room,1700000,Đang dọn
HNO003_R001,HNO003,Standard Room,1200000,Đang sử dụng
HNO003_R002,HNO003,Standard Room,1200000,Đang dọn
HNO003_R003,HNO003,Standard Room,1200000,Trống
HNO003_R004,HNO003,Standard Room,1200000,Đang sử dụng
HNO003_R005,HNO003,Standard Room,1200000,Đang sử dụng
HNO003_R006,HNO003,Standard Room,1200000,Đang dọn
HNO003_R007,HNO003,Standard Room,1200000,Đang dọn
HNO003_R008,HNO003,Standard Room,1200000,Đang sử dụng
HNO003_R009,HNO003,Standard Room,1200000,Trống
HNO003_R010,HNO003,Standard Room,1200000,Đang sử dụng
HNO003_R011,HNO003,Standard Room,1200000,Trống
HNO003_R012,HNO003,Deluxe Room,1800000,Đang dọn
HNO003_R013,HNO003,Deluxe Room,1800000,Trống
HNO003_R014,HNO003,Deluxe Room,1800000,Đang sử dụng
HNO003_R015,HNO003,Deluxe Room,1800000,Đang sử dụng
HNO003_R016,HNO003,Deluxe Room,1800000,Trống
HNO003_R017,HNO003,Deluxe Room,1800000,Trống
HNO003_R018,HNO003,Deluxe Room,1800000,Đang dọn
HNO003_R019,HNO003,Superior Room,1500000,Đang sử dụng
HNO003_R020,HNO003,Superior Room,1500000,Đang sử dụng
HNO003_R021,HNO003,Superior Room,1500000,Đang sử dụng
HNO003_R022,HNO003,Superior Room,1500000,Đang sử dụng
HNO003_R023,HNO003,Executive Room,2400000,Đang dọn
HNO003_R024,HNO003,Executive Room,2400000,Đang sử dụng
HNO003_R025,HNO003,Junior Suite,2800000,Trống
HNO003_R026,HNO003,Junior Suite,2800000,Trống
HNO003_R027,HNO003,Suite,3500000,Đang dọn
HNO003_R028,HNO003,Suite,3500000,Trống
HNO003_R029,HNO003,Family Room,2200000,Đang sử dụng
HNO003_R030,HNO003,Family Room,2200000,Đang sử dụng
HNO003_R031,HNO003,Family Room,2200000,Đang dọn
HNO003_R032,HNO003,Connecting Room,2000000,Đang dọn
HNO003_R033,HNO003,Connecting Room,2000000,Trống
HNO003_R034,HNO003,Twin Room,1700000,Đang dọn
HNO003_R035,HNO003,Double Room,1700000,Trống
HNO003_R036,HNO003,Double Room,1700000,Đang sử dụng
HNO003_R037,HNO003,Single Room,1000000,Trống
HNO003_R038,HNO003,Studio Room,1300000,Đang sử dụng
HNO003_R039,HNO003,Accessible Room,1100000,Đang dọn
HNO004_R001,HNO004,Standard Room,1200000,Đang sử dụng
HNO004_R002,HNO004,Standard Room,1200000,Trống
HNO004_R003,HNO004,Standard Room,1200000,Đang sử dụng
HNO004_R004,HNO004,Deluxe Room,1800000,Đang dọn
HNO004_R005,HNO004,Deluxe Room,1800000,Trống
HNO004_R006,HNO004,Superior Room,1500000,Đang sử dụng
HNO004_R007,HNO004,Executive Room,2400000,Đang sử dụng
HNO004_R008,HNO004,Junior Suite,2800000,Đang sử dụng
HNO004_R009,HNO004,Suite,3500000,Đang sử dụng
HNO004_R010,HNO004,Family Room,2200000,Đang dọn
HNO004_R011,HNO004,Connecting Room,2000000,Đang sử dụng
HNO004_R012,HNO004,Double Room,1700000,Đang sử dụng
HNO005_R001,HNO005,Standard Room,1200000,Đang dọn
HNO005_R002,HNO005,Standard Room,1200000,Trống
HNO005_R003,HNO005,Standard Room,1200000,Trống
HNO005_R004,HNO005,Standard Room,1200000,Đang sử dụng
HNO005_R005,HNO005,Standard Room,1200000,Đang sử dụng
HNO005_R006,HNO005,Standard Room,1200000,Đang dọn
HNO005_R007,HNO005,Standard Room,1200000,Đang dọn
HNO005_R008,HNO005,Deluxe Room,1800000,Đang dọn
HNO005_R009,HNO005,Deluxe Room,1800000,Đang sử dụng
HNO005_R010,HNO005,Deluxe Room,1800000,Đang dọn
HNO005_R011,HNO005,Deluxe Room,1800000,Đang sử dụng
HNO005_R012,HNO005,Deluxe Room,1800000,Trống
HNO005_R013,HNO005,Superior Room,1500000,Trống
HNO005_R014,HNO005,Superior Room,1500000,Đang sử dụng
HNO005_R015,HNO005,Superior Room,1500000,Đang sử dụng
HNO005_R016,HNO005,Executive Room,2400000,Đang sử dụng
HNO005_R017,HNO005,Junior Suite,2800000,Trống
HNO005_R018,HNO005,Suite,3500000,Đang sử dụng
HNO005_R019,HNO005,Family Room,2200000,Đang sử dụng
HNO005_R020,HNO005,Family Room,2200000,Đang sử dụng
HNO005_R021,HNO005,Connecting Room,2000000,Đang sử dụng
HNO005_R022,HNO005,Twin Room,1700000,Đang dọn
HNO005_R023,HNO005,Double Room,1700000,Đang dọn
HTH001_R001,HTH001,Standard Room,1200000,Đang sử dụng
HTH001_R002,HTH001,Standard Room,1200000,Đang sử dụng
HTH001_R003,HTH001,Standard Room,1200000,Đang dọn
HTH001_R004,HTH001,Standard Room,1200000,Đang dọn
HTH001_R005,HTH001,Standard Room,1200000,Đang dọn
HTH001_R006,HTH001,Standard Room,1200000,Đang sử dụng
HTH001_R007,HTH001,Standard Room,1200000,Đang dọn
HTH001_R008,HTH001,Standard Room,1200000,Đang dọn
HTH001_R009,HTH001,Standard Room,1200000,Đang sử dụng
HTH001_R010,HTH001,Deluxe Room,1800000,Đang dọn
HTH001_R011,HTH001,Deluxe Room,1800000,Đang sử dụng
HTH001_R012,HTH001,Deluxe Room,1800000,Trống
HTH001_R013,HTH001,Deluxe Room,1800000,Trống
HTH001_R014,HTH001,Deluxe Room,1800000,Đang dọn
HTH001_R015,HTH001,Deluxe Room,1800000,Đang dọn
HTH001_R016,HTH001,Superior Room,1500000,Đang sử dụng
HTH001_R017,HTH001,Superior Room,1500000,Đang dọn
HTH001_R018,HTH001,Superior Room,1500000,Trống
HTH001_R019,HTH001,Superior Room,1500000,Đang sử dụng
HTH001_R020,HTH001,Executive Room,2400000,Trống
HTH001_R021,HTH001,Executive Room,2400000,Trống
HTH001_R022,HTH001,Junior Suite,2800000,Đang sử dụng
HTH001_R023,HTH001,Junior Suite,2800000,Trống
HTH001_R024,HTH001,Suite,3500000,Đang dọn
HTH001_R025,HTH001,Suite,3500000,Đang sử dụng
HTH001_R026,HTH001,Family Room,2200000,Đang dọn
HTH001_R027,HTH001,Family Room,2200000,Trống
HTH001_R028,HTH001,Connecting Room,2000000,Trống
HTH001_R029,HTH001,Connecting Room,2000000,Trống
HTH001_R030,HTH001,Twin Room,1700000,Trống
HTH001_R031,HTH001,Double Room,1700000,Trống
HTH001_R032,HTH001,Double Room,1700000,Đang sử dụng
HTH001_R033,HTH001,Single Room,1000000,Trống
HTH001_R034,HTH001,Studio Room,1300000,Đang dọn
HTH001_R035,HTH001,Accessible Room,1100000,Đang dọn
HTH002_R001,HTH002,Standard Room,1200000,Đang sử dụng
HTH002_R002,HTH002,Standard Room,1200000,Đang dọn
HTH002_R003,HTH002,Standard Room,1200000,Đang sử dụng
HTH002_R004,HTH002,Deluxe Room,1800000,Đang dọn
HTH002_R005,HTH002,Deluxe Room,1800000,Đang sử dụng
HTH002_R006,HTH002,Superior Room,1500000,Đang sử dụng
HTH002_R007,HTH002,Executive Room,2400000,Đang dọn
HTH002_R008,HTH002,Junior Suite,2800000,Trống
HTH002_R009,HTH002,Suite,3500000,Trống
HTH002_R010,HTH002,Family Room,2200000,Đang dọn
HTH002_R011,HTH002,Connecting Room,2000000,Đang dọn
HTH002_R012,HTH002,Double Room,1700000,Đang sử dụng
HDG001_R001,HDG001,Standard Room,1200000,Trống
HDG001_R002,HDG001,Standard Room,1200000,Đang dọn
HDG001_R003,HDG001,Standard Room,1200000,Đang dọn
HDG001_R004,HDG001,Deluxe Room,1800000,Trống
HDG001_R005,HDG001,Deluxe Room,1800000,Đang sử dụng
HDG001_R006,HDG001,Superior Room,1500000,Đang sử dụng
HDG001_R007,HDG001,Executive Room,2400000,Đang sử dụng
HDG001_R008,HDG001,Junior Suite,2800000,Đang sử dụng
HDG001_R009,HDG001,Suite,3500000,Trống
HDG001_R010,HDG001,Family Room,2200000,Trống
HDG001_R011,HDG001,Connecting Room,2000000,Đang sử dụng
HDG001_R012,HDG001,Double Room,1700000,Đang dọn
HDG002_R001,HDG002,Standard Room,1200000,Đang dọn
HDG002_R002,HDG002,Standard Room,1200000,Trống
HDG002_R003,HDG002,Standard Room,1200000,Đang dọn
HDG002_R004,HDG002,Deluxe Room,1800000,Đang sử dụng
HDG002_R005,HDG002,Deluxe Room,1800000,Đang sử dụng
HDG002_R006,HDG002,Superior Room,1500000,Trống
HDG002_R007,HDG002,Executive Room,2400000,Đang dọn
HDG002_R008,HDG002,Junior Suite,2800000,Đang sử dụng
HDG002_R009,HDG002,Suite,3500000,Trống
HDG002_R010,HDG002,Family Room,2200000,Trống
HDG002_R011,HDG002,Connecting Room,2000000,Đang dọn
HDG002_R012,HDG002,Double Room,1700000,Đang dọn
HPG001_R001,HPG001,Standard Room,1200000,Đang dọn
HPG001_R002,HPG001,Standard Room,1200000,Đang dọn
HPG001_R003,HPG001,Standard Room,1200000,Đang dọn
HPG001_R004,HPG001,Standard Room,1200000,Đang dọn
HPG001_R005,HPG001,Standard Room,1200000,Đang dọn
HPG001_R006,HPG001,Standard Room,1200000,Trống
HPG001_R007,HPG001,Standard Room,1200000,Trống
HPG001_R008,HPG001,Standard Room,1200000,Trống
HPG001_R009,HPG001,Standard Room,1200000,Đang sử dụng
HPG001_R010,HPG001,Standard Room,1200000,Trống
HPG001_R011,HPG001,Deluxe Room,1800000,Đang dọn
HPG001_R012,HPG001,Deluxe Room,1800000,Trống
HPG001_R013,HPG001,Deluxe Room,1800000,Đang dọn
HPG001_R014,HPG001,Deluxe Room,1800000,Đang sử dụng
HPG001_R015,HPG001,Deluxe Room,1800000,Đang dọn
HPG001_R016,HPG001,Deluxe Room,1800000,Trống
HPG001_R017,HPG001,Deluxe Room,1800000,Đang dọn
HPG001_R018,HPG001,Superior Room,1500000,Đang dọn
HPG001_R019,HPG001,Superior Room,1500000,Trống
HPG001_R020,HPG001,Superior Room,1500000,Trống
HPG001_R021,HPG001,Superior Room,1500000,Trống
HPG001_R022,HPG001,Executive Room,2400000,Trống
HPG001_R023,HPG001,Executive Room,2400000,Đang dọn
HPG001_R024,HPG001,Junior Suite,2800000,Đang dọn
HPG001_R025,HPG001,Junior Suite,2800000,Trống
HPG001_R026,HPG001,Suite,3500000,Đang dọn
HPG001_R027,HPG001,Suite,3500000,Đang sử dụng
HPG001_R028,HPG001,Family Room,2200000,Trống
HPG001_R029,HPG001,Family Room,2200000,Đang dọn
HPG001_R030,HPG001,Connecting Room,2000000,Đang sử dụng
HPG001_R031,HPG001,Connecting Room,2000000,Đang dọn
HPG001_R032,HPG001,Twin Room,1700000,Đang sử dụng
HPG001_R033,HPG001,Double Room,1700000,Trống
HPG001_R034,HPG001,Double Room,1700000,Trống
HPG001_R035,HPG001,Single Room,1000000,Trống
HPG001_R036,HPG001,Studio Room,1300000,Đang sử dụng
HPG001_R037,HPG001,Accessible Room,1100000,Trống
HPG002_R001,HPG002,Standard Room,1200000,Đang sử dụng
HPG002_R002,HPG002,Standard Room,1200000,Trống
HPG002_R003,HPG002,Standard Room,1200000,Trống
HPG002_R004,HPG002,Standard Room,1200000,Đang dọn
HPG002_R005,HPG002,Standard Room,1200000,Trống
HPG002_R006,HPG002,Standard Room,1200000,Đang sử dụng
HPG002_R007,HPG002,Standard Room,1200000,Trống
HPG002_R008,HPG002,Standard Room,1200000,Trống
HPG002_R009,HPG002,Standard Room,1200000,Trống
HPG002_R010,HPG002,Standard Room,1200000,Trống
HPG002_R011,HPG002,Standard Room,1200000,Đang sử dụng
HPG002_R012,HPG002,Deluxe Room,1800000,Đang sử dụng
HPG002_R013,HPG002,Deluxe Room,1800000,Đang dọn
HPG002_R014,HPG002,Deluxe Room,1800000,Đang dọn
HPG002_R015,HPG002,Deluxe Room,1800000,Trống
HPG002_R016,HPG002,Deluxe Room,1800000,Đang dọn
HPG002_R017,HPG002,Deluxe Room,1800000,Đang dọn
HPG002_R018,HPG002,Deluxe Room,1800000,Đang dọn
HPG002_R019,HPG002,Deluxe Room,1800000,Trống
HPG002_R020,HPG002,Superior Room,1500000,Đang dọn
HPG002_R021,HPG002,Superior Room,1500000,Đang sử dụng
HPG002_R022,HPG002,Superior Room,1500000,Đang dọn
HPG002_R023,HPG002,Superior Room,1500000,Trống
HPG002_R024,HPG002,Superior Room,1500000,Trống
HPG002_R025,HPG002,Executive Room,2400000,Đang dọn
HPG002_R026,HPG002,Executive Room,2400000,Trống
HPG002_R027,HPG002,Junior Suite,2800000,Trống
HPG002_R028,HPG002,Junior Suite,2800000,Trống
HPG002_R029,HPG002,Suite,3500000,Đang sử dụng
HPG002_R030,HPG002,Suite,3500000,Đang dọn
HPG002_R031,HPG002,Family Room,2200000,Trống
HPG002_R032,HPG002,Family Room,2200000,Trống
HPG002_R033,HPG002,Family Room,2200000,Trống
HPG002_R034,HPG002,Connecting Room,2000000,Đang dọn
HPG002_R035,HPG002,Connecting Room,2000000,Trống
HPG002_R036,HPG002,Twin Room,1700000,Trống
HPG002_R037,HPG002,Twin Room,1700000,Đang sử dụng
HPG002_R038,HPG002,Double Room,1700000,Đang sử dụng
HPG002_R039,HPG002,Double Room,1700000,Trống
HPG002_R040,HPG002,Single Room,1000000,Đang sử dụng
HPG002_R041,HPG002,Studio Room,1300000,Trống
HPG002_R042,HPG002,Accessible Room,1100000,Trống
HUG001_R001,HUG001,Standard Room,1200000,Trống
HUG001_R002,HUG001,Standard Room,1200000,Đang sử dụng
HUG001_R003,HUG001,Standard Room,1200000,Trống
HUG001_R004,HUG001,Standard Room,1200000,Đang dọn
HUG001_R005,HUG001,Standard Room,1200000,Trống
HUG001_R006,HUG001,Standard Room,1200000,Trống
HUG001_R007,HUG001,Standard Room,1200000,Trống
HUG001_R008,HUG001,Standard Room,1200000,Đang sử dụng
HUG001_R009,HUG001,Deluxe Room,1800000,Trống
HUG001_R010,HUG001,Deluxe Room,1800000,Trống
HUG001_R011,HUG001,Deluxe Room,1800000,Trống
HUG001_R012,HUG001,Deluxe Room,1800000,Đang sử dụng
HUG001_R013,HUG001,Deluxe Room,1800000,Đang dọn
HUG001_R014,HUG001,Superior Room,1500000,Trống
HUG001_R015,HUG001,Superior Room,1500000,Trống
HUG001_R016,HUG001,Superior Room,1500000,Trống
HUG001_R017,HUG001,Executive Room,2400000,Đang sử dụng
HUG001_R018,HUG001,Junior Suite,2800000,Trống
HUG001_R019,HUG001,Suite,3500000,Đang dọn
HUG001_R020,HUG001,Family Room,2200000,Đang sử dụng
HUG001_R021,HUG001,Family Room,2200000,Đang sử dụng
HUG001_R022,HUG001,Connecting Room,2000000,Đang sử dụng
HUG001_R023,HUG001,Twin Room,1700000,Trống
HUG001_R024,HUG001,Double Room,1700000,Đang dọn
HUG001_R025,HUG001,Single Room,1000000,Đang dọn
HUG001_R026,HUG001,Studio Room,1300000,Đang sử dụng
HUG001_R027,HUG001,Accessible Room,1100000,Đang sử dụng
HUG002_R001,HUG002,Standard Room,1200000,Đang sử dụng
HUG002_R002,HUG002,Standard Room,1200000,Đang dọn
HUG002_R003,HUG002,Standard Room,1200000,Đang dọn
HUG002_R004,HUG002,Deluxe Room,1800000,Đang dọn
HUG002_R005,HUG002,Deluxe Room,1800000,Đang sử dụng
HUG002_R006,HUG002,Superior Room,1500000,Đang dọn
HUG002_R007,HUG002,Family Room,2200000,Trống
HBI001_R001,HBI001,Standard Room,1200000,Đang dọn
HBI001_R002,HBI001,Standard Room,1200000,Trống
HBI001_R003,HBI001,Standard Room,1200000,Đang dọn
HBI001_R004,HBI001,Standard Room,1200000,Đang sử dụng
HBI001_R005,HBI001,Standard Room,1200000,Đang sử dụng
HBI001_R006,HBI001,Deluxe Room,1800000,Trống
HBI001_R007,HBI001,Deluxe Room,1800000,Đang dọn
HBI001_R008,HBI001,Deluxe Room,1800000,Đang dọn
HBI001_R009,HBI001,Superior Room,1500000,Đang sử dụng
HBI001_R010,HBI001,Superior Room,1500000,Đang dọn
HBI001_R011,HBI001,Executive Room,2400000,Đang dọn
HBI001_R012,HBI001,Junior Suite,2800000,Đang sử dụng
HBI001_R013,HBI001,Suite,3500000,Trống
HBI001_R014,HBI001,Family Room,2200000,Đang dọn
HBI001_R015,HBI001,Connecting Room,2000000,Trống
HBI001_R016,HBI001,Twin Room,1700000,Đang dọn
HBI001_R017,HBI001,Double Room,1700000,Đang sử dụng
HBI002_R001,HBI002,Standard Room,1200000,Đang sử dụng
HBI002_R002,HBI002,Standard Room,1200000,Trống
HBI002_R003,HBI002,Standard Room,1200000,Đang sử dụng
HBI002_R004,HBI002,Standard Room,1200000,Đang dọn
HBI002_R005,HBI002,Standard Room,1200000,Đang sử dụng
HBI002_R006,HBI002,Standard Room,1200000,Đang sử dụng
HBI002_R007,HBI002,Standard Room,1200000,Đang sử dụng
HBI002_R008,HBI002,Standard Room,1200000,Trống
HBI002_R009,HBI002,Deluxe Room,1800000,Đang sử dụng
HBI002_R010,HBI002,Deluxe Room,1800000,Đang sử dụng
HBI002_R011,HBI002,Deluxe Room,1800000,Đang dọn
HBI002_R012,HBI002,Deluxe Room,1800000,Đang sử dụng
HBI002_R013,HBI002,Deluxe Room,1800000,Đang sử dụng
HBI002_R014,HBI002,Superior Room,1500000,Trống
HBI002_R015,HBI002,Superior Room,1500000,Đang sử dụng
HBI002_R016,HBI002,Superior Room,1500000,Đang sử dụng
HBI002_R017,HBI002,Executive Room,2400000,Đang sử dụng
HBI002_R018,HBI002,Junior Suite,2800000,Đang sử dụng
HBI002_R019,HBI002,Suite,3500000,Đang sử dụng
HBI002_R020,HBI002,Family Room,2200000,Đang sử dụng
HBI002_R021,HBI002,Family Room,2200000,Đang dọn
HBI002_R022,HBI002,Connecting Room,2000000,Đang dọn
HBI002_R023,HBI002,Twin Room,1700000,Đang sử dụng
HBI002_R024,HBI002,Double Room,1700000,Đang dọn
HBI002_R025,HBI002,Single Room,1000000,Đang dọn
HBI002_R026,HBI002,Studio Room,1300000,Đang dọn
HBI002_R027,HBI002,Accessible Room,1100000,Đang dọn
HYN001_R001,HYN001,Standard Room,1200000,Đang dọn
HYN001_R002,HYN001,Standard Room,1200000,Trống
HYN001_R003,HYN001,Standard Room,1200000,Trống
HYN001_R004,HYN001,Standard Room,1200000,Đang sử dụng
HYN001_R005,HYN001,Standard Room,1200000,Đang dọn
HYN001_R006,HYN001,Standard Room,1200000,Trống
HYN001_R007,HYN001,Standard Room,1200000,Đang sử dụng
HYN001_R008,HYN001,Standard Room,1200000,Đang sử dụng
HYN001_R009,HYN001,Deluxe Room,1800000,Đang sử dụng
HYN001_R010,HYN001,Deluxe Room,1800000,Đang dọn
HYN001_R011,HYN001,Deluxe Room,1800000,Đang sử dụng
HYN001_R012,HYN001,Deluxe Room,1800000,Trống
HYN001_R013,HYN001,Deluxe Room,1800000,Trống
HYN001_R014,HYN001,Superior Room,1500000,Đang dọn
HYN001_R015,HYN001,Superior Room,1500000,Đang dọn
HYN001_R016,HYN001,Superior Room,1500000,Đang sử dụng
HYN001_R017,HYN001,Executive Room,2400000,Trống
HYN001_R018,HYN001,Junior Suite,2800000,Đang dọn
HYN001_R019,HYN001,Suite,3500000,Trống
HYN001_R020,HYN001,Family Room,2200000,Trống
HYN001_R021,HYN001,Family Room,2200000,Đang sử dụng
HYN001_R022,HYN001,Connecting Room,2000000,Đang dọn
HYN001_R023,HYN001,Twin Room,1700000,Trống
HYN001_R024,HYN001,Double Room,1700000,Đang dọn
HYN001_R025,HYN001,Single Room,1000000,Trống
HYN001_R026,HYN001,Studio Room,1300000,Trống
HYN001_R027,HYN001,Accessible Room,1100000,Trống
HYN002_R001,HYN002,Standard Room,1200000,Trống
HYN002_R002,HYN002,Standard Room,1200000,Đang sử dụng
HYN002_R003,HYN002,Standard Room,1200000,Đang sử dụng
HYN002_R004,HYN002,Standard Room,1200000,Đang dọn
HYN002_R005,HYN002,Deluxe Room,1800000,Trống
HYN002_R006,HYN002,Deluxe Room,1800000,Trống
HYN002_R007,HYN002,Superior Room,1500000,Đang sử dụng
HYN002_R008,HYN002,Executive Room,2400000,Trống
HYN002_R009,HYN002,Junior Suite,2800000,Đang dọn
HYN002_R010,HYN002,Suite,3500000,Trống
HYN002_R011,HYN002,Family Room,2200000,Đang sử dụng
HYN002_R012,HYN002,Connecting Room,2000000,Đang sử dụng
HYN002_R013,HYN002,Double Room,1700000,Đang sử dụng
KHA001_R001,KHA001,Standard Room,1200000,Trống
KHA001_R002,KHA001,Standard Room,1200000,Đang dọn
KHA001_R003,KHA001,Standard Room,1200000,Trống
KHA001_R004,KHA001,Standard Room,1200000,Trống
KHA001_R005,KHA001,Standard Room,1200000,Đang dọn
KHA001_R006,KHA001,Standard Room,1200000,Trống
KHA001_R007,KHA001,Standard Room,1200000,Đang dọn
KHA001_R008,KHA001,Standard Room,1200000,Đang dọn
KHA001_R009,KHA001,Standard Room,1200000,Đang dọn
KHA001_R010,KHA001,Deluxe Room,1800000,Đang sử dụng
KHA001_R011,KHA001,Deluxe Room,1800000,Đang sử dụng
KHA001_R012,KHA001,Deluxe Room,1800000,Đang dọn
KHA001_R013,KHA001,Deluxe Room,1800000,Đang sử dụng
KHA001_R014,KHA001,Deluxe Room,1800000,Đang sử dụng
KHA001_R015,KHA001,Deluxe Room,1800000,Đang dọn
KHA001_R016,KHA001,Superior Room,1500000,Đang sử dụng
KHA001_R017,KHA001,Superior Room,1500000,Đang dọn
KHA001_R018,KHA001,Superior Room,1500000,Đang sử dụng
KHA001_R019,KHA001,Superior Room,1500000,Trống
KHA001_R020,KHA001,Executive Room,2400000,Đang dọn
KHA001_R021,KHA001,Junior Suite,2800000,Đang sử dụng
KHA001_R022,KHA001,Suite,3500000,Trống
KHA001_R023,KHA001,Family Room,2200000,Trống
KHA001_R024,KHA001,Family Room,2200000,Đang dọn
KHA001_R025,KHA001,Connecting Room,2000000,Trống
KHA001_R026,KHA001,Twin Room,1700000,Trống
KHA001_R027,KHA001,Double Room,1700000,Đang sử dụng
KHA001_R028,KHA001,Single Room,1000000,Đang dọn
KHA001_R029,KHA001,Studio Room,1300000,Đang dọn
KHA001_R030,KHA001,Accessible Room,1100000,Đang sử dụng
KHA002_R001,KHA002,Standard Room,1200000,Đang sử dụng
KHA002_R002,KHA002,Standard Room,1200000,Đang dọn
KHA002_R003,KHA002,Standard Room,1200000,Đang dọn
KHA002_R004,KHA002,Standard Room,1200000,Đang dọn
KHA002_R005,KHA002,Standard Room,1200000,Trống
KHA002_R006,KHA002,Standard Room,1200000,Đang sử dụng
KHA002_R007,KHA002,Deluxe Room,1800000,Đang sử dụng
KHA002_R008,KHA002,Deluxe Room,1800000,Đang sử dụng
KHA002_R009,KHA002,Deluxe Room,1800000,Đang dọn
KHA002_R010,KHA002,Deluxe Room,1800000,Đang dọn
KHA002_R011,KHA002,Superior Room,1500000,Trống
KHA002_R012,KHA002,Superior Room,1500000,Đang dọn
KHA002_R013,KHA002,Executive Room,2400000,Đang dọn
KHA002_R014,KHA002,Junior Suite,2800000,Đang dọn
KHA002_R015,KHA002,Suite,3500000,Đang sử dụng
KHA002_R016,KHA002,Family Room,2200000,Đang sử dụng
KHA002_R017,KHA002,Connecting Room,2000000,Trống
KHA002_R018,KHA002,Twin Room,1700000,Trống
KHA002_R019,KHA002,Double Room,1700000,Đang sử dụng
KGI001_R001,KGI001,Standard Room,1200000,Trống
KGI001_R002,KGI001,Standard Room,1200000,Đang dọn
KGI001_R003,KGI001,Standard Room,1200000,Đang dọn
KGI001_R004,KGI001,Standard Room,1200000,Trống
KGI001_R005,KGI001,Standard Room,1200000,Trống
KGI001_R006,KGI001,Standard Room,1200000,Trống
KGI001_R007,KGI001,Standard Room,1200000,Đang dọn
KGI001_R008,KGI001,Deluxe Room,1800000,Đang sử dụng
KGI001_R009,KGI001,Deluxe Room,1800000,Trống
KGI001_R010,KGI001,Deluxe Room,1800000,Đang dọn
KGI001_R011,KGI001,Deluxe Room,1800000,Đang dọn
KGI001_R012,KGI001,Superior Room,1500000,Trống
KGI001_R013,KGI001,Superior Room,1500000,Đang sử dụng
KGI001_R014,KGI001,Superior Room,1500000,Đang dọn
KGI001_R015,KGI001,Executive Room,2400000,Trống
KGI001_R016,KGI001,Junior Suite,2800000,Trống
KGI001_R017,KGI001,Suite,3500000,Đang dọn
KGI001_R018,KGI001,Family Room,2200000,Trống
KGI001_R019,KGI001,Family Room,2200000,Đang sử dụng
KGI001_R020,KGI001,Connecting Room,2000000,Đang dọn
KGI001_R021,KGI001,Twin Room,1700000,Trống
KGI001_R022,KGI001,Double Room,1700000,Đang dọn
KGI002_R001,KGI002,Standard Room,1200000,Trống
KGI002_R002,KGI002,Standard Room,1200000,Đang sử dụng
KGI002_R003,KGI002,Standard Room,1200000,Đang dọn
KGI002_R004,KGI002,Standard Room,1200000,Đang sử dụng
KGI002_R005,KGI002,Standard Room,1200000,Đang dọn
KGI002_R006,KGI002,Standard Room,1200000,Trống
KGI002_R007,KGI002,Standard Room,1200000,Đang dọn
KGI002_R008,KGI002,Standard Room,1200000,Đang dọn
KGI002_R009,KGI002,Standard Room,1200000,Đang dọn
KGI002_R010,KGI002,Standard Room,1200000,Đang dọn
KGI002_R011,KGI002,Deluxe Room,1800000,Đang sử dụng
KGI002_R012,KGI002,Deluxe Room,1800000,Đang sử dụng
KGI002_R013,KGI002,Deluxe Room,1800000,Đang sử dụng
KGI002_R014,KGI002,Deluxe Room,1800000,Đang sử dụng
KGI002_R015,KGI002,Deluxe Room,1800000,Đang sử dụng
KGI002_R016,KGI002,Deluxe Room,1800000,Đang dọn
KGI002_R017,KGI002,Deluxe Room,1800000,Đang dọn
KGI002_R018,KGI002,Superior Room,1500000,Đang dọn
KGI002_R019,KGI002,Superior Room,1500000,Đang dọn
KGI002_R020,KGI002,Superior Room,1500000,Trống
KGI002_R021,KGI002,Superior Room,1500000,Đang sử dụng
KGI002_R022,KGI002,Executive Room,2400000,Đang dọn
KGI002_R023,KGI002,Executive Room,2400000,Trống
KGI002_R024,KGI002,Junior Suite,2800000,Đang dọn
KGI002_R025,KGI002,Junior Suite,2800000,Đang sử dụng
KGI002_R026,KGI002,Suite,3500000,Đang sử dụng
KGI002_R027,KGI002,Suite,3500000,Đang dọn
KGI002_R028,KGI002,Family Room,2200000,Đang dọn
KGI002_R029,KGI002,Family Room,2200000,Trống
KGI002_R030,KGI002,Connecting Room,2000000,Trống
KGI002_R031,KGI002,Connecting Room,2000000,Trống
KGI002_R032,KGI002,Twin Room,1700000,Trống
KGI002_R033,KGI002,Double Room,1700000,Trống
KGI002_R034,KGI002,Double Room,1700000,Trống
KGI002_R035,KGI002,Single Room,1000000,Đang sử dụng
KGI002_R036,KGI002,Studio Room,1300000,Trống
KGI002_R037,KGI002,Accessible Room,1100000,Trống
KTM001_R001,KTM001,Standard Room,1200000,Đang dọn
KTM001_R002,KTM001,Standard Room,1200000,Đang sử dụng
KTM001_R003,KTM001,Standard Room,1200000,Đang sử dụng
KTM001_R004,KTM001,Standard Room,1200000,Đang dọn
KTM001_R005,KTM001,Standard Room,1200000,Trống
KTM001_R006,KTM001,Deluxe Room,1800000,Đang dọn
KTM001_R007,KTM001,Deluxe Room,1800000,Đang sử dụng
KTM001_R008,KTM001,Deluxe Room,1800000,Đang dọn
KTM001_R009,KTM001,Superior Room,1500000,Đang dọn
KTM001_R010,KTM001,Superior Room,1500000,Trống
KTM001_R011,KTM001,Executive Room,2400000,Đang dọn
KTM001_R012,KTM001,Junior Suite,2800000,Đang dọn
KTM001_R013,KTM001,Suite,3500000,Đang dọn
KTM001_R014,KTM001,Family Room,2200000,Đang dọn
KTM001_R015,KTM001,Connecting Room,2000000,Đang sử dụng
KTM001_R016,KTM001,Twin Room,1700000,Trống
KTM001_R017,KTM001,Double Room,1700000,Đang sử dụng
KTM002_R001,KTM002,Standard Room,1200000,Đang dọn
KTM002_R002,KTM002,Standard Room,1200000,Trống
KTM002_R003,KTM002,Standard Room,1200000,Trống
KTM002_R004,KTM002,Standard Room,1200000,Đang dọn
KTM002_R005,KTM002,Standard Room,1200000,Đang sử dụng
KTM002_R006,KTM002,Deluxe Room,1800000,Đang sử dụng
KTM002_R007,KTM002,Deluxe Room,1800000,Đang sử dụng
KTM002_R008,KTM002,Deluxe Room,1800000,Đang dọn
KTM002_R009,KTM002,Deluxe Room,1800000,Đang dọn
KTM002_R010,KTM002,Superior Room,1500000,Đang sử dụng
KTM002_R011,KTM002,Superior Room,1500000,Đang sử dụng
KTM002_R012,KTM002,Executive Room,2400000,Đang sử dụng
KTM002_R013,KTM002,Junior Suite,2800000,Trống
KTM002_R014,KTM002,Suite,3500000,Đang dọn
KTM002_R015,KTM002,Family Room,2200000,Đang sử dụng
KTM002_R016,KTM002,Connecting Room,2000000,Đang sử dụng
KTM002_R017,KTM002,Twin Room,1700000,Đang sử dụng
KTM002_R018,KTM002,Double Room,1700000,Đang dọn
LCI001_R001,LCI001,Standard Room,1200000,Đang sử dụng
LCI001_R002,LCI001,Standard Room,1200000,Đang dọn
LCI001_R003,LCI001,Standard Room,1200000,Đang dọn
LCI001_R004,LCI001,Standard Room,1200000,Trống
LCI001_R005,LCI001,Standard Room,1200000,Đang sử dụng
LCI001_R006,LCI001,Standard Room,1200000,Đang dọn
LCI001_R007,LCI001,Standard Room,1200000,Đang sử dụng
LCI001_R008,LCI001,Standard Room,1200000,Đang sử dụng
LCI001_R009,LCI001,Standard Room,1200000,Trống
LCI001_R010,LCI001,Standard Room,1200000,Đang sử dụng
LCI001_R011,LCI001,Standard Room,1200000,Đang sử dụng
LCI001_R012,LCI001,Deluxe Room,1800000,Đang dọn
LCI001_R013,LCI001,Deluxe Room,1800000,Đang dọn
LCI001_R014,LCI001,Deluxe Room,1800000,Trống
LCI001_R015,LCI001,Deluxe Room,1800000,Trống
LCI001_R016,LCI001,Deluxe Room,1800000,Trống
LCI001_R017,LCI001,Deluxe Room,1800000,Đang dọn
LCI001_R018,LCI001,Deluxe Room,1800000,Trống
LCI001_R019,LCI001,Deluxe Room,1800000,Đang dọn
LCI001_R020,LCI001,Superior Room,1500000,Đang sử dụng
LCI001_R021,LCI001,Superior Room,1500000,Đang sử dụng
LCI001_R022,LCI001,Superior Room,1500000,Trống
LCI001_R023,LCI001,Superior Room,1500000,Đang dọn
LCI001_R024,LCI001,Superior Room,1500000,Trống
LCI001_R025,LCI001,Executive Room,2400000,Đang sử dụng
LCI001_R026,LCI001,Executive Room,2400000,Trống
LCI001_R027,LCI001,Junior Suite,2800000,Đang dọn
LCI001_R028,LCI001,Junior Suite,2800000,Đang dọn
LCI001_R029,LCI001,Suite,3500000,Đang dọn
LCI001_R030,LCI001,Suite,3500000,Đang sử dụng
LCI001_R031,LCI001,Family Room,2200000,Đang dọn
LCI001_R032,LCI001,Family Room,2200000,Đang dọn
LCI001_R033,LCI001,Family Room,2200000,Trống
LCI001_R034,LCI001,Connecting Room,2000000,Đang sử dụng
LCI001_R035,LCI001,Connecting Room,2000000,Đang dọn
LCI001_R036,LCI001,Twin Room,1700000,Trống
LCI001_R037,LCI001,Twin Room,1700000,Đang dọn
LCI001_R038,LCI001,Double Room,1700000,Đang sử dụng
LCI001_R039,LCI001,Double Room,1700000,Đang sử dụng
LCI001_R040,LCI001,Single Room,1000000,Đang sử dụng
LCI001_R041,LCI001,Studio Room,1300000,Đang sử dụng
LCI001_R042,LCI001,Accessible Room,1100000,Đang dọn
LCI002_R001,LCI002,Standard Room,1200000,Trống
LCI002_R002,LCI002,Standard Room,1200000,Đang dọn
LCI002_R003,LCI002,Standard Room,1200000,Đang sử dụng
LCI002_R004,LCI002,Standard Room,1200000,Đang dọn
LCI002_R005,LCI002,Standard Room,1200000,Đang dọn
LCI002_R006,LCI002,Standard Room,1200000,Trống
LCI002_R007,LCI002,Standard Room,1200000,Trống
LCI002_R008,LCI002,Deluxe Room,1800000,Đang sử dụng
LCI002_R009,LCI002,Deluxe Room,1800000,Đang sử dụng
LCI002_R010,LCI002,Deluxe Room,1800000,Đang dọn
LCI002_R011,LCI002,Deluxe Room,1800000,Đang dọn
LCI002_R012,LCI002,Deluxe Room,1800000,Trống
LCI002_R013,LCI002,Superior Room,1500000,Đang dọn
LCI002_R014,LCI002,Superior Room,1500000,Đang sử dụng
LCI002_R015,LCI002,Superior Room,1500000,Đang sử dụng
LCI002_R016,LCI002,Executive Room,2400000,Đang dọn
LCI002_R017,LCI002,Junior Suite,2800000,Đang sử dụng
LCI002_R018,LCI002,Suite,3500000,Trống
LCI002_R019,LCI002,Family Room,2200000,Đang dọn
LCI002_R020,LCI002,Family Room,2200000,Đang sử dụng
LCI002_R021,LCI002,Connecting Room,2000000,Đang sử dụng
LCI002_R022,LCI002,Twin Room,1700000,Trống
LCI002_R023,LCI002,Double Room,1700000,Trống
LCH001_R001,LCH001,Standard Room,1200000,Đang dọn
LCH001_R002,LCH001,Standard Room,1200000,Đang dọn
LCH001_R003,LCH001,Standard Room,1200000,Đang sử dụng
LCH001_R004,LCH001,Standard Room,1200000,Trống
LCH001_R005,LCH001,Standard Room,1200000,Đang sử dụng
LCH001_R006,LCH001,Standard Room,1200000,Trống
LCH001_R007,LCH001,Standard Room,1200000,Đang sử dụng
LCH001_R008,LCH001,Deluxe Room,1800000,Trống
LCH001_R009,LCH001,Deluxe Room,1800000,Đang dọn
LCH001_R010,LCH001,Deluxe Room,1800000,Đang sử dụng
LCH001_R011,LCH001,Deluxe Room,1800000,Đang sử dụng
LCH001_R012,LCH001,Superior Room,1500000,Đang dọn
LCH001_R013,LCH001,Superior Room,1500000,Đang dọn
LCH001_R014,LCH001,Superior Room,1500000,Đang sử dụng
LCH001_R015,LCH001,Executive Room,2400000,Trống
LCH001_R016,LCH001,Junior Suite,2800000,Trống
LCH001_R017,LCH001,Suite,3500000,Đang dọn
LCH001_R018,LCH001,Family Room,2200000,Đang dọn
LCH001_R019,LCH001,Family Room,2200000,Trống
LCH001_R020,LCH001,Connecting Room,2000000,Trống
LCH001_R021,LCH001,Twin Room,1700000,Trống
LCH001_R022,LCH001,Double Room,1700000,Đang sử dụng
LCH002_R001,LCH002,Standard Room,1200000,Trống
LCH002_R002,LCH002,Standard Room,1200000,Đang sử dụng
LCH002_R003,LCH002,Standard Room,1200000,Trống
LCH002_R004,LCH002,Standard Room,1200000,Đang dọn
LCH002_R005,LCH002,Standard Room,1200000,Đang dọn
LCH002_R006,LCH002,Standard Room,1200000,Đang dọn
LCH002_R007,LCH002,Standard Room,1200000,Trống
LCH002_R008,LCH002,Deluxe Room,1800000,Đang dọn
LCH002_R009,LCH002,Deluxe Room,1800000,Trống
LCH002_R010,LCH002,Deluxe Room,1800000,Đang sử dụng
LCH002_R011,LCH002,Deluxe Room,1800000,Đang dọn
LCH002_R012,LCH002,Deluxe Room,1800000,Trống
LCH002_R013,LCH002,Superior Room,1500000,Đang sử dụng
LCH002_R014,LCH002,Superior Room,1500000,Đang dọn
LCH002_R015,LCH002,Superior Room,1500000,Đang dọn
LCH002_R016,LCH002,Executive Room,2400000,Đang sử dụng
LCH002_R017,LCH002,Junior Suite,2800000,Trống
LCH002_R018,LCH002,Suite,3500000,Đang dọn
LCH002_R019,LCH002,Family Room,2200000,Đang sử dụng
LCH002_R020,LCH002,Family Room,2200000,Đang dọn
LCH002_R021,LCH002,Connecting Room,2000000,Đang sử dụng
LCH002_R022,LCH002,Twin Room,1700000,Đang sử dụng
LCH002_R023,LCH002,Double Room,1700000,Đang dọn
LDO001_R001,LDO001,Standard Room,1200000,Trống
LDO001_R002,LDO001,Standard Room,1200000,Đang dọn
LDO001_R003,LDO001,Standard Room,1200000,Đang dọn
LDO001_R004,LDO001,Standard Room,1200000,Trống
LDO001_R005,LDO001,Standard Room,1200000,Đang dọn
LDO001_R006,LDO001,Deluxe Room,1800000,Đang sử dụng
LDO001_R007,LDO001,Deluxe Room,1800000,Trống
LDO001_R008,LDO001,Deluxe Room,1800000,Đang dọn
LDO001_R009,LDO001,Superior Room,1500000,Trống
LDO001_R010,LDO001,Superior Room,1500000,Đang dọn
LDO001_R011,LDO001,Executive Room,2400000,Trống
LDO001_R012,LDO001,Junior Suite,2800000,Đang sử dụng
LDO001_R013,LDO001,Suite,3500000,Trống
LDO001_R014,LDO001,Family Room,2200000,Đang dọn
LDO001_R015,LDO001,Connecting Room,2000000,Trống
LDO001_R016,LDO001,Twin Room,1700000,Trống
LDO001_R017,LDO001,Double Room,1700000,Đang sử dụng
LDO002_R001,LDO002,Standard Room,1200000,Trống
LDO002_R002,LDO002,Standard Room,1200000,Trống
LDO002_R003,LDO002,Standard Room,1200000,Đang dọn
LDO002_R004,LDO002,Standard Room,1200000,Đang sử dụng
LDO002_R005,LDO002,Standard Room,1200000,Trống
LDO002_R006,LDO002,Standard Room,1200000,Đang dọn
LDO002_R007,LDO002,Standard Room,1200000,Đang dọn
LDO002_R008,LDO002,Deluxe Room,1800000,Đang dọn
LDO002_R009,LDO002,Deluxe Room,1800000,Đang sử dụng
LDO002_R010,LDO002,Deluxe Room,1800000,Đang dọn
LDO002_R011,LDO002,Deluxe Room,1800000,Đang dọn
LDO002_R012,LDO002,Deluxe Room,1800000,Đang dọn
LDO002_R013,LDO002,Superior Room,1500000,Trống
LDO002_R014,LDO002,Superior Room,1500000,Đang dọn
LDO002_R015,LDO002,Superior Room,1500000,Đang dọn
LDO002_R016,LDO002,Executive Room,2400000,Đang sử dụng
LDO002_R017,LDO002,Junior Suite,2800000,Đang sử dụng
LDO002_R018,LDO002,Suite,3500000,Đang dọn
LDO002_R019,LDO002,Family Room,2200000,Đang dọn
LDO002_R020,LDO002,Family Room,2200000,Trống
LDO002_R021,LDO002,Connecting Room,2000000,Đang sử dụng
LDO002_R022,LDO002,Twin Room,1700000,Đang dọn
LDO002_R023,LDO002,Double Room,1700000,Đang dọn
LCA001_R001,LCA001,Standard Room,1200000,Trống
LCA001_R002,LCA001,Standard Room,1200000,Đang sử dụng
LCA001_R003,LCA001,Standard Room,1200000,Đang dọn
LCA001_R004,LCA001,Standard Room,1200000,Đang dọn
LCA001_R005,LCA001,Standard Room,1200000,Trống
LCA001_R006,LCA001,Standard Room,1200000,Đang sử dụng
LCA001_R007,LCA001,Deluxe Room,1800000,Trống
LCA001_R008,LCA001,Deluxe Room,1800000,Trống
LCA001_R009,LCA001,Deluxe Room,1800000,Đang sử dụng
LCA001_R010,LCA001,Deluxe Room,1800000,Đang dọn
LCA001_R011,LCA001,Superior Room,1500000,Trống
LCA001_R012,LCA001,Superior Room,1500000,Đang dọn
LCA001_R013,LCA001,Executive Room,2400000,Trống
LCA001_R014,LCA001,Junior Suite,2800000,Trống
LCA001_R015,LCA001,Suite,3500000,Đang sử dụng
LCA001_R016,LCA001,Family Room,2200000,Trống
LCA001_R017,LCA001,Connecting Room,2000000,Trống
LCA001_R018,LCA001,Twin Room,1700000,Trống
LCA001_R019,LCA001,Double Room,1700000,Trống
LCA002_R001,LCA002,Standard Room,1200000,Đang sử dụng
LCA002_R002,LCA002,Standard Room,1200000,Đang sử dụng
LCA002_R003,LCA002,Standard Room,1200000,Đang dọn
LCA002_R004,LCA002,Deluxe Room,1800000,Trống
LCA002_R005,LCA002,Deluxe Room,1800000,Trống
LCA002_R006,LCA002,Superior Room,1500000,Trống
LCA002_R007,LCA002,Executive Room,2400000,Trống
LCA002_R008,LCA002,Junior Suite,2800000,Đang dọn
LCA002_R009,LCA002,Suite,3500000,Đang sử dụng
LCA002_R010,LCA002,Family Room,2200000,Đang dọn
LCA002_R011,LCA002,Connecting Room,2000000,Trống
LCA002_R012,LCA002,Double Room,1700000,Đang sử dụng
LAG001_R001,LAG001,Standard Room,1200000,Đang sử dụng
LAG001_R002,LAG001,Standard Room,1200000,Đang dọn
LAG001_R003,LAG001,Standard Room,1200000,Đang dọn
LAG001_R004,LAG001,Standard Room,1200000,Đang sử dụng
LAG001_R005,LAG001,Standard Room,1200000,Trống
LAG001_R006,LAG001,Deluxe Room,1800000,Trống
LAG001_R007,LAG001,Deluxe Room,1800000,Trống
LAG001_R008,LAG001,Deluxe Room,1800000,Đang dọn
LAG001_R009,LAG001,Superior Room,1500000,Đang sử dụng
LAG001_R010,LAG001,Superior Room,1500000,Đang sử dụng
LAG001_R011,LAG001,Executive Room,2400000,Đang dọn
LAG001_R012,LAG001,Junior Suite,2800000,Đang sử dụng
LAG001_R013,LAG001,Suite,3500000,Trống
LAG001_R014,LAG001,Family Room,2200000,Đang sử dụng
LAG001_R015,LAG001,Connecting Room,2000000,Đang dọn
LAG001_R016,LAG001,Twin Room,1700000,Trống
LAG001_R017,LAG001,Double Room,1700000,Đang dọn
LAG002_R001,LAG002,Standard Room,1200000,Đang dọn
LAG002_R002,LAG002,Standard Room,1200000,Đang sử dụng
LAG002_R003,LAG002,Standard Room,1200000,Trống
LAG002_R004,LAG002,Standard Room,1200000,Trống
LAG002_R005,LAG002,Standard Room,1200000,Đang dọn
LAG002_R006,LAG002,Standard Room,1200000,Đang dọn
LAG002_R007,LAG002,Standard Room,1200000,Đang dọn
LAG002_R008,LAG002,Deluxe Room,1800000,Đang dọn
LAG002_R009,LAG002,Deluxe Room,1800000,Đang dọn
LAG002_R010,LAG002,Deluxe Room,1800000,Đang sử dụng
LAG002_R011,LAG002,Deluxe Room,1800000,Trống
LAG002_R012,LAG002,Deluxe Room,1800000,Đang sử dụng
LAG002_R013,LAG002,Superior Room,1500000,Trống
LAG002_R014,LAG002,Superior Room,1500000,Trống
LAG002_R015,LAG002,Superior Room,1500000,Trống
LAG002_R016,LAG002,Executive Room,2400000,Trống
LAG002_R017,LAG002,Junior Suite,2800000,Trống
LAG002_R018,LAG002,Suite,3500000,Đang dọn
LAG002_R019,LAG002,Family Room,2200000,Đang dọn
LAG002_R020,LAG002,Family Room,2200000,Trống
LAG002_R021,LAG002,Connecting Room,2000000,Trống
LAG002_R022,LAG002,Twin Room,1700000,Đang dọn
LAG002_R023,LAG002,Double Room,1700000,Đang dọn
NDH001_R001,NDH001,Standard Room,1200000,Đang dọn
NDH001_R002,NDH001,Standard Room,1200000,Đang sử dụng
NDH001_R003,NDH001,Standard Room,1200000,Đang sử dụng
NDH001_R004,NDH001,Standard Room,1200000,Trống
NDH001_R005,NDH001,Standard Room,1200000,Trống
NDH001_R006,NDH001,Standard Room,1200000,Đang sử dụng
NDH001_R007,NDH001,Standard Room,1200000,Trống
NDH001_R008,NDH001,Standard Room,1200000,Đang sử dụng
NDH001_R009,NDH001,Deluxe Room,1800000,Đang dọn
NDH001_R010,NDH001,Deluxe Room,1800000,Đang dọn
NDH001_R011,NDH001,Deluxe Room,1800000,Đang sử dụng
NDH001_R012,NDH001,Deluxe Room,1800000,Trống
NDH001_R013,NDH001,Deluxe Room,1800000,Trống
NDH001_R014,NDH001,Superior Room,1500000,Đang dọn
NDH001_R015,NDH001,Superior Room,1500000,Đang dọn
NDH001_R016,NDH001,Superior Room,1500000,Trống
NDH001_R017,NDH001,Executive Room,2400000,Trống
NDH001_R018,NDH001,Junior Suite,2800000,Trống
NDH001_R019,NDH001,Suite,3500000,Đang dọn
NDH001_R020,NDH001,Family Room,2200000,Đang dọn
NDH001_R021,NDH001,Family Room,2200000,Đang sử dụng
NDH001_R022,NDH001,Connecting Room,2000000,Đang sử dụng
NDH001_R023,NDH001,Twin Room,1700000,Trống
NDH001_R024,NDH001,Double Room,1700000,Đang sử dụng
NDH001_R025,NDH001,Single Room,1000000,Đang dọn
NDH001_R026,NDH001,Studio Room,1300000,Đang dọn
NDH001_R027,NDH001,Accessible Room,1100000,Đang sử dụng
NDH002_R001,NDH002,Standard Room,1200000,Đang dọn
NDH002_R002,NDH002,Standard Room,1200000,Trống
NDH002_R003,NDH002,Standard Room,1200000,Đang sử dụng
NDH002_R004,NDH002,Deluxe Room,1800000,Trống
NDH002_R005,NDH002,Deluxe Room,1800000,Đang dọn
NDH002_R006,NDH002,Superior Room,1500000,Trống
NDH002_R007,NDH002,Family Room,2200000,Trống
NBH001_R001,NBH001,Standard Room,1200000,Đang dọn
NBH001_R002,NBH001,Standard Room,1200000,Đang sử dụng
NBH001_R003,NBH001,Standard Room,1200000,Đang dọn
NBH001_R004,NBH001,Standard Room,1200000,Trống
NBH001_R005,NBH001,Standard Room,1200000,Đang dọn
NBH001_R006,NBH001,Standard Room,1200000,Trống
NBH001_R007,NBH001,Standard Room,1200000,Trống
NBH001_R008,NBH001,Standard Room,1200000,Đang sử dụng
NBH001_R009,NBH001,Deluxe Room,1800000,Trống
NBH001_R010,NBH001,Deluxe Room,1800000,Đang dọn
NBH001_R011,NBH001,Deluxe Room,1800000,Đang dọn
NBH001_R012,NBH001,Deluxe Room,1800000,Đang dọn
NBH001_R013,NBH001,Deluxe Room,1800000,Đang dọn
NBH001_R014,NBH001,Superior Room,1500000,Đang dọn
NBH001_R015,NBH001,Superior Room,1500000,Đang sử dụng
NBH001_R016,NBH001,Superior Room,1500000,Trống
NBH001_R017,NBH001,Executive Room,2400000,Đang sử dụng
NBH001_R018,NBH001,Junior Suite,2800000,Trống
NBH001_R019,NBH001,Suite,3500000,Đang dọn
NBH001_R020,NBH001,Family Room,2200000,Trống
NBH001_R021,NBH001,Family Room,2200000,Đang dọn
NBH001_R022,NBH001,Connecting Room,2000000,Đang sử dụng
NBH001_R023,NBH001,Twin Room,1700000,Đang sử dụng
NBH001_R024,NBH001,Double Room,1700000,Đang dọn
NBH001_R025,NBH001,Single Room,1000000,Đang dọn
NBH001_R026,NBH001,Studio Room,1300000,Đang dọn
NBH001_R027,NBH001,Accessible Room,1100000,Trống
NBH002_R001,NBH002,Standard Room,1200000,Trống
NBH002_R002,NBH002,Standard Room,1200000,Đang sử dụng
NBH002_R003,NBH002,Standard Room,1200000,Đang dọn
NBH002_R004,NBH002,Standard Room,1200000,Trống
NBH002_R005,NBH002,Standard Room,1200000,Đang dọn
NBH002_R006,NBH002,Standard Room,1200000,Trống
NBH002_R007,NBH002,Standard Room,1200000,Trống
NBH002_R008,NBH002,Deluxe Room,1800000,Trống
NBH002_R009,NBH002,Deluxe Room,1800000,Đang dọn
NBH002_R010,NBH002,Deluxe Room,1800000,Đang sử dụng
NBH002_R011,NBH002,Deluxe Room,1800000,Đang dọn
NBH002_R012,NBH002,Deluxe Room,1800000,Đang dọn
NBH002_R013,NBH002,Superior Room,1500000,Đang sử dụng
NBH002_R014,NBH002,Superior Room,1500000,Trống
NBH002_R015,NBH002,Superior Room,1500000,Đang sử dụng
NBH002_R016,NBH002,Executive Room,2400000,Đang sử dụng
NBH002_R017,NBH002,Junior Suite,2800000,Đang sử dụng
NBH002_R018,NBH002,Suite,3500000,Đang dọn
NBH002_R019,NBH002,Family Room,2200000,Đang dọn
NBH002_R020,NBH002,Family Room,2200000,Đang dọn
NBH002_R021,NBH002,Connecting Room,2000000,Trống
NBH002_R022,NBH002,Twin Room,1700000,Đang sử dụng
NBH002_R023,NBH002,Double Room,1700000,Đang dọn
NTN001_R001,NTN001,Standard Room,1200000,Đang dọn
NTN001_R002,NTN001,Standard Room,1200000,Trống
NTN001_R003,NTN001,Standard Room,1200000,Đang dọn
NTN001_R004,NTN001,Standard Room,1200000,Trống
NTN001_R005,NTN001,Standard Room,1200000,Trống
NTN001_R006,NTN001,Standard Room,1200000,Đang sử dụng
NTN001_R007,NTN001,Standard Room,1200000,Trống
NTN001_R008,NTN001,Standard Room,1200000,Trống
NTN001_R009,NTN001,Deluxe Room,1800000,Trống
NTN001_R010,NTN001,Deluxe Room,1800000,Đang dọn
NTN001_R011,NTN001,Deluxe Room,1800000,Đang dọn
NTN001_R012,NTN001,Deluxe Room,1800000,Đang sử dụng
NTN001_R013,NTN001,Deluxe Room,1800000,Trống
NTN001_R014,NTN001,Superior Room,1500000,Trống
NTN001_R015,NTN001,Superior Room,1500000,Trống
NTN001_R016,NTN001,Superior Room,1500000,Đang sử dụng
NTN001_R017,NTN001,Executive Room,2400000,Trống
NTN001_R018,NTN001,Junior Suite,2800000,Trống
NTN001_R019,NTN001,Suite,3500000,Đang sử dụng
NTN001_R020,NTN001,Family Room,2200000,Đang dọn
NTN001_R021,NTN001,Family Room,2200000,Trống
NTN001_R022,NTN001,Connecting Room,2000000,Đang dọn
NTN001_R023,NTN001,Twin Room,1700000,Đang dọn
NTN001_R024,NTN001,Double Room,1700000,Đang dọn
NTN001_R025,NTN001,Single Room,1000000,Đang dọn
NTN001_R026,NTN001,Studio Room,1300000,Đang sử dụng
NTN001_R027,NTN001,Accessible Room,1100000,Trống
NTN002_R001,NTN002,Standard Room,1200000,Đang dọn
NTN002_R002,NTN002,Standard Room,1200000,Đang dọn
NTN002_R003,NTN002,Standard Room,1200000,Đang sử dụng
NTN002_R004,NTN002,Standard Room,1200000,Đang sử dụng
NTN002_R005,NTN002,Standard Room,1200000,Trống
NTN002_R006,NTN002,Standard Room,1200000,Đang sử dụng
NTN002_R007,NTN002,Standard Room,1200000,Trống
NTN002_R008,NTN002,Standard Room,1200000,Đang dọn
NTN002_R009,NTN002,Standard Room,1200000,Đang dọn
NTN002_R010,NTN002,Standard Room,1200000,Đang dọn
NTN002_R011,NTN002,Deluxe Room,1800000,Đang sử dụng
NTN002_R012,NTN002,Deluxe Room,1800000,Đang sử dụng
NTN002_R013,NTN002,Deluxe Room,1800000,Đang dọn
NTN002_R014,NTN002,Deluxe Room,1800000,Đang sử dụng
NTN002_R015,NTN002,Deluxe Room,1800000,Trống
NTN002_R016,NTN002,Deluxe Room,1800000,Trống
NTN002_R017,NTN002,Deluxe Room,1800000,Đang dọn
NTN002_R018,NTN002,Superior Room,1500000,Trống
NTN002_R019,NTN002,Superior Room,1500000,Trống
NTN002_R020,NTN002,Superior Room,1500000,Đang sử dụng
NTN002_R021,NTN002,Superior Room,1500000,Đang sử dụng
NTN002_R022,NTN002,Executive Room,2400000,Đang sử dụng
NTN002_R023,NTN002,Executive Room,2400000,Trống
NTN002_R024,NTN002,Junior Suite,2800000,Đang sử dụng
NTN002_R025,NTN002,Junior Suite,2800000,Trống
NTN002_R026,NTN002,Suite,3500000,Đang sử dụng
NTN002_R027,NTN002,Suite,3500000,Đang dọn
NTN002_R028,NTN002,Family Room,2200000,Đang sử dụng
NTN002_R029,NTN002,Family Room,2200000,Đang sử dụng
NTN002_R030,NTN002,Connecting Room,2000000,Trống
NTN002_R031,NTN002,Connecting Room,2000000,Đang dọn
NTN002_R032,NTN002,Twin Room,1700000,Đang sử dụng
NTN002_R033,NTN002,Double Room,1700000,Đang sử dụng
NTN002_R034,NTN002,Double Room,1700000,Đang sử dụng
NTN002_R035,NTN002,Single Room,1000000,Trống
NTN002_R036,NTN002,Studio Room,1300000,Đang sử dụng
NTN002_R037,NTN002,Accessible Room,1100000,Đang dọn
PTU001_R001,PTU001,Standard Room,1200000,Trống
PTU001_R002,PTU001,Standard Room,1200000,Đang dọn
PTU001_R003,PTU001,Standard Room,1200000,Trống
PTU001_R004,PTU001,Deluxe Room,1800000,Đang dọn
PTU001_R005,PTU001,Deluxe Room,1800000,Trống
PTU001_R006,PTU001,Superior Room,1500000,Đang dọn
PTU001_R007,PTU001,Family Room,2200000,Đang dọn
PTU002_R001,PTU002,Standard Room,1200000,Trống
PTU002_R002,PTU002,Standard Room,1200000,Đang dọn
PTU002_R003,PTU002,Standard Room,1200000,Đang dọn
PTU002_R004,PTU002,Standard Room,1200000,Trống
PTU002_R005,PTU002,Standard Room,1200000,Trống
PTU002_R006,PTU002,Standard Room,1200000,Trống
PTU002_R007,PTU002,Standard Room,1200000,Đang sử dụng
PTU002_R008,PTU002,Standard Room,1200000,Đang sử dụng
PTU002_R009,PTU002,Standard Room,1200000,Trống
PTU002_R010,PTU002,Standard Room,1200000,Trống
PTU002_R011,PTU002,Standard Room,1200000,Trống
PTU002_R012,PTU002,Deluxe Room,1800000,Đang sử dụng
PTU002_R013,PTU002,Deluxe Room,1800000,Trống
PTU002_R014,PTU002,Deluxe Room,1800000,Đang dọn
PTU002_R015,PTU002,Deluxe Room,1800000,Đang sử dụng
PTU002_R016,PTU002,Deluxe Room,1800000,Trống
PTU002_R017,PTU002,Deluxe Room,1800000,Trống
PTU002_R018,PTU002,Deluxe Room,1800000,Đang sử dụng
PTU002_R019,PTU002,Superior Room,1500000,Trống
PTU002_R020,PTU002,Superior Room,1500000,Đang dọn
PTU002_R021,PTU002,Superior Room,1500000,Đang sử dụng
PTU002_R022,PTU002,Superior Room,1500000,Đang sử dụng
PTU002_R023,PTU002,Executive Room,2400000,Đang dọn
PTU002_R024,PTU002,Executive Room,2400000,Đang sử dụng
PTU002_R025,PTU002,Junior Suite,2800000,Đang dọn
PTU002_R026,PTU002,Junior Suite,2800000,Đang sử dụng
PTU002_R027,PTU002,Suite,3500000,Đang dọn
PTU002_R028,PTU002,Suite,3500000,Đang sử dụng
PTU002_R029,PTU002,Family Room,2200000,Đang dọn
PTU002_R030,PTU002,Family Room,2200000,Trống
PTU002_R031,PTU002,Family Room,2200000,Đang dọn
PTU002_R032,PTU002,Connecting Room,2000000,Đang dọn
PTU002_R033,PTU002,Connecting Room,2000000,Đang sử dụng
PTU002_R034,PTU002,Twin Room,1700000,Đang dọn
PTU002_R035,PTU002,Double Room,1700000,Đang sử dụng
PTU002_R036,PTU002,Double Room,1700000,Đang sử dụng
PTU002_R037,PTU002,Single Room,1000000,Đang dọn
PTU002_R038,PTU002,Studio Room,1300000,Đang sử dụng
PTU002_R039,PTU002,Accessible Room,1100000,Đang dọn
PYN001_R001,PYN001,Standard Room,1200000,Đang sử dụng
PYN001_R002,PYN001,Standard Room,1200000,Đang sử dụng
PYN001_R003,PYN001,Standard Room,1200000,Trống
PYN001_R004,PYN001,Deluxe Room,1800000,Đang dọn
PYN001_R005,PYN001,Deluxe Room,1800000,Đang dọn
PYN001_R006,PYN001,Superior Room,1500000,Đang sử dụng
PYN001_R007,PYN001,Executive Room,2400000,Trống
PYN001_R008,PYN001,Junior Suite,2800000,Trống
PYN001_R009,PYN001,Suite,3500000,Trống
PYN001_R010,PYN001,Family Room,2200000,Đang dọn
PYN001_R011,PYN001,Connecting Room,2000000,Đang dọn
PYN001_R012,PYN001,Double Room,1700000,Đang dọn
PYN002_R001,PYN002,Standard Room,1200000,Đang sử dụng
PYN002_R002,PYN002,Standard Room,1200000,Đang dọn
PYN002_R003,PYN002,Standard Room,1200000,Trống
PYN002_R004,PYN002,Standard Room,1200000,Đang sử dụng
PYN002_R005,PYN002,Standard Room,1200000,Đang dọn
PYN002_R006,PYN002,Standard Room,1200000,Trống
PYN002_R007,PYN002,Standard Room,1200000,Đang sử dụng
PYN002_R008,PYN002,Standard Room,1200000,Trống
PYN002_R009,PYN002,Standard Room,1200000,Đang sử dụng
PYN002_R010,PYN002,Standard Room,1200000,Trống
PYN002_R011,PYN002,Standard Room,1200000,Trống
PYN002_R012,PYN002,Deluxe Room,1800000,Đang dọn
PYN002_R013,PYN002,Deluxe Room,1800000,Đang dọn
PYN002_R014,PYN002,Deluxe Room,1800000,Trống
PYN002_R015,PYN002,Deluxe Room,1800000,Đang dọn
PYN002_R016,PYN002,Deluxe Room,1800000,Đang dọn
PYN002_R017,PYN002,Deluxe Room,1800000,Đang sử dụng
PYN002_R018,PYN002,Deluxe Room,1800000,Đang sử dụng
PYN002_R019,PYN002,Superior Room,1500000,Trống
PYN002_R020,PYN002,Superior Room,1500000,Đang sử dụng
PYN002_R021,PYN002,Superior Room,1500000,Đang dọn
PYN002_R022,PYN002,Superior Room,1500000,Đang sử dụng
PYN002_R023,PYN002,Executive Room,2400000,Đang dọn
PYN002_R024,PYN002,Executive Room,2400000,Trống
PYN002_R025,PYN002,Junior Suite,2800000,Đang sử dụng
PYN002_R026,PYN002,Junior Suite,2800000,Đang dọn
PYN002_R027,PYN002,Suite,3500000,Trống
PYN002_R028,PYN002,Suite,3500000,Trống
PYN002_R029,PYN002,Family Room,2200000,Trống
PYN002_R030,PYN002,Family Room,2200000,Đang dọn
PYN002_R031,PYN002,Family Room,2200000,Đang sử dụng
PYN002_R032,PYN002,Connecting Room,2000000,Đang dọn
PYN002_R033,PYN002,Connecting Room,2000000,Đang dọn
PYN002_R034,PYN002,Twin Room,1700000,Trống
PYN002_R035,PYN002,Double Room,1700000,Đang dọn
PYN002_R036,PYN002,Double Room,1700000,Đang sử dụng
PYN002_R037,PYN002,Single Room,1000000,Đang dọn
PYN002_R038,PYN002,Studio Room,1300000,Đang dọn
PYN002_R039,PYN002,Accessible Room,1100000,Đang sử dụng
QBI001_R001,QBI001,Standard Room,1200000,Đang sử dụng
QBI001_R002,QBI001,Standard Room,1200000,Trống
QBI001_R003,QBI001,Standard Room,1200000,Đang dọn
QBI001_R004,QBI001,Standard Room,1200000,Đang sử dụng
QBI001_R005,QBI001,Standard Room,1200000,Đang dọn
QBI001_R006,QBI001,Standard Room,1200000,Trống
QBI001_R007,QBI001,Standard Room,1200000,Đang sử dụng
QBI001_R008,QBI001,Standard Room,1200000,Đang dọn
QBI001_R009,QBI001,Standard Room,1200000,Trống
QBI001_R010,QBI001,Standard Room,1200000,Trống
QBI001_R011,QBI001,Standard Room,1200000,Đang dọn
QBI001_R012,QBI001,Deluxe Room,1800000,Đang dọn
QBI001_R013,QBI001,Deluxe Room,1800000,Trống
QBI001_R014,QBI001,Deluxe Room,1800000,Đang dọn
QBI001_R015,QBI001,Deluxe Room,1800000,Trống
QBI001_R016,QBI001,Deluxe Room,1800000,Đang sử dụng
QBI001_R017,QBI001,Deluxe Room,1800000,Đang dọn
QBI001_R018,QBI001,Deluxe Room,1800000,Trống
QBI001_R019,QBI001,Deluxe Room,1800000,Trống
QBI001_R020,QBI001,Superior Room,1500000,Đang dọn
QBI001_R021,QBI001,Superior Room,1500000,Đang dọn
QBI001_R022,QBI001,Superior Room,1500000,Đang dọn
QBI001_R023,QBI001,Superior Room,1500000,Trống
QBI001_R024,QBI001,Superior Room,1500000,Đang sử dụng
QBI001_R025,QBI001,Executive Room,2400000,Đang sử dụng
QBI001_R026,QBI001,Executive Room,2400000,Trống
QBI001_R027,QBI001,Junior Suite,2800000,Trống
QBI001_R028,QBI001,Junior Suite,2800000,Trống
QBI001_R029,QBI001,Suite,3500000,Trống
QBI001_R030,QBI001,Suite,3500000,Trống
QBI001_R031,QBI001,Family Room,2200000,Đang sử dụng
QBI001_R032,QBI001,Family Room,2200000,Đang dọn
QBI001_R033,QBI001,Family Room,2200000,Đang sử dụng
QBI001_R034,QBI001,Connecting Room,2000000,Đang dọn
QBI001_R035,QBI001,Connecting Room,2000000,Đang sử dụng
QBI001_R036,QBI001,Twin Room,1700000,Đang sử dụng
QBI001_R037,QBI001,Twin Room,1700000,Đang sử dụng
QBI001_R038,QBI001,Double Room,1700000,Trống
QBI001_R039,QBI001,Double Room,1700000,Đang dọn
QBI001_R040,QBI001,Single Room,1000000,Đang dọn
QBI001_R041,QBI001,Studio Room,1300000,Đang dọn
QBI001_R042,QBI001,Accessible Room,1100000,Đang dọn
QBI002_R001,QBI002,Standard Room,1200000,Đang dọn
QBI002_R002,QBI002,Standard Room,1200000,Trống
QBI002_R003,QBI002,Standard Room,1200000,Trống
QBI002_R004,QBI002,Deluxe Room,1800000,Đang dọn
QBI002_R005,QBI002,Deluxe Room,1800000,Đang dọn
QBI002_R006,QBI002,Superior Room,1500000,Đang sử dụng
QBI002_R007,QBI002,Executive Room,2400000,Đang dọn
QBI002_R008,QBI002,Junior Suite,2800000,Đang sử dụng
QBI002_R009,QBI002,Suite,3500000,Trống
QBI002_R010,QBI002,Family Room,2200000,Đang sử dụng
QBI002_R011,QBI002,Connecting Room,2000000,Đang sử dụng
QBI002_R012,QBI002,Double Room,1700000,Đang sử dụng
QNA001_R001,QNA001,Standard Room,1200000,Đang dọn
QNA001_R002,QNA001,Standard Room,1200000,Trống
QNA001_R003,QNA001,Standard Room,1200000,Đang dọn
QNA001_R004,QNA001,Standard Room,1200000,Trống
QNA001_R005,QNA001,Standard Room,1200000,Đang dọn
QNA001_R006,QNA001,Standard Room,1200000,Trống
QNA001_R007,QNA001,Standard Room,1200000,Trống
QNA001_R008,QNA001,Deluxe Room,1800000,Đang sử dụng
QNA001_R009,QNA001,Deluxe Room,1800000,Đang dọn
QNA001_R010,QNA001,Deluxe Room,1800000,Đang sử dụng
QNA001_R011,QNA001,Deluxe Room,1800000,Đang dọn
QNA001_R012,QNA001,Superior Room,1500000,Đang sử dụng
QNA001_R013,QNA001,Superior Room,1500000,Trống
QNA001_R014,QNA001,Superior Room,1500000,Trống
QNA001_R015,QNA001,Executive Room,2400000,Đang sử dụng
QNA001_R016,QNA001,Junior Suite,2800000,Đang dọn
QNA001_R017,QNA001,Suite,3500000,Trống
QNA001_R018,QNA001,Family Room,2200000,Đang sử dụng
QNA001_R019,QNA001,Family Room,2200000,Đang dọn
QNA001_R020,QNA001,Connecting Room,2000000,Đang sử dụng
QNA001_R021,QNA001,Twin Room,1700000,Trống
QNA001_R022,QNA001,Double Room,1700000,Đang dọn
QNA002_R001,QNA002,Standard Room,1200000,Đang dọn
QNA002_R002,QNA002,Standard Room,1200000,Trống
QNA002_R003,QNA002,Standard Room,1200000,Đang dọn
QNA002_R004,QNA002,Deluxe Room,1800000,Đang dọn
QNA002_R005,QNA002,Deluxe Room,1800000,Đang sử dụng
QNA002_R006,QNA002,Superior Room,1500000,Đang dọn
QNA002_R007,QNA002,Family Room,2200000,Đang sử dụng
QNG001_R001,QNG001,Standard Room,1200000,Trống
QNG001_R002,QNG001,Standard Room,1200000,Trống
QNG001_R003,QNG001,Standard Room,1200000,Trống
QNG001_R004,QNG001,Standard Room,1200000,Trống
QNG001_R005,QNG001,Standard Room,1200000,Đang dọn
QNG001_R006,QNG001,Standard Room,1200000,Đang dọn
QNG001_R007,QNG001,Standard Room,1200000,Đang dọn
QNG001_R008,QNG001,Standard Room,1200000,Đang sử dụng
QNG001_R009,QNG001,Standard Room,1200000,Trống
QNG001_R010,QNG001,Standard Room,1200000,Đang sử dụng
QNG001_R011,QNG001,Deluxe Room,1800000,Trống
QNG001_R012,QNG001,Deluxe Room,1800000,Trống
QNG001_R013,QNG001,Deluxe Room,1800000,Đang dọn
QNG001_R014,QNG001,Deluxe Room,1800000,Đang sử dụng
QNG001_R015,QNG001,Deluxe Room,1800000,Đang sử dụng
QNG001_R016,QNG001,Deluxe Room,1800000,Đang sử dụng
QNG001_R017,QNG001,Deluxe Room,1800000,Đang dọn
QNG001_R018,QNG001,Superior Room,1500000,Trống
QNG001_R019,QNG001,Superior Room,1500000,Đang sử dụng
QNG001_R020,QNG001,Superior Room,1500000,Trống
QNG001_R021,QNG001,Superior Room,1500000,Đang dọn
QNG001_R022,QNG001,Executive Room,2400000,Trống
QNG001_R023,QNG001,Executive Room,2400000,Đang dọn
QNG001_R024,QNG001,Junior Suite,2800000,Đang dọn
QNG001_R025,QNG001,Junior Suite,2800000,Đang sử dụng
QNG001_R026,QNG001,Suite,3500000,Trống
QNG001_R027,QNG001,Suite,3500000,Đang sử dụng
QNG001_R028,QNG001,Family Room,2200000,Đang sử dụng
QNG001_R029,QNG001,Family Room,2200000,Đang dọn
QNG001_R030,QNG001,Connecting Room,2000000,Đang dọn
QNG001_R031,QNG001,Connecting Room,2000000,Trống
QNG001_R032,QNG001,Twin Room,1700000,Trống
QNG001_R033,QNG001,Double Room,1700000,Đang sử dụng
QNG001_R034,QNG001,Double Room,1700000,Đang dọn
QNG001_R035,QNG001,Single Room,1000000,Đang sử dụng
QNG001_R036,QNG001,Studio Room,1300000,Đang sử dụng
QNG001_R037,QNG001,Accessible Room,1100000,Đang sử dụng
QNG002_R001,QNG002,Standard Room,1200000,Đang sử dụng
QNG002_R002,QNG002,Standard Room,1200000,Trống
QNG002_R003,QNG002,Standard Room,1200000,Đang dọn
QNG002_R004,QNG002,Standard Room,1200000,Trống
QNG002_R005,QNG002,Deluxe Room,1800000,Trống
QNG002_R006,QNG002,Deluxe Room,1800000,Trống
QNG002_R007,QNG002,Superior Room,1500000,Trống
QNG002_R008,QNG002,Executive Room,2400000,Trống
QNG002_R009,QNG002,Junior Suite,2800000,Đang dọn
QNG002_R010,QNG002,Suite,3500000,Trống
QNG002_R011,QNG002,Family Room,2200000,Đang sử dụng
QNG002_R012,QNG002,Connecting Room,2000000,Trống
QNG002_R013,QNG002,Double Room,1700000,Đang sử dụng
QNI001_R001,QNI001,Standard Room,1200000,Đang dọn
QNI001_R002,QNI001,Standard Room,1200000,Đang dọn
QNI001_R003,QNI001,Standard Room,1200000,Trống
QNI001_R004,QNI001,Standard Room,1200000,Đang dọn
QNI001_R005,QNI001,Standard Room,1200000,Đang sử dụng
QNI001_R006,QNI001,Standard Room,1200000,Trống
QNI001_R007,QNI001,Standard Room,1200000,Trống
QNI001_R008,QNI001,Standard Room,1200000,Trống
QNI001_R009,QNI001,Deluxe Room,1800000,Đang dọn
QNI001_R010,QNI001,Deluxe Room,1800000,Trống
QNI001_R011,QNI001,Deluxe Room,1800000,Đang dọn
QNI001_R012,QNI001,Deluxe Room,1800000,Trống
QNI001_R013,QNI001,Deluxe Room,1800000,Đang dọn
QNI001_R014,QNI001,Superior Room,1500000,Trống
QNI001_R015,QNI001,Superior Room,1500000,Trống
QNI001_R016,QNI001,Superior Room,1500000,Đang sử dụng
QNI001_R017,QNI001,Executive Room,2400000,Đang dọn
QNI001_R018,QNI001,Junior Suite,2800000,Đang sử dụng
QNI001_R019,QNI001,Suite,3500000,Trống
QNI001_R020,QNI001,Family Room,2200000,Đang sử dụng
QNI001_R021,QNI001,Family Room,2200000,Đang dọn
QNI001_R022,QNI001,Connecting Room,2000000,Đang dọn
QNI001_R023,QNI001,Twin Room,1700000,Đang dọn
QNI001_R024,QNI001,Double Room,1700000,Trống
QNI001_R025,QNI001,Single Room,1000000,Đang sử dụng
QNI001_R026,QNI001,Studio Room,1300000,Trống
QNI001_R027,QNI001,Accessible Room,1100000,Trống
QNI002_R001,QNI002,Standard Room,1200000,Trống
QNI002_R002,QNI002,Standard Room,1200000,Đang sử dụng
QNI002_R003,QNI002,Standard Room,1200000,Trống
QNI002_R004,QNI002,Standard Room,1200000,Đang dọn
QNI002_R005,QNI002,Deluxe Room,1800000,Đang sử dụng
QNI002_R006,QNI002,Deluxe Room,1800000,Trống
QNI002_R007,QNI002,Deluxe Room,1800000,Trống
QNI002_R008,QNI002,Superior Room,1500000,Trống
QNI002_R009,QNI002,Superior Room,1500000,Đang dọn
QNI002_R010,QNI002,Executive Room,2400000,Đang sử dụng
QNI002_R011,QNI002,Junior Suite,2800000,Đang sử dụng
QNI002_R012,QNI002,Suite,3500000,Đang dọn
QNI002_R013,QNI002,Family Room,2200000,Đang dọn
QNI002_R014,QNI002,Connecting Room,2000000,Đang dọn
QNI002_R015,QNI002,Twin Room,1700000,Trống
QNI002_R016,QNI002,Double Room,1700000,Đang dọn
QTR001_R001,QTR001,Standard Room,1200000,Đang sử dụng
QTR001_R002,QTR001,Standard Room,1200000,Đang sử dụng
QTR001_R003,QTR001,Standard Room,1200000,Trống
QTR001_R004,QTR001,Standard Room,1200000,Đang dọn
QTR001_R005,QTR001,Standard Room,1200000,Trống
QTR001_R006,QTR001,Standard Room,1200000,Đang sử dụng
QTR001_R007,QTR001,Standard Room,1200000,Trống
QTR001_R008,QTR001,Standard Room,1200000,Đang sử dụng
QTR001_R009,QTR001,Standard Room,1200000,Trống
QTR001_R010,QTR001,Standard Room,1200000,Đang sử dụng
QTR001_R011,QTR001,Standard Room,1200000,Đang sử dụng
QTR001_R012,QTR001,Deluxe Room,1800000,Đang dọn
QTR001_R013,QTR001,Deluxe Room,1800000,Trống
QTR001_R014,QTR001,Deluxe Room,1800000,Trống
QTR001_R015,QTR001,Deluxe Room,1800000,Trống
QTR001_R016,QTR001,Deluxe Room,1800000,Đang dọn
QTR001_R017,QTR001,Deluxe Room,1800000,Đang sử dụng
QTR001_R018,QTR001,Deluxe Room,1800000,Trống
QTR001_R019,QTR001,Deluxe Room,1800000,Trống
QTR001_R020,QTR001,Superior Room,1500000,Đang dọn
QTR001_R021,QTR001,Superior Room,1500000,Đang dọn
QTR001_R022,QTR001,Superior Room,1500000,Đang dọn
QTR001_R023,QTR001,Superior Room,1500000,Đang dọn
QTR001_R024,QTR001,Superior Room,1500000,Đang sử dụng
QTR001_R025,QTR001,Executive Room,2400000,Đang sử dụng
QTR001_R026,QTR001,Executive Room,2400000,Đang sử dụng
QTR001_R027,QTR001,Junior Suite,2800000,Trống
QTR001_R028,QTR001,Junior Suite,2800000,Trống
QTR001_R029,QTR001,Suite,3500000,Đang dọn
QTR001_R030,QTR001,Suite,3500000,Đang dọn
QTR001_R031,QTR001,Family Room,2200000,Đang dọn
QTR001_R032,QTR001,Family Room,2200000,Đang dọn
QTR001_R033,QTR001,Family Room,2200000,Đang dọn
QTR001_R034,QTR001,Connecting Room,2000000,Trống
QTR001_R035,QTR001,Connecting Room,2000000,Đang sử dụng
QTR001_R036,QTR001,Twin Room,1700000,Đang dọn
QTR001_R037,QTR001,Twin Room,1700000,Đang sử dụng
QTR001_R038,QTR001,Double Room,1700000,Đang dọn
QTR001_R039,QTR001,Double Room,1700000,Trống
QTR001_R040,QTR001,Single Room,1000000,Trống
QTR001_R041,QTR001,Studio Room,1300000,Đang sử dụng
QTR001_R042,QTR001,Accessible Room,1100000,Đang dọn
QTR002_R001,QTR002,Standard Room,1200000,Đang sử dụng
QTR002_R002,QTR002,Standard Room,1200000,Đang sử dụng
QTR002_R003,QTR002,Standard Room,1200000,Đang dọn
QTR002_R004,QTR002,Standard Room,1200000,Trống
QTR002_R005,QTR002,Standard Room,1200000,Đang dọn
QTR002_R006,QTR002,Standard Room,1200000,Trống
QTR002_R007,QTR002,Standard Room,1200000,Trống
QTR002_R008,QTR002,Standard Room,1200000,Trống
QTR002_R009,QTR002,Standard Room,1200000,Trống
QTR002_R010,QTR002,Standard Room,1200000,Đang sử dụng
QTR002_R011,QTR002,Standard Room,1200000,Đang sử dụng
QTR002_R012,QTR002,Deluxe Room,1800000,Trống
QTR002_R013,QTR002,Deluxe Room,1800000,Trống
QTR002_R014,QTR002,Deluxe Room,1800000,Đang sử dụng
QTR002_R015,QTR002,Deluxe Room,1800000,Đang sử dụng
QTR002_R016,QTR002,Deluxe Room,1800000,Đang dọn
QTR002_R017,QTR002,Deluxe Room,1800000,Trống
QTR002_R018,QTR002,Deluxe Room,1800000,Đang sử dụng
QTR002_R019,QTR002,Deluxe Room,1800000,Trống
QTR002_R020,QTR002,Superior Room,1500000,Đang sử dụng
QTR002_R021,QTR002,Superior Room,1500000,Đang dọn
QTR002_R022,QTR002,Superior Room,1500000,Đang sử dụng
QTR002_R023,QTR002,Superior Room,1500000,Đang sử dụng
QTR002_R024,QTR002,Superior Room,1500000,Trống
QTR002_R025,QTR002,Executive Room,2400000,Đang dọn
QTR002_R026,QTR002,Executive Room,2400000,Trống
QTR002_R027,QTR002,Junior Suite,2800000,Đang dọn
QTR002_R028,QTR002,Junior Suite,2800000,Trống
QTR002_R029,QTR002,Suite,3500000,Đang dọn
QTR002_R030,QTR002,Suite,3500000,Đang dọn
QTR002_R031,QTR002,Family Room,2200000,Trống
QTR002_R032,QTR002,Family Room,2200000,Trống
QTR002_R033,QTR002,Family Room,2200000,Đang dọn
QTR002_R034,QTR002,Connecting Room,2000000,Trống
QTR002_R035,QTR002,Connecting Room,2000000,Đang sử dụng
QTR002_R036,QTR002,Twin Room,1700000,Trống
QTR002_R037,QTR002,Twin Room,1700000,Đang sử dụng
QTR002_R038,QTR002,Double Room,1700000,Trống
QTR002_R039,QTR002,Double Room,1700000,Trống
QTR002_R040,QTR002,Single Room,1000000,Đang dọn
QTR002_R041,QTR002,Studio Room,1300000,Đang sử dụng
QTR002_R042,QTR002,Accessible Room,1100000,Đang dọn
STG001_R001,STG001,Standard Room,1200000,Đang sử dụng
STG001_R002,STG001,Standard Room,1200000,Trống
STG001_R003,STG001,Standard Room,1200000,Đang dọn
STG001_R004,STG001,Standard Room,1200000,Trống
STG001_R005,STG001,Standard Room,1200000,Đang sử dụng
STG001_R006,STG001,Standard Room,1200000,Trống
STG001_R007,STG001,Deluxe Room,1800000,Đang sử dụng
STG001_R008,STG001,Deluxe Room,1800000,Đang dọn
STG001_R009,STG001,Deluxe Room,1800000,Trống
STG001_R010,STG001,Deluxe Room,1800000,Đang dọn
STG001_R011,STG001,Superior Room,1500000,Đang sử dụng
STG001_R012,STG001,Superior Room,1500000,Trống
STG001_R013,STG001,Executive Room,2400000,Đang sử dụng
STG001_R014,STG001,Junior Suite,2800000,Đang sử dụng
STG001_R015,STG001,Suite,3500000,Đang dọn
STG001_R016,STG001,Family Room,2200000,Đang sử dụng
STG001_R017,STG001,Connecting Room,2000000,Đang dọn
STG001_R018,STG001,Twin Room,1700000,Trống
STG001_R019,STG001,Double Room,1700000,Đang dọn
STG002_R001,STG002,Standard Room,1200000,Trống
STG002_R002,STG002,Standard Room,1200000,Đang sử dụng
STG002_R003,STG002,Standard Room,1200000,Đang dọn
STG002_R004,STG002,Deluxe Room,1800000,Đang sử dụng
STG002_R005,STG002,Deluxe Room,1800000,Đang dọn
STG002_R006,STG002,Superior Room,1500000,Đang sử dụng
STG002_R007,STG002,Family Room,2200000,Trống
SLA001_R001,SLA001,Standard Room,1200000,Đang sử dụng
SLA001_R002,SLA001,Standard Room,1200000,Trống
SLA001_R003,SLA001,Standard Room,1200000,Đang dọn
SLA001_R004,SLA001,Standard Room,1200000,Trống
SLA001_R005,SLA001,Standard Room,1200000,Đang dọn
SLA001_R006,SLA001,Standard Room,1200000,Trống
SLA001_R007,SLA001,Standard Room,1200000,Trống
SLA001_R008,SLA001,Standard Room,1200000,Trống
SLA001_R009,SLA001,Standard Room,1200000,Đang sử dụng
SLA001_R010,SLA001,Deluxe Room,1800000,Đang dọn
SLA001_R011,SLA001,Deluxe Room,1800000,Đang sử dụng
SLA001_R012,SLA001,Deluxe Room,1800000,Đang dọn
SLA001_R013,SLA001,Deluxe Room,1800000,Trống
SLA001_R014,SLA001,Deluxe Room,1800000,Trống
SLA001_R015,SLA001,Deluxe Room,1800000,Đang sử dụng
SLA001_R016,SLA001,Superior Room,1500000,Trống
SLA001_R017,SLA001,Superior Room,1500000,Đang dọn
SLA001_R018,SLA001,Superior Room,1500000,Trống
SLA001_R019,SLA001,Superior Room,1500000,Đang sử dụng
SLA001_R020,SLA001,Executive Room,2400000,Trống
SLA001_R021,SLA001,Executive Room,2400000,Trống
SLA001_R022,SLA001,Junior Suite,2800000,Đang dọn
SLA001_R023,SLA001,Junior Suite,2800000,Đang dọn
SLA001_R024,SLA001,Suite,3500000,Đang sử dụng
SLA001_R025,SLA001,Suite,3500000,Đang sử dụng
SLA001_R026,SLA001,Family Room,2200000,Đang dọn
SLA001_R027,SLA001,Family Room,2200000,Đang dọn
SLA001_R028,SLA001,Connecting Room,2000000,Đang sử dụng
SLA001_R029,SLA001,Connecting Room,2000000,Đang dọn
SLA001_R030,SLA001,Twin Room,1700000,Đang dọn
SLA001_R031,SLA001,Double Room,1700000,Đang dọn
SLA001_R032,SLA001,Double Room,1700000,Trống
SLA001_R033,SLA001,Single Room,1000000,Trống
SLA001_R034,SLA001,Studio Room,1300000,Đang dọn
SLA001_R035,SLA001,Accessible Room,1100000,Trống
SLA002_R001,SLA002,Standard Room,1200000,Trống
SLA002_R002,SLA002,Standard Room,1200000,Trống
SLA002_R003,SLA002,Standard Room,1200000,Trống
SLA002_R004,SLA002,Standard Room,1200000,Trống
SLA002_R005,SLA002,Standard Room,1200000,Trống
SLA002_R006,SLA002,Standard Room,1200000,Đang dọn
SLA002_R007,SLA002,Standard Room,1200000,Đang sử dụng
SLA002_R008,SLA002,Deluxe Room,1800000,Trống
SLA002_R009,SLA002,Deluxe Room,1800000,Trống
SLA002_R010,SLA002,Deluxe Room,1800000,Trống
SLA002_R011,SLA002,Deluxe Room,1800000,Đang sử dụng
SLA002_R012,SLA002,Deluxe Room,1800000,Trống
SLA002_R013,SLA002,Superior Room,1500000,Trống
SLA002_R014,SLA002,Superior Room,1500000,Đang sử dụng
SLA002_R015,SLA002,Superior Room,1500000,Đang dọn
SLA002_R016,SLA002,Executive Room,2400000,Đang sử dụng
SLA002_R017,SLA002,Junior Suite,2800000,Đang dọn
SLA002_R018,SLA002,Suite,3500000,Đang sử dụng
SLA002_R019,SLA002,Family Room,2200000,Đang sử dụng
SLA002_R020,SLA002,Family Room,2200000,Đang dọn
SLA002_R021,SLA002,Connecting Room,2000000,Đang dọn
SLA002_R022,SLA002,Twin Room,1700000,Trống
SLA002_R023,SLA002,Double Room,1700000,Đang dọn
TBG001_R001,TBG001,Standard Room,1200000,Đang sử dụng
TBG001_R002,TBG001,Standard Room,1200000,Đang dọn
TBG001_R003,TBG001,Standard Room,1200000,Trống
TBG001_R004,TBG001,Standard Room,1200000,Đang sử dụng
TBG001_R005,TBG001,Standard Room,1200000,Trống
TBG001_R006,TBG001,Standard Room,1200000,Trống
TBG001_R007,TBG001,Standard Room,1200000,Đang sử dụng
TBG001_R008,TBG001,Standard Room,1200000,Đang sử dụng
TBG001_R009,TBG001,Deluxe Room,1800000,Đang dọn
TBG001_R010,TBG001,Deluxe Room,1800000,Đang dọn
TBG001_R011,TBG001,Deluxe Room,1800000,Trống
TBG001_R012,TBG001,Deluxe Room,1800000,Đang dọn
TBG001_R013,TBG001,Deluxe Room,1800000,Đang dọn
TBG001_R014,TBG001,Superior Room,1500000,Trống
TBG001_R015,TBG001,Superior Room,1500000,Đang sử dụng
TBG001_R016,TBG001,Superior Room,1500000,Trống
TBG001_R017,TBG001,Executive Room,2400000,Đang sử dụng
TBG001_R018,TBG001,Junior Suite,2800000,Trống
TBG001_R019,TBG001,Suite,3500000,Đang sử dụng
TBG001_R020,TBG001,Family Room,2200000,Đang dọn
TBG001_R021,TBG001,Family Room,2200000,Đang dọn
TBG001_R022,TBG001,Connecting Room,2000000,Trống
TBG001_R023,TBG001,Twin Room,1700000,Trống
TBG001_R024,TBG001,Double Room,1700000,Đang dọn
TBG001_R025,TBG001,Single Room,1000000,Đang dọn
TBG001_R026,TBG001,Studio Room,1300000,Đang sử dụng
TBG001_R027,TBG001,Accessible Room,1100000,Trống
TBG002_R001,TBG002,Standard Room,1200000,Đang dọn
TBG002_R002,TBG002,Standard Room,1200000,Đang sử dụng
TBG002_R003,TBG002,Standard Room,1200000,Đang dọn
TBG002_R004,TBG002,Standard Room,1200000,Trống
TBG002_R005,TBG002,Deluxe Room,1800000,Trống
TBG002_R006,TBG002,Deluxe Room,1800000,Đang sử dụng
TBG002_R007,TBG002,Superior Room,1500000,Trống
TBG002_R008,TBG002,Executive Room,2400000,Trống
TBG002_R009,TBG002,Junior Suite,2800000,Đang dọn
TBG002_R010,TBG002,Suite,3500000,Trống
TBG002_R011,TBG002,Family Room,2200000,Trống
TBG002_R012,TBG002,Connecting Room,2000000,Trống
TBG002_R013,TBG002,Double Room,1700000,Đang dọn
TNI001_R001,TNI001,Standard Room,1200000,Đang sử dụng
TNI001_R002,TNI001,Standard Room,1200000,Đang sử dụng
TNI001_R003,TNI001,Standard Room,1200000,Trống
TNI001_R004,TNI001,Standard Room,1200000,Đang sử dụng
TNI001_R005,TNI001,Standard Room,1200000,Đang dọn
TNI001_R006,TNI001,Standard Room,1200000,Đang sử dụng
TNI001_R007,TNI001,Standard Room,1200000,Trống
TNI001_R008,TNI001,Deluxe Room,1800000,Đang dọn
TNI001_R009,TNI001,Deluxe Room,1800000,Đang sử dụng
TNI001_R010,TNI001,Deluxe Room,1800000,Đang dọn
TNI001_R011,TNI001,Deluxe Room,1800000,Đang dọn
TNI001_R012,TNI001,Deluxe Room,1800000,Đang sử dụng
TNI001_R013,TNI001,Superior Room,1500000,Trống
TNI001_R014,TNI001,Superior Room,1500000,Đang sử dụng
TNI001_R015,TNI001,Superior Room,1500000,Đang dọn
TNI001_R016,TNI001,Executive Room,2400000,Trống
TNI001_R017,TNI001,Junior Suite,2800000,Trống
TNI001_R018,TNI001,Suite,3500000,Đang sử dụng
TNI001_R019,TNI001,Family Room,2200000,Đang dọn
TNI001_R020,TNI001,Family Room,2200000,Đang sử dụng
TNI001_R021,TNI001,Connecting Room,2000000,Trống
TNI001_R022,TNI001,Twin Room,1700000,Trống
TNI001_R023,TNI001,Double Room,1700000,Đang dọn
TNI002_R001,TNI002,Standard Room,1200000,Đang dọn
TNI002_R002,TNI002,Standard Room,1200000,Đang sử dụng
TNI002_R003,TNI002,Standard Room,1200000,Trống
TNI002_R004,TNI002,Deluxe Room,1800000,Trống
TNI002_R005,TNI002,Deluxe Room,1800000,Đang dọn
TNI002_R006,TNI002,Superior Room,1500000,Đang dọn
TNI002_R007,TNI002,Executive Room,2400000,Trống
TNI002_R008,TNI002,Junior Suite,2800000,Đang dọn
TNI002_R009,TNI002,Suite,3500000,Trống
TNI002_R010,TNI002,Family Room,2200000,Trống
TNI002_R011,TNI002,Connecting Room,2000000,Đang dọn
TNI002_R012,TNI002,Double Room,1700000,Đang dọn
TNH001_R001,TNH001,Standard Room,1200000,Đang dọn
TNH001_R002,TNH001,Standard Room,1200000,Trống
TNH001_R003,TNH001,Standard Room,1200000,Trống
TNH001_R004,TNH001,Standard Room,1200000,Đang dọn
TNH001_R005,TNH001,Standard Room,1200000,Trống
TNH001_R006,TNH001,Standard Room,1200000,Đang dọn
TNH001_R007,TNH001,Standard Room,1200000,Đang sử dụng
TNH001_R008,TNH001,Standard Room,1200000,Đang sử dụng
TNH001_R009,TNH001,Standard Room,1200000,Đang sử dụng
TNH001_R010,TNH001,Deluxe Room,1800000,Trống
TNH001_R011,TNH001,Deluxe Room,1800000,Đang dọn
TNH001_R012,TNH001,Deluxe Room,1800000,Trống
TNH001_R013,TNH001,Deluxe Room,1800000,Đang dọn
TNH001_R014,TNH001,Deluxe Room,1800000,Đang dọn
TNH001_R015,TNH001,Deluxe Room,1800000,Trống
TNH001_R016,TNH001,Superior Room,1500000,Trống
TNH001_R017,TNH001,Superior Room,1500000,Trống
TNH001_R018,TNH001,Superior Room,1500000,Trống
TNH001_R019,TNH001,Superior Room,1500000,Trống
TNH001_R020,TNH001,Executive Room,2400000,Đang sử dụng
TNH001_R021,TNH001,Executive Room,2400000,Đang dọn
TNH001_R022,TNH001,Junior Suite,2800000,Đang dọn
TNH001_R023,TNH001,Junior Suite,2800000,Đang dọn
TNH001_R024,TNH001,Suite,3500000,Đang sử dụng
TNH001_R025,TNH001,Suite,3500000,Đang sử dụng
TNH001_R026,TNH001,Family Room,2200000,Đang sử dụng
TNH001_R027,TNH001,Family Room,2200000,Trống
TNH001_R028,TNH001,Connecting Room,2000000,Đang sử dụng
TNH001_R029,TNH001,Connecting Room,2000000,Trống
TNH001_R030,TNH001,Twin Room,1700000,Trống
TNH001_R031,TNH001,Double Room,1700000,Trống
TNH001_R032,TNH001,Double Room,1700000,Đang dọn
TNH001_R033,TNH001,Single Room,1000000,Trống
TNH001_R034,TNH001,Studio Room,1300000,Đang dọn
TNH001_R035,TNH001,Accessible Room,1100000,Đang sử dụng
TNH002_R001,TNH002,Standard Room,1200000,Trống
TNH002_R002,TNH002,Standard Room,1200000,Trống
TNH002_R003,TNH002,Standard Room,1200000,Trống
TNH002_R004,TNH002,Standard Room,1200000,Trống
TNH002_R005,TNH002,Standard Room,1200000,Đang dọn
TNH002_R006,TNH002,Standard Room,1200000,Đang sử dụng
TNH002_R007,TNH002,Standard Room,1200000,Đang sử dụng
TNH002_R008,TNH002,Standard Room,1200000,Trống
TNH002_R009,TNH002,Deluxe Room,1800000,Đang sử dụng
TNH002_R010,TNH002,Deluxe Room,1800000,Đang sử dụng
TNH002_R011,TNH002,Deluxe Room,1800000,Đang sử dụng
TNH002_R012,TNH002,Deluxe Room,1800000,Đang sử dụng
TNH002_R013,TNH002,Deluxe Room,1800000,Đang dọn
TNH002_R014,TNH002,Superior Room,1500000,Đang sử dụng
TNH002_R015,TNH002,Superior Room,1500000,Trống
TNH002_R016,TNH002,Superior Room,1500000,Trống
TNH002_R017,TNH002,Executive Room,2400000,Trống
TNH002_R018,TNH002,Junior Suite,2800000,Đang sử dụng
TNH002_R019,TNH002,Suite,3500000,Trống
TNH002_R020,TNH002,Family Room,2200000,Trống
TNH002_R021,TNH002,Family Room,2200000,Đang sử dụng
TNH002_R022,TNH002,Connecting Room,2000000,Đang sử dụng
TNH002_R023,TNH002,Twin Room,1700000,Trống
TNH002_R024,TNH002,Double Room,1700000,Đang dọn
TNH002_R025,TNH002,Single Room,1000000,Trống
TNH002_R026,TNH002,Studio Room,1300000,Trống
TNH002_R027,TNH002,Accessible Room,1100000,Trống
TBI001_R001,TBI001,Standard Room,1200000,Đang sử dụng
TBI001_R002,TBI001,Standard Room,1200000,Đang sử dụng
TBI001_R003,TBI001,Standard Room,1200000,Đang dọn
TBI001_R004,TBI001,Standard Room,1200000,Trống
TBI001_R005,TBI001,Standard Room,1200000,Trống
TBI001_R006,TBI001,Deluxe Room,1800000,Trống
TBI001_R007,TBI001,Deluxe Room,1800000,Đang sử dụng
TBI001_R008,TBI001,Deluxe Room,1800000,Đang dọn
TBI001_R009,TBI001,Deluxe Room,1800000,Đang dọn
TBI001_R010,TBI001,Superior Room,1500000,Đang dọn
TBI001_R011,TBI001,Superior Room,1500000,Trống
TBI001_R012,TBI001,Executive Room,2400000,Trống
TBI001_R013,TBI001,Junior Suite,2800000,Đang dọn
TBI001_R014,TBI001,Suite,3500000,Đang dọn
TBI001_R015,TBI001,Family Room,2200000,Trống
TBI001_R016,TBI001,Connecting Room,2000000,Đang dọn
TBI001_R017,TBI001,Twin Room,1700000,Trống
TBI001_R018,TBI001,Double Room,1700000,Trống
TBI002_R001,TBI002,Standard Room,1200000,Đang sử dụng
TBI002_R002,TBI002,Standard Room,1200000,Trống
TBI002_R003,TBI002,Standard Room,1200000,Trống
TBI002_R004,TBI002,Standard Room,1200000,Đang dọn
TBI002_R005,TBI002,Standard Room,1200000,Đang dọn
TBI002_R006,TBI002,Standard Room,1200000,Trống
TBI002_R007,TBI002,Deluxe Room,1800000,Trống
TBI002_R008,TBI002,Deluxe Room,1800000,Đang dọn
TBI002_R009,TBI002,Deluxe Room,1800000,Đang dọn
TBI002_R010,TBI002,Deluxe Room,1800000,Đang dọn
TBI002_R011,TBI002,Superior Room,1500000,Trống
TBI002_R012,TBI002,Superior Room,1500000,Trống
TBI002_R013,TBI002,Executive Room,2400000,Đang dọn
TBI002_R014,TBI002,Junior Suite,2800000,Trống
TBI002_R015,TBI002,Suite,3500000,Trống
TBI002_R016,TBI002,Family Room,2200000,Trống
TBI002_R017,TBI002,Connecting Room,2000000,Đang sử dụng
TBI002_R018,TBI002,Twin Room,1700000,Trống
TBI002_R019,TBI002,Double Room,1700000,Đang sử dụng
THA001_R001,THA001,Standard Room,1200000,Đang sử dụng
THA001_R002,THA001,Standard Room,1200000,Đang dọn
THA001_R003,THA001,Standard Room,1200000,Trống
THA001_R004,THA001,Standard Room,1200000,Đang sử dụng
THA001_R005,THA001,Standard Room,1200000,Đang dọn
THA001_R006,THA001,Standard Room,1200000,Trống
THA001_R007,THA001,Deluxe Room,1800000,Trống
THA001_R008,THA001,Deluxe Room,1800000,Đang dọn
THA001_R009,THA001,Deluxe Room,1800000,Trống
THA001_R010,THA001,Deluxe Room,1800000,Đang dọn
THA001_R011,THA001,Superior Room,1500000,Trống
THA001_R012,THA001,Superior Room,1500000,Đang sử dụng
THA001_R013,THA001,Executive Room,2400000,Trống
THA001_R014,THA001,Junior Suite,2800000,Đang dọn
THA001_R015,THA001,Suite,3500000,Đang dọn
THA001_R016,THA001,Family Room,2200000,Đang sử dụng
THA001_R017,THA001,Connecting Room,2000000,Đang sử dụng
THA001_R018,THA001,Twin Room,1700000,Đang dọn
THA001_R019,THA001,Double Room,1700000,Trống
THA002_R001,THA002,Standard Room,1200000,Trống
THA002_R002,THA002,Standard Room,1200000,Đang dọn
THA002_R003,THA002,Standard Room,1200000,Đang dọn
THA002_R004,THA002,Standard Room,1200000,Trống
THA002_R005,THA002,Standard Room,1200000,Đang dọn
THA002_R006,THA002,Deluxe Room,1800000,Đang sử dụng
THA002_R007,THA002,Deluxe Room,1800000,Đang sử dụng
THA002_R008,THA002,Deluxe Room,1800000,Trống
THA002_R009,THA002,Superior Room,1500000,Đang sử dụng
THA002_R010,THA002,Superior Room,1500000,Trống
THA002_R011,THA002,Executive Room,2400000,Trống
THA002_R012,THA002,Junior Suite,2800000,Đang sử dụng
THA002_R013,THA002,Suite,3500000,Đang dọn
THA002_R014,THA002,Family Room,2200000,Trống
THA002_R015,THA002,Connecting Room,2000000,Đang sử dụng
THA002_R016,THA002,Twin Room,1700000,Đang sử dụng
THA002_R017,THA002,Double Room,1700000,Trống
TTH001_R001,TTH001,Standard Room,1200000,Trống
TTH001_R002,TTH001,Standard Room,1200000,Đang sử dụng
TTH001_R003,TTH001,Standard Room,1200000,Trống
TTH001_R004,TTH001,Standard Room,1200000,Đang dọn
TTH001_R005,TTH001,Standard Room,1200000,Đang dọn
TTH001_R006,TTH001,Standard Room,1200000,Đang sử dụng
TTH001_R007,TTH001,Standard Room,1200000,Trống
TTH001_R008,TTH001,Deluxe Room,1800000,Đang sử dụng
TTH001_R009,TTH001,Deluxe Room,1800000,Đang sử dụng
TTH001_R010,TTH001,Deluxe Room,1800000,Đang sử dụng
TTH001_R011,TTH001,Deluxe Room,1800000,Đang dọn
TTH001_R012,TTH001,Deluxe Room,1800000,Đang dọn
TTH001_R013,TTH001,Superior Room,1500000,Đang sử dụng
TTH001_R014,TTH001,Superior Room,1500000,Trống
TTH001_R015,TTH001,Superior Room,1500000,Đang dọn
TTH001_R016,TTH001,Executive Room,2400000,Đang sử dụng
TTH001_R017,TTH001,Junior Suite,2800000,Đang sử dụng
TTH001_R018,TTH001,Suite,3500000,Đang dọn
TTH001_R019,TTH001,Family Room,2200000,Trống
TTH001_R020,TTH001,Family Room,2200000,Đang dọn
TTH001_R021,TTH001,Connecting Room,2000000,Đang sử dụng
TTH001_R022,TTH001,Twin Room,1700000,Trống
TTH001_R023,TTH001,Double Room,1700000,Đang sử dụng
TTH002_R001,TTH002,Standard Room,1200000,Trống
TTH002_R002,TTH002,Standard Room,1200000,Đang sử dụng
TTH002_R003,TTH002,Standard Room,1200000,Đang sử dụng
TTH002_R004,TTH002,Standard Room,1200000,Đang dọn
TTH002_R005,TTH002,Deluxe Room,1800000,Đang dọn
TTH002_R006,TTH002,Deluxe Room,1800000,Trống
TTH002_R007,TTH002,Superior Room,1500000,Đang sử dụng
TTH002_R008,TTH002,Executive Room,2400000,Trống
TTH002_R009,TTH002,Junior Suite,2800000,Đang dọn
TTH002_R010,TTH002,Suite,3500000,Đang dọn
TTH002_R011,TTH002,Family Room,2200000,Đang dọn
TTH002_R012,TTH002,Connecting Room,2000000,Đang dọn
TTH002_R013,TTH002,Double Room,1700000,Đang dọn
TVH001_R001,TVH001,Standard Room,1200000,Trống
TVH001_R002,TVH001,Standard Room,1200000,Trống
TVH001_R003,TVH001,Standard Room,1200000,Đang sử dụng
TVH001_R004,TVH001,Standard Room,1200000,Đang sử dụng
TVH001_R005,TVH001,Standard Room,1200000,Đang dọn
TVH001_R006,TVH001,Deluxe Room,1800000,Đang sử dụng
TVH001_R007,TVH001,Deluxe Room,1800000,Trống
TVH001_R008,TVH001,Deluxe Room,1800000,Đang dọn
TVH001_R009,TVH001,Superior Room,1500000,Trống
TVH001_R010,TVH001,Superior Room,1500000,Đang dọn
TVH001_R011,TVH001,Executive Room,2400000,Đang sử dụng
TVH001_R012,TVH001,Junior Suite,2800000,Trống
TVH001_R013,TVH001,Suite,3500000,Trống
TVH001_R014,TVH001,Family Room,2200000,Đang dọn
TVH001_R015,TVH001,Connecting Room,2000000,Trống
TVH001_R016,TVH001,Twin Room,1700000,Đang sử dụng
TVH001_R017,TVH001,Double Room,1700000,Đang sử dụng
TVH002_R001,TVH002,Standard Room,1200000,Đang dọn
TVH002_R002,TVH002,Standard Room,1200000,Trống
TVH002_R003,TVH002,Standard Room,1200000,Đang sử dụng
TVH002_R004,TVH002,Standard Room,1200000,Đang sử dụng
TVH002_R005,TVH002,Standard Room,1200000,Đang dọn
TVH002_R006,TVH002,Standard Room,1200000,Đang dọn
TVH002_R007,TVH002,Standard Room,1200000,Đang dọn
TVH002_R008,TVH002,Deluxe Room,1800000,Đang sử dụng
TVH002_R009,TVH002,Deluxe Room,1800000,Đang dọn
TVH002_R010,TVH002,Deluxe Room,1800000,Trống
TVH002_R011,TVH002,Deluxe Room,1800000,Đang sử dụng
TVH002_R012,TVH002,Superior Room,1500000,Đang dọn
TVH002_R013,TVH002,Superior Room,1500000,Đang dọn
TVH002_R014,TVH002,Superior Room,1500000,Đang dọn
TVH002_R015,TVH002,Executive Room,2400000,Trống
TVH002_R016,TVH002,Junior Suite,2800000,Đang dọn
TVH002_R017,TVH002,Suite,3500000,Trống
TVH002_R018,TVH002,Family Room,2200000,Trống
TVH002_R019,TVH002,Family Room,2200000,Đang dọn
TVH002_R020,TVH002,Connecting Room,2000000,Đang sử dụng
TVH002_R021,TVH002,Twin Room,1700000,Trống
TVH002_R022,TVH002,Double Room,1700000,Trống
VLO001_R001,VLO001,Standard Room,1200000,Đang dọn
VLO001_R002,VLO001,Standard Room,1200000,Đang dọn
VLO001_R003,VLO001,Standard Room,1200000,Đang dọn
VLO001_R004,VLO001,Standard Room,1200000,Trống
VLO001_R005,VLO001,Deluxe Room,1800000,Đang dọn
VLO001_R006,VLO001,Deluxe Room,1800000,Đang dọn
VLO001_R007,VLO001,Deluxe Room,1800000,Trống
VLO001_R008,VLO001,Superior Room,1500000,Trống
VLO001_R009,VLO001,Superior Room,1500000,Đang dọn
VLO001_R010,VLO001,Executive Room,2400000,Đang sử dụng
VLO001_R011,VLO001,Junior Suite,2800000,Trống
VLO001_R012,VLO001,Suite,3500000,Trống
VLO001_R013,VLO001,Family Room,2200000,Trống
VLO001_R014,VLO001,Connecting Room,2000000,Trống
VLO001_R015,VLO001,Twin Room,1700000,Trống
VLO001_R016,VLO001,Double Room,1700000,Đang dọn
VLO002_R001,VLO002,Standard Room,1200000,Đang dọn
VLO002_R002,VLO002,Standard Room,1200000,Đang sử dụng
VLO002_R003,VLO002,Standard Room,1200000,Đang dọn
VLO002_R004,VLO002,Standard Room,1200000,Trống
VLO002_R005,VLO002,Standard Room,1200000,Đang sử dụng
VLO002_R006,VLO002,Standard Room,1200000,Đang dọn
VLO002_R007,VLO002,Standard Room,1200000,Trống
VLO002_R008,VLO002,Standard Room,1200000,Đang sử dụng
VLO002_R009,VLO002,Standard Room,1200000,Trống
VLO002_R010,VLO002,Standard Room,1200000,Trống
VLO002_R011,VLO002,Deluxe Room,1800000,Đang sử dụng
VLO002_R012,VLO002,Deluxe Room,1800000,Trống
VLO002_R013,VLO002,Deluxe Room,1800000,Đang sử dụng
VLO002_R014,VLO002,Deluxe Room,1800000,Đang sử dụng
VLO002_R015,VLO002,Deluxe Room,1800000,Trống
VLO002_R016,VLO002,Deluxe Room,1800000,Trống
VLO002_R017,VLO002,Deluxe Room,1800000,Đang sử dụng
VLO002_R018,VLO002,Superior Room,1500000,Đang sử dụng
VLO002_R019,VLO002,Superior Room,1500000,Đang sử dụng
VLO002_R020,VLO002,Superior Room,1500000,Trống
VLO002_R021,VLO002,Superior Room,1500000,Đang dọn
VLO002_R022,VLO002,Executive Room,2400000,Đang dọn
VLO002_R023,VLO002,Executive Room,2400000,Đang sử dụng
VLO002_R024,VLO002,Junior Suite,2800000,Đang sử dụng
VLO002_R025,VLO002,Junior Suite,2800000,Đang dọn
VLO002_R026,VLO002,Suite,3500000,Đang dọn
VLO002_R027,VLO002,Suite,3500000,Trống
VLO002_R028,VLO002,Family Room,2200000,Đang sử dụng
VLO002_R029,VLO002,Family Room,2200000,Trống
VLO002_R030,VLO002,Connecting Room,2000000,Đang dọn
VLO002_R031,VLO002,Connecting Room,2000000,Trống
VLO002_R032,VLO002,Twin Room,1700000,Trống
VLO002_R033,VLO002,Double Room,1700000,Đang sử dụng
VLO002_R034,VLO002,Double Room,1700000,Đang dọn
VLO002_R035,VLO002,Single Room,1000000,Trống
VLO002_R036,VLO002,Studio Room,1300000,Đang dọn
VLO002_R037,VLO002,Accessible Room,1100000,Đang dọn
VPC001_R001,VPC001,Standard Room,1200000,Đang dọn
VPC001_R002,VPC001,Standard Room,1200000,Đang sử dụng
VPC001_R003,VPC001,Standard Room,1200000,Trống
VPC001_R004,VPC001,Standard Room,1200000,Đang dọn
VPC001_R005,VPC001,Standard Room,1200000,Đang sử dụng
VPC001_R006,VPC001,Standard Room,1200000,Trống
VPC001_R007,VPC001,Standard Room,1200000,Đang dọn
VPC001_R008,VPC001,Standard Room,1200000,Trống
VPC001_R009,VPC001,Standard Room,1200000,Trống
VPC001_R010,VPC001,Deluxe Room,1800000,Đang sử dụng
VPC001_R011,VPC001,Deluxe Room,1800000,Đang dọn
VPC001_R012,VPC001,Deluxe Room,1800000,Trống
VPC001_R013,VPC001,Deluxe Room,1800000,Đang sử dụng
VPC001_R014,VPC001,Deluxe Room,1800000,Trống
VPC001_R015,VPC001,Deluxe Room,1800000,Đang sử dụng
VPC001_R016,VPC001,Superior Room,1500000,Đang sử dụng
VPC001_R017,VPC001,Superior Room,1500000,Đang sử dụng
VPC001_R018,VPC001,Superior Room,1500000,Đang dọn
VPC001_R019,VPC001,Superior Room,1500000,Đang dọn
VPC001_R020,VPC001,Executive Room,2400000,Đang sử dụng
VPC001_R021,VPC001,Junior Suite,2800000,Đang sử dụng
VPC001_R022,VPC001,Suite,3500000,Trống
VPC001_R023,VPC001,Family Room,2200000,Đang dọn
VPC001_R024,VPC001,Family Room,2200000,Trống
VPC001_R025,VPC001,Connecting Room,2000000,Đang dọn
VPC001_R026,VPC001,Twin Room,1700000,Đang dọn
VPC001_R027,VPC001,Double Room,1700000,Trống
VPC001_R028,VPC001,Single Room,1000000,Đang sử dụng
VPC001_R029,VPC001,Studio Room,1300000,Đang sử dụng
VPC001_R030,VPC001,Accessible Room,1100000,Đang sử dụng
VPC002_R001,VPC002,Standard Room,1200000,Trống
VPC002_R002,VPC002,Standard Room,1200000,Đang dọn
VPC002_R003,VPC002,Standard Room,1200000,Trống
VPC002_R004,VPC002,Standard Room,1200000,Trống
VPC002_R005,VPC002,Standard Room,1200000,Đang dọn
VPC002_R006,VPC002,Deluxe Room,1800000,Đang dọn
VPC002_R007,VPC002,Deluxe Room,1800000,Đang sử dụng
VPC002_R008,VPC002,Deluxe Room,1800000,Đang sử dụng
VPC002_R009,VPC002,Superior Room,1500000,Trống
VPC002_R010,VPC002,Superior Room,1500000,Trống
VPC002_R011,VPC002,Executive Room,2400000,Đang dọn
VPC002_R012,VPC002,Junior Suite,2800000,Trống
VPC002_R013,VPC002,Suite,3500000,Đang dọn
VPC002_R014,VPC002,Family Room,2200000,Đang sử dụng
VPC002_R015,VPC002,Connecting Room,2000000,Đang dọn
VPC002_R016,VPC002,Twin Room,1700000,Đang dọn
VPC002_R017,VPC002,Double Room,1700000,Đang dọn
YBI001_R001,YBI001,Standard Room,1200000,Đang sử dụng
YBI001_R002,YBI001,Standard Room,1200000,Đang sử dụng
YBI001_R003,YBI001,Standard Room,1200000,Trống
YBI001_R004,YBI001,Standard Room,1200000,Trống
YBI001_R005,YBI001,Standard Room,1200000,Trống
YBI001_R006,YBI001,Standard Room,1200000,Đang sử dụng
YBI001_R007,YBI001,Deluxe Room,1800000,Đang dọn
YBI001_R008,YBI001,Deluxe Room,1800000,Đang sử dụng
YBI001_R009,YBI001,Deluxe Room,1800000,Trống
YBI001_R010,YBI001,Deluxe Room,1800000,Đang sử dụng
YBI001_R011,YBI001,Superior Room,1500000,Đang sử dụng
YBI001_R012,YBI001,Superior Room,1500000,Đang sử dụng
YBI001_R013,YBI001,Executive Room,2400000,Đang sử dụng
YBI001_R014,YBI001,Junior Suite,2800000,Đang dọn
YBI001_R015,YBI001,Suite,3500000,Đang sử dụng
YBI001_R016,YBI001,Family Room,2200000,Trống
YBI001_R017,YBI001,Connecting Room,2000000,Đang dọn
YBI001_R018,YBI001,Twin Room,1700000,Đang sử dụng
YBI001_R019,YBI001,Double Room,1700000,Trống
YBI002_R001,YBI002,Standard Room,1200000,Đang sử dụng
YBI002_R002,YBI002,Standard Room,1200000,Trống
YBI002_R003,YBI002,Standard Room,1200000,Đang dọn
YBI002_R004,YBI002,Standard Room,1200000,Đang sử dụng
YBI002_R005,YBI002,Standard Room,1200000,Trống
YBI002_R006,YBI002,Standard Room,1200000,Đang sử dụng
YBI002_R007,YBI002,Standard Room,1200000,Trống
YBI002_R008,YBI002,Standard Room,1200000,Trống
YBI002_R009,YBI002,Standard Room,1200000,Đang dọn
YBI002_R010,YBI002,Standard Room,1200000,Đang sử dụng
YBI002_R011,YBI002,Deluxe Room,1800000,Đang dọn
YBI002_R012,YBI002,Deluxe Room,1800000,Trống
YBI002_R013,YBI002,Deluxe Room,1800000,Đang dọn
YBI002_R014,YBI002,Deluxe Room,1800000,Trống
YBI002_R015,YBI002,Deluxe Room,1800000,Đang dọn
YBI002_R016,YBI002,Deluxe Room,1800000,Đang dọn
YBI002_R017,YBI002,Deluxe Room,1800000,Trống
YBI002_R018,YBI002,Superior Room,1500000,Đang sử dụng
YBI002_R019,YBI002,Superior Room,1500000,Trống
YBI002_R020,YBI002,Superior Room,1500000,Đang dọn
YBI002_R021,YBI002,Superior Room,1500000,Đang sử dụng
YBI002_R022,YBI002,Executive Room,2400000,Trống
YBI002_R023,YBI002,Executive Room,2400000,Trống
YBI002_R024,YBI002,Junior Suite,2800000,Đang sử dụng
YBI002_R025,YBI002,Junior Suite,2800000,Trống
YBI002_R026,YBI002,Suite,3500000,Đang sử dụng
YBI002_R027,YBI002,Suite,3500000,Đang dọn
YBI002_R028,YBI002,Family Room,2200000,Đang dọn
YBI002_R029,YBI002,Family Room,2200000,Đang dọn
YBI002_R030,YBI002,Connecting Room,2000000,Trống
YBI002_R031,YBI002,Connecting Room,2000000,Trống
YBI002_R032,YBI002,Twin Room,1700000,Đang sử dụng
YBI002_R033,YBI002,Double Room,1700000,Đang dọn
YBI002_R034,YBI002,Double Room,1700000,Đang sử dụng
YBI002_R035,YBI002,Single Room,1000000,Trống
YBI002_R036,YBI002,Studio Room,1300000,Trống
YBI002_R037,YBI002,Accessible Room,1100000,Đang sử dụng
