customer_key,customerName,customerType,nationality
CUST00001,Vi Mai,Individual,Vietnam
CUST00002,김성수,Travel Agency,Korea
CUST00003,Kevin Brown,Corporate,Australia
CUST00004,Bảo Vũ,Corporate,Vietnam
CUST00005,Bà Lâm Bùi,Corporate,Vietnam
CUST00006,Quang Đặng,VIP,Vietnam
CUST00007,Benoît Boucher,Corporate,France
CUST00008,Hải Lê,Travel Agency,Vietnam
CUST00009,蔡秀华,Corporate,China
CUST00010,Bảo Phú Dương,Individual,Vietnam
CUST00011,Emilia Heß,Corporate,Germany
CUST00012,Thibault du Lemaire,Corporate,France
CUST00013,Phúc Tấn Mai,Corporate,Vietnam
CUST00014,Herr Fridolin Bolnbach B.A.,Individual,Germany
CUST00015,Anh Tùng Mai,Corporate,Vietnam
CUST00016,Nhật Dương,Travel Agency,Vietnam
CUST00017,Chị Phương Vũ,Travel Agency,Vietnam
CUST00018,Chị Hồng Nguyễn,Corporate,Vietnam
CUST00019,Franz-Xaver Schleich,Corporate,Germany
CUST00020,Ortrud Vogt-Jüttner,VIP,Germany
CUST00021,Phương Dương,Individual,Vietnam
CUST00022,Quý ông Minh Vũ,Travel Agency,Vietnam
CUST00023,Anh Minh Đặng,Individual,Vietnam
CUST00024,Adam Harris,Travel Agency,USA
CUST00025,Bảo Mai Hoàng,Corporate,Vietnam
CUST00026,Hà Vũ,VIP,Vietnam
CUST00027,Quý cô Linh Lê,VIP,Vietnam
CUST00028,鈴木 幹,Individual,Japan
CUST00029,Phương Nguyễn,VIP,Vietnam
CUST00030,Kim Xuân Dương,Individual,Vietnam
CUST00031,Quý cô Vân Đặng,Corporate,Vietnam
CUST00032,Quang Xuân Trần,Corporate,Vietnam
CUST00033,Cô Nhật Nguyễn,VIP,Vietnam
CUST00034,Tú Vũ,Individual,Vietnam
CUST00035,Bà Ngọc Phạm,Individual,Vietnam
CUST00036,Trọng Trần,Individual,Vietnam
CUST00037,Thành Bùi,Individual,Vietnam
CUST00038,Bà Hà Đặng,VIP,Vietnam
CUST00039,Cô Hương Trần,VIP,Vietnam
CUST00040,Gesche Oderwald,VIP,Germany
CUST00041,Lâm Mai,Individual,Vietnam
CUST00042,Quang Mai Bảo Nguyễn,VIP,Vietnam
CUST00043,Bà Mai Phạm,Travel Agency,Vietnam
CUST00044,An Phạm,VIP,Vietnam
CUST00045,Tùng Nguyễn,VIP,Vietnam
CUST00046,Catherine Ramirez,VIP,Australia
CUST00047,Ông Quang Hoàng,Travel Agency,Vietnam
CUST00048,Quang Quang Vũ,Corporate,Vietnam
CUST00049,조현정,Individual,Korea
CUST00050,吉田 晃,VIP,Japan
CUST00051,清水 あすか,Travel Agency,Japan
CUST00052,Bảo Hoàng Nguyễn,Individual,Vietnam
CUST00053,Rosa Knappe,VIP,Germany
CUST00054,Fiona Slater,Corporate,UK
CUST00055,Thành Quang Đặng,VIP,Vietnam
CUST00056,Dũng Dương,Travel Agency,Vietnam
CUST00057,Cô Kim Vũ,Travel Agency,Vietnam
CUST00058,차서연,Travel Agency,Korea
CUST00059,Khoa Quang Bùi,VIP,Vietnam
CUST00060,Dũng Dương,Individual,Vietnam
CUST00061,Linh Hoàng,Travel Agency,Vietnam
CUST00062,Bảo Hữu Dương,Individual,Vietnam
CUST00063,斉藤 春香,VIP,Japan
CUST00064,Tú Mai,Individual,Vietnam
CUST00065,Dale Fields,Travel Agency,USA
CUST00066,Ngọc Nguyễn,Individual,Vietnam
CUST00067,Bác Thành Hoàng,Travel Agency,Vietnam
CUST00068,Nhiên Trí Mai,Individual,Vietnam
CUST00069,Agathe Benard,Travel Agency,France
CUST00070,배보람,Travel Agency,Korea
CUST00071,Cô Dương Vũ,Corporate,Vietnam
CUST00072,Quang Lê,VIP,Vietnam
CUST00073,Bảo Tấn Nguyễn,Corporate,Vietnam
CUST00074,Guy Maillot,Travel Agency,France
CUST00075,Ông Dũng Đặng,Individual,Vietnam
CUST00076,Ông Bảo Nguyễn,VIP,Vietnam
CUST00077,Trung Lê,VIP,Vietnam
CUST00078,최정자,Corporate,Korea
CUST00079,Phúc Mai Bảo Phạm,Individual,Vietnam
CUST00080,Carol Taylor,Corporate,Australia
CUST00081,Ông Quang Vũ,VIP,Vietnam
CUST00082,Chi Phạm,Corporate,Vietnam
CUST00083,Yến Bùi,VIP,Vietnam
CUST00084,Cô Ánh Phạm,Travel Agency,Vietnam
CUST00085,Robert Fleury,Corporate,France
CUST00086,Cindy Kranz,Travel Agency,Germany
CUST00087,Kim Bùi,Corporate,Vietnam
CUST00088,Ngọc Phạm,Corporate,Vietnam
CUST00089,이현준,Individual,Korea
CUST00090,Quý cô Nhật Mai,Travel Agency,Vietnam
CUST00091,Lan Mai,Individual,Vietnam
CUST00092,Stacy Obrien,Travel Agency,Australia
CUST00093,Anh Quang Đặng,Corporate,Vietnam
CUST00094,Quang Dương,Individual,Vietnam
CUST00095,Dũng Hữu Phạm,Corporate,Vietnam
CUST00096,김지영,Individual,Korea
CUST00097,Timothy Ross,Individual,USA
CUST00098,Dr. Wolf Weihmann,Travel Agency,Germany
CUST00099,Hạnh Lê,Corporate,Vietnam
CUST00100,Tú Mai,VIP,Vietnam
CUST00101,Chị Yến Dương,VIP,Vietnam
CUST00102,黄瑞,Travel Agency,China
CUST00103,Quý cô Lâm Dương,Individual,Vietnam
CUST00104,Lâm Xuân Nguyễn,VIP,Vietnam
CUST00105,Nhật Phạm,Individual,Vietnam
CUST00106,Chị Lâm Mai,Travel Agency,Vietnam
CUST00107,Jean Lebrun,VIP,France
CUST00108,Cô Hải Dương,Travel Agency,Vietnam
CUST00109,Dũng Vũ,Corporate,Vietnam
CUST00110,Thành Phạm,Individual,Vietnam
CUST00111,Bà Khoa Nguyễn,Individual,Vietnam
CUST00112,An Vũ,Travel Agency,Vietnam
CUST00113,Trọng Tấn Bùi,Individual,Vietnam
CUST00114,Christine Wood,Travel Agency,UK
CUST00115,Hà Trần,Corporate,Vietnam
CUST00116,Ông Nhiên Trần,Corporate,Vietnam
CUST00117,Hưng Trần,Corporate,Vietnam
CUST00118,Lan Nguyễn,Travel Agency,Vietnam
CUST00119,Chi Vũ,Corporate,Vietnam
CUST00120,Bà Ánh Mai,Individual,Vietnam
CUST00121,Melissa Chung,Corporate,Australia
CUST00122,Hải Bùi,Travel Agency,Vietnam
CUST00123,Heinz-Jürgen Schuchhardt B.A.,Travel Agency,Germany
CUST00124,Tú Nguyễn,Individual,Vietnam
CUST00125,Quý cô Hạnh Đặng,Travel Agency,Vietnam
CUST00126,Tùng Mai Bảo Hoàng,VIP,Vietnam
CUST00127,Kenneth Owens,Corporate,USA
CUST00128,Philip Fuller,VIP,Australia
CUST00129,Deborah Hughes,VIP,UK
CUST00130,Hạnh Hoàng,Individual,Vietnam
CUST00131,Anh Dương,VIP,Vietnam
CUST00132,Dũng Thị Vũ,Travel Agency,Vietnam
CUST00133,Chị Duyên Bùi,Individual,Vietnam
CUST00134,Cô An Dương,VIP,Vietnam
CUST00135,Vi Đặng,Individual,Vietnam
CUST00136,阿部 亮介,Corporate,Japan
CUST00137,Phúc Tấn Nguyễn,VIP,Vietnam
CUST00138,西村 充,Individual,Japan
CUST00139,Gerald Short,VIP,UK
CUST00140,Nam Đức Mai,Travel Agency,Vietnam
CUST00141,Hà Trần,Corporate,Vietnam
CUST00142,Daniel Marquez,Corporate,USA
CUST00143,Hà Văn Mai,Individual,Vietnam
CUST00144,Minh Hữu Mai,Travel Agency,Vietnam
CUST00145,藤原 さゆり,VIP,Japan
CUST00146,青木 涼平,VIP,Japan
CUST00147,Anh Trọng Vũ,VIP,Vietnam
CUST00148,後藤 裕美子,Individual,Japan
CUST00149,Hải Mai Bảo Mai,Travel Agency,Vietnam
CUST00150,Quý cô Phương Nguyễn,Individual,Vietnam
CUST00151,Ông Tùng Vũ,VIP,Vietnam
CUST00152,Lisa Howard,VIP,UK
CUST00153,Ánh Dương,Corporate,Vietnam
CUST00154,Stephanie Jackson,Travel Agency,Australia
CUST00155,Phương Hoàng Bùi,VIP,Vietnam
CUST00156,Phúc Trần,Travel Agency,Vietnam
CUST00157,Cô Mai Đặng,VIP,Vietnam
CUST00158,Quý cô Dương Nguyễn,Travel Agency,Vietnam
CUST00159,Tùng Hoàng,Individual,Vietnam
CUST00160,Hương Đặng,VIP,Vietnam
CUST00161,Nhật Nguyễn,Corporate,Vietnam
CUST00162,Ánh Mai,Travel Agency,Vietnam
CUST00163,Hồng Vũ,Corporate,Vietnam
CUST00164,Chị Khoa Trần,Corporate,Vietnam
CUST00165,Yves Bonneau,Corporate,France
CUST00166,Cô Lan Đặng,Individual,Vietnam
CUST00167,Khoa Đức Vũ,Individual,Vietnam
CUST00168,Ánh Vũ,Individual,Vietnam
CUST00169,Bà Lan Trần,Individual,Vietnam
CUST00170,Dũng Lê,Individual,Vietnam
CUST00171,Nhiên Mai Đặng,VIP,Vietnam
CUST00172,Anh Bảo Nguyễn,Corporate,Vietnam
CUST00173,Quý cô Hải Nguyễn,Individual,Vietnam
CUST00174,村上 陽一,VIP,Japan
CUST00175,Hạnh Đặng,Corporate,Vietnam
CUST00176,Mai Trần,Corporate,Vietnam
CUST00177,Patricia Diallo,Individual,France
CUST00178,Thành Hoàng Lê,Individual,Vietnam
CUST00179,김지후,Travel Agency,Korea
CUST00180,Cô Duyên Lê,Individual,Vietnam
CUST00181,Quang Hoàng,Individual,Vietnam
CUST00182,Bà Mai Đặng,Travel Agency,Vietnam
CUST00183,Bảo Trần,Individual,Vietnam
CUST00184,Huy Mai,Individual,Vietnam
CUST00185,Yến Lê,VIP,Vietnam
CUST00186,Vũ Đặng,Travel Agency,Vietnam
CUST00187,Hương Phạm,Corporate,Vietnam
CUST00188,한재현,Travel Agency,Korea
CUST00189,Trọng Đức Vũ,Travel Agency,Vietnam
CUST00190,Châu Dương,Individual,Vietnam
CUST00191,Dương Hoàng,Travel Agency,Vietnam
CUST00192,Quý cô Kim Trần,VIP,Vietnam
CUST00193,Bà Thành Nguyễn,Individual,Vietnam
CUST00194,Thành Mai Bùi,Travel Agency,Vietnam
CUST00195,Eric Matthäi,Individual,Germany
CUST00196,Odette de la Chartier,Individual,France
CUST00197,Cô Mai Mai,Individual,Vietnam
CUST00198,문정숙,VIP,Korea
CUST00199,Quý ông Vũ Phạm,VIP,Vietnam
CUST00200,Dương Mai,Corporate,Vietnam
CUST00201,Lâm Hoàng Trần,Individual,Vietnam
CUST00202,Anh Khoa Phạm,Corporate,Vietnam
CUST00203,Bảo Vũ,Corporate,Vietnam
CUST00204,Kristen Aguilar,Corporate,USA
CUST00205,Nhật Trí Dương,Travel Agency,Vietnam
CUST00206,Nicole Parker,Individual,USA
CUST00207,Thành Bảo Hoàng,Travel Agency,Vietnam
CUST00208,Cô Duyên Hoàng,Travel Agency,Vietnam
CUST00209,김병철,Individual,Korea
CUST00210,Honoré Pottier Le Le Goff,Corporate,France
CUST00211,Chị Bảo Vũ,Travel Agency,Vietnam
CUST00212,Nhiên Bảo Đặng,VIP,Vietnam
CUST00213,Hoàng Hải Vũ,Corporate,Vietnam
CUST00214,Bác Bảo Bùi,Individual,Vietnam
CUST00215,Quang Dương,Travel Agency,Vietnam
CUST00216,Ngọc Vũ,Individual,Vietnam
CUST00217,Thành Đức Lê,VIP,Vietnam
CUST00218,Kim Văn Lê,Corporate,Vietnam
CUST00219,Hồng Phạm,Individual,Vietnam
CUST00220,William Edwards,Travel Agency,USA
CUST00221,Trung Thị Nguyễn,Individual,Vietnam
CUST00222,Charles Kim,Individual,USA
CUST00223,김정자,Travel Agency,Korea
CUST00224,Cô Thảo Lê,Individual,Vietnam
CUST00225,Hạnh Dương,Individual,Vietnam
CUST00226,Luc Denis du Coste,Individual,France
CUST00227,Phương Lê,Corporate,Vietnam
CUST00228,Khoa Hoàng,Individual,Vietnam
CUST00229,Kim Đức Vũ,Travel Agency,Vietnam
CUST00230,中村 学,VIP,Japan
CUST00231,Justin Clay,VIP,Australia
CUST00232,马玉兰,Corporate,China
CUST00233,David Reed,Travel Agency,USA
CUST00234,Kim Hữu Vũ,VIP,Vietnam
CUST00235,Nam Phạm,Corporate,Vietnam
CUST00236,Hạnh Vũ,VIP,Vietnam
CUST00237,Kristen Howard,Corporate,Australia
CUST00238,Christopher Chapman,VIP,Australia
CUST00239,Benjamin de la Leblanc,Travel Agency,France
CUST00240,Bảo Trí Bùi,Travel Agency,Vietnam
CUST00241,Gerhardt Briemer,Individual,Germany
CUST00242,Quý cô Lan Hoàng,Individual,Vietnam
CUST00243,Quý cô Nhật Trần,Individual,Vietnam
CUST00244,Trọng Nguyễn,Travel Agency,Vietnam
CUST00245,Duyên Lê,VIP,Vietnam
CUST00246,Huy Phú Dương,Corporate,Vietnam
CUST00247,Minh Phạm,Individual,Vietnam
CUST00248,Trọng Phú Vũ,Corporate,Vietnam
CUST00249,Chị Dương Lê,Individual,Vietnam
CUST00250,杜畅,Individual,China
CUST00251,Bà Hạnh Phạm,VIP,Vietnam
CUST00252,Quý ông Nhiên Dương,Corporate,Vietnam
CUST00253,이은서,Travel Agency,Korea
CUST00254,Nhiên Đức Phạm,Individual,Vietnam
CUST00255,Thành Dương,Individual,Vietnam
CUST00256,Andrée-Odette Valentin,VIP,France
CUST00257,湛丹丹,Travel Agency,China
CUST00258,Miss Sian Wood,VIP,UK
CUST00259,Nhật Xuân Đặng,Travel Agency,Vietnam
CUST00260,Thành Bảo Nguyễn,Corporate,Vietnam
CUST00261,Hoàng Bảo Trần,VIP,Vietnam
CUST00262,이서현,Individual,Korea
CUST00263,Cô Mai Lê,Travel Agency,Vietnam
CUST00264,Kim Phạm,Corporate,Vietnam
CUST00265,Alexandrie Marchal,Travel Agency,France
CUST00266,Thảo Bùi,VIP,Vietnam
CUST00267,Bác Minh Bùi,VIP,Vietnam
CUST00268,Trung Dương,VIP,Vietnam
CUST00269,Quý cô Chi Hoàng,Travel Agency,Vietnam
CUST00270,Tú Quang Nguyễn,Corporate,Vietnam
CUST00271,Quang Đặng,VIP,Vietnam
CUST00272,Quý cô Nhật Phạm,Corporate,Vietnam
CUST00273,Trung Phạm,Corporate,Vietnam
CUST00274,Quý ông Dũng Hoàng,Corporate,Vietnam
CUST00275,Thành Trần,Travel Agency,Vietnam
CUST00276,An Đức Lê,Travel Agency,Vietnam
CUST00277,Hạnh Đức Mai,Individual,Vietnam
CUST00278,Khoa Bùi,Corporate,Vietnam
CUST00279,Châu Mai,Individual,Vietnam
CUST00280,Antoine Delmas,VIP,France
CUST00281,Chi Vũ,Individual,Vietnam
CUST00282,徐桂珍,Corporate,China
CUST00283,李琴,Corporate,China
CUST00284,Hạnh Phú Phạm,Corporate,Vietnam
CUST00285,Cô Vi Hoàng,VIP,Vietnam
CUST00286,後藤 里佳,Individual,Japan
CUST00287,Bác Hoàng Trần,Travel Agency,Vietnam
CUST00288,Khoa Bùi,Individual,Vietnam
CUST00289,Trọng Phạm,Individual,Vietnam
CUST00290,Sharon Jones,Corporate,UK
CUST00291,Emmerich Gunpf,VIP,Germany
CUST00292,Émile Gallet du Julien,Corporate,France
CUST00293,Châu Mai,Individual,Vietnam
CUST00294,안영호,Travel Agency,Korea
CUST00295,谭秀华,Individual,China
CUST00296,袁辉,Travel Agency,China
CUST00297,Cô Nhật Bùi,VIP,Vietnam
CUST00298,Katie Wright-Bradley,Individual,UK
CUST00299,Khoa Mai Đặng,VIP,Vietnam
CUST00300,Cô An Hoàng,Individual,Vietnam
CUST00301,Nhật Quang Mai,Corporate,Vietnam
CUST00302,Chị Hà Bùi,VIP,Vietnam
CUST00303,Bác Huy Phạm,VIP,Vietnam
CUST00304,Quý cô Linh Nguyễn,Travel Agency,Vietnam
CUST00305,姚明,Individual,China
CUST00306,那佳,Travel Agency,China
CUST00307,Cô Duyên Dương,VIP,Vietnam
CUST00308,Cô An Nguyễn,Individual,Vietnam
CUST00309,Chị Hải Dương,Corporate,Vietnam
CUST00310,An Đức Đặng,Corporate,Vietnam
CUST00311,Linh Vũ,Individual,Vietnam
CUST00312,Vincent Edwards,Corporate,UK
CUST00313,Nam Hoàng,Individual,Vietnam
CUST00314,高橋 翔太,Corporate,Japan
CUST00315,Miss Ellie Cole,Travel Agency,UK
CUST00316,Nhật Văn Lê,Corporate,Vietnam
CUST00317,Hạnh Mai Bảo Trần,Corporate,Vietnam
CUST00318,Heather Grant,Individual,UK
CUST00319,Bà Kim Phạm,Travel Agency,Vietnam
CUST00320,Quý cô Nhật Hoàng,VIP,Vietnam
CUST00321,Phúc Bùi,Corporate,Vietnam
CUST00322,Debra Taylor,VIP,UK
CUST00323,Daniel de Roussel,Individual,France
CUST00324,Cô Hà Lê,VIP,Vietnam
CUST00325,Xuân Mai,VIP,Vietnam
CUST00326,Dr Dominic Jones,VIP,UK
CUST00327,Hải Mai Bảo Phạm,Corporate,Vietnam
CUST00328,Thành Vũ,Corporate,Vietnam
CUST00329,Bảo Hoàng Trần,Corporate,Vietnam
CUST00330,Nhật Nguyễn,Individual,Vietnam
CUST00331,Nhật Mai Mai,Corporate,Vietnam
CUST00332,Quý cô Ngọc Đặng,Individual,Vietnam
CUST00333,Bà Phương Vũ,VIP,Vietnam
CUST00334,Châu Hoàng,Corporate,Vietnam
CUST00335,Nam Mai,Corporate,Vietnam
CUST00336,김상훈,VIP,Korea
CUST00337,Cô Hạnh Phạm,Individual,Vietnam
CUST00338,Khoa Mai Bảo Nguyễn,Travel Agency,Vietnam
CUST00339,Ông Trọng Đặng,Individual,Vietnam
CUST00340,박우진,VIP,Korea
CUST00341,Hải Hải Bùi,VIP,Vietnam
CUST00342,Anh Minh Bùi,VIP,Vietnam
CUST00343,Bà Nhật Trần,VIP,Vietnam
CUST00344,Ing. Karin Hahn MBA.,Individual,Germany
CUST00345,Horst Harloff-Stoll,Travel Agency,Germany
CUST00346,Vũ Nguyễn,Individual,Vietnam
CUST00347,Dr Rhys Lee,Corporate,UK
CUST00348,山田 太一,Individual,Japan
CUST00349,Annette Hawkins,Corporate,UK
CUST00350,An Thị Dương,Travel Agency,Vietnam
CUST00351,Shelby Hansen,Corporate,USA
CUST00352,Bà Lan Đặng,Individual,Vietnam
CUST00353,Claire Bourdon,Individual,France
CUST00354,Chị Phương Trần,Corporate,Vietnam
CUST00355,Quý cô Phương Vũ,VIP,Vietnam
CUST00356,Quý cô Chi Đặng,VIP,Vietnam
CUST00357,Guy Booth,VIP,UK
CUST00358,Cô Thành Đặng,Corporate,Vietnam
CUST00359,Quý cô Vân Lê,Individual,Vietnam
CUST00360,Cô Lan Lê,VIP,Vietnam
CUST00361,Huy Mai,Individual,Vietnam
CUST00362,Anh Khoa Dương,Individual,Vietnam
CUST00363,Tú Dương,Individual,Vietnam
CUST00364,Ông Châu Đặng,Corporate,Vietnam
CUST00365,王飞,Corporate,China
CUST00366,Trung Phú Hoàng,Corporate,Vietnam
CUST00367,Phương Lê,VIP,Vietnam
CUST00368,Quý ông Nam Phạm,VIP,Vietnam
CUST00369,卢秀芳,Travel Agency,China
CUST00370,Bà Hải Vũ,Individual,Vietnam
CUST00371,Trọng Thị Trần,Travel Agency,Vietnam
CUST00372,Hải Mai Bảo Trần,Travel Agency,Vietnam
CUST00373,Trọng Phạm,Corporate,Vietnam
CUST00374,Châu Mai Bảo Vũ,VIP,Vietnam
CUST00375,Cô Lâm Dương,Individual,Vietnam
CUST00376,Hương Hoàng,Corporate,Vietnam
CUST00377,Bảo Hải Trần,Individual,Vietnam
CUST00378,Ông Dũng Hoàng,Individual,Vietnam
CUST00379,강영환,VIP,Korea
CUST00380,Marcel Imbert,Individual,France
CUST00381,Dũng Bảo Bùi,Individual,Vietnam
CUST00382,Huy Mai Vũ,Corporate,Vietnam
CUST00383,Phương Hữu Nguyễn,Individual,Vietnam
CUST00384,Anh Quang Mai,Corporate,Vietnam
CUST00385,佐藤 篤司,VIP,Japan
CUST00386,Denise Mahmood,Individual,UK
CUST00387,Ms Alexandra Giles,Corporate,UK
CUST00388,Quý cô Yến Vũ,Corporate,Vietnam
CUST00389,Agathe Gonzalez Le Gimenez,Corporate,France
CUST00390,Nhật Trần,Travel Agency,Vietnam
CUST00391,Lâm Phạm,Travel Agency,Vietnam
CUST00392,Jeffrey Lee,VIP,USA
CUST00393,Bà Hồng Nguyễn,Individual,Vietnam
CUST00394,刘颖,Corporate,China
CUST00395,John Watts,Travel Agency,USA
CUST00396,Matthieu Guillou Le Weber,Individual,France
CUST00397,Thành Phạm,Travel Agency,Vietnam
CUST00398,Bà Hương Mai,VIP,Vietnam
CUST00399,Khoa Văn Mai,Individual,Vietnam
CUST00400,Chị Thành Hoàng,VIP,Vietnam
CUST00401,Thành Hoàng,Corporate,Vietnam
CUST00402,Chị Kim Nguyễn,Individual,Vietnam
CUST00403,Patricia Bruce,VIP,USA
CUST00404,Hưng Mai Bảo Vũ,Individual,Vietnam
CUST00405,Quang Hữu Hoàng,Individual,Vietnam
CUST00406,Franco Weitzel-Ditschlerin,VIP,Germany
CUST00407,Cô Linh Vũ,Corporate,Vietnam
CUST00408,Duyên Đặng,Corporate,Vietnam
CUST00409,Bà Chi Hoàng,Individual,Vietnam
CUST00410,Bảo Quang Bùi,Individual,Vietnam
CUST00411,Bác Dũng Lê,Corporate,Vietnam
CUST00412,Dương Mai,Corporate,Vietnam
CUST00413,廖秀荣,VIP,China
CUST00414,Bảo Tấn Bùi,Travel Agency,Vietnam
CUST00415,차정호,Individual,Korea
CUST00416,Bà Chi Trần,Individual,Vietnam
CUST00417,Tùng Đặng,Corporate,Vietnam
CUST00418,Nhật Đức Bùi,VIP,Vietnam
CUST00419,Ông Hưng Trần,VIP,Vietnam
CUST00420,Trọng Phạm,Individual,Vietnam
CUST00421,류서윤,VIP,Korea
CUST00422,Quý ông Dũng Vũ,Corporate,Vietnam
CUST00423,Rebecca Houston DDS,Corporate,USA
CUST00424,박건우,Travel Agency,Korea
CUST00425,Yến Phạm,VIP,Vietnam
CUST00426,Ông Hoàng Hoàng,Individual,Vietnam
CUST00427,Ronald Yu,Travel Agency,Australia
CUST00428,An Đức Bùi,Corporate,Vietnam
CUST00429,Kim Trí Phạm,VIP,Vietnam
CUST00430,Khoa Trần,VIP,Vietnam
CUST00431,Khoa Trần,VIP,Vietnam
CUST00432,Quý cô Lan Dương,Travel Agency,Vietnam
CUST00433,Bác Nam Đặng,Travel Agency,Vietnam
CUST00434,Khoa Dương,VIP,Vietnam
CUST00435,Iain King,VIP,UK
CUST00436,阿部 さゆり,Corporate,Japan
CUST00437,Quang Đức Đặng,VIP,Vietnam
CUST00438,Anh Bảo Hoàng,Corporate,Vietnam
CUST00439,David Cox,Travel Agency,Australia
CUST00440,Ông Dũng Hoàng,Travel Agency,Vietnam
CUST00441,Dr Kimberley Parry,Travel Agency,UK
CUST00442,Ông Nhiên Dương,Travel Agency,Vietnam
CUST00443,April Patton,Individual,USA
CUST00444,Hạnh Lê,Travel Agency,Vietnam
CUST00445,Tùng Hải Phạm,Travel Agency,Vietnam
CUST00446,Châu Xuân Mai,Travel Agency,Vietnam
CUST00447,Nhật Dương,Individual,Vietnam
CUST00448,Cô Ánh Bùi,Individual,Vietnam
CUST00449,박민석,Corporate,Korea
CUST00450,Anh Quang Nguyễn,VIP,Vietnam
CUST00451,Nhật Bảo Mai,Corporate,Vietnam
CUST00452,Chị Vân Đặng,Individual,Vietnam
CUST00453,Kim Mai,Corporate,Vietnam
CUST00454,Cô Hà Nguyễn,Individual,Vietnam
CUST00455,Mai Lê,Individual,Vietnam
CUST00456,Andrew Freeman,VIP,Australia
CUST00457,Leslie Evans,VIP,UK
CUST00458,池田 淳,Individual,Japan
CUST00459,Vũ Mai,Corporate,Vietnam
CUST00460,Hà Thế Dương,Corporate,Vietnam
CUST00461,Bà Hồng Phạm,Individual,Vietnam
CUST00462,Cô Lâm Dương,Individual,Vietnam
CUST00463,Amy Adams,Corporate,Australia
CUST00464,Bảo Mai,Travel Agency,Vietnam
CUST00465,Greta Pruschke-Warmer,VIP,Germany
CUST00466,Cô Vân Hoàng,Corporate,Vietnam
CUST00467,Huy Vũ,Travel Agency,Vietnam
CUST00468,Chị Xuân Trần,Corporate,Vietnam
CUST00469,Duyên Phạm,VIP,Vietnam
CUST00470,Nathalie-Jeanne Lebreton,Travel Agency,France
CUST00471,Thành Đặng,Travel Agency,Vietnam
CUST00472,Quý ông Minh Hoàng,Corporate,Vietnam
CUST00473,Quý cô Vi Hoàng,Individual,Vietnam
CUST00474,Phương Đặng,Travel Agency,Vietnam
CUST00475,Hanspeter Scholtz-Löffler,VIP,Germany
CUST00476,渡辺 裕樹,Travel Agency,Japan
CUST00477,Quý cô Khoa Đặng,VIP,Vietnam
CUST00478,吉田 春香,VIP,Japan
CUST00479,Hương Vũ,VIP,Vietnam
CUST00480,Khoa Lê,Travel Agency,Vietnam
CUST00481,Hạnh Vũ,VIP,Vietnam
CUST00482,Bảo Tấn Đặng,VIP,Vietnam
CUST00483,Cô Xuân Phạm,VIP,Vietnam
CUST00484,Hà Đức Hoàng,Individual,Vietnam
CUST00485,Khoa Mai,Travel Agency,Vietnam
CUST00486,René Joly,VIP,France
CUST00487,Bác Bảo Trần,Travel Agency,Vietnam
CUST00488,Kim Đặng,Travel Agency,Vietnam
CUST00489,Vũ Dương,Individual,Vietnam
CUST00490,Hương Nguyễn,Corporate,Vietnam
CUST00491,최지후,Individual,Korea
CUST00492,遠藤 治,Individual,Japan
CUST00493,Trọng Bùi,Individual,Vietnam
CUST00494,Hà Mai Bảo Phạm,Corporate,Vietnam
CUST00495,Vũ Mai,VIP,Vietnam
CUST00496,Stephen Reeves,Individual,USA
CUST00497,홍도현,VIP,Korea
CUST00498,Bà Nhật Nguyễn,Corporate,Vietnam
CUST00499,Chị Yến Trần,VIP,Vietnam
CUST00500,Hải Vũ,Travel Agency,Vietnam
CUST00501,Bà Chi Lê,Corporate,Vietnam
CUST00502,Châu Vũ,Individual,Vietnam
CUST00503,Thành Hoàng,Corporate,Vietnam
CUST00504,Nhật Dương,VIP,Vietnam
CUST00505,Quý cô Khoa Phạm,Individual,Vietnam
CUST00506,Khoa Văn Lê,VIP,Vietnam
CUST00507,Michael Johnson,Travel Agency,USA
CUST00508,Alice Taylor,Individual,UK
CUST00509,Bà Lâm Đặng,VIP,Vietnam
CUST00510,Dũng Đức Dương,VIP,Vietnam
CUST00511,An Đức Đặng,Travel Agency,Vietnam
CUST00512,Bác Châu Phạm,VIP,Vietnam
CUST00513,이도윤,Corporate,Korea
CUST00514,Jordan Hughes,Individual,UK
CUST00515,Dr. Juan Nette MBA.,Corporate,Germany
CUST00516,Noah Burton,VIP,Australia
CUST00517,Hà Văn Hoàng,Individual,Vietnam
CUST00518,Shari Blanchard,Individual,Australia
CUST00519,Dũng Bùi,Travel Agency,Vietnam
CUST00520,江浩,VIP,China
CUST00521,Quý ông Bảo Dương,Travel Agency,Vietnam
CUST00522,Alexandre David-Lombard,Individual,France
CUST00523,Bảo Mai Phạm,Travel Agency,Vietnam
CUST00524,Chi Bùi,Individual,Vietnam
CUST00525,Ashley Beck,Travel Agency,USA
CUST00526,Ông Hưng Vũ,Corporate,Vietnam
CUST00527,Ánh Vũ,Travel Agency,Vietnam
CUST00528,Hoàng Mai,Individual,Vietnam
CUST00529,Cô Xuân Mai,Travel Agency,Vietnam
CUST00530,Francesca Price,VIP,UK
CUST00531,Trọng Thế Hoàng,VIP,Vietnam
CUST00532,Quang Phạm,Travel Agency,Vietnam
CUST00533,Nam Trí Nguyễn,Individual,Vietnam
CUST00534,Leonardo Schleich-Stolze,Individual,Germany
CUST00535,Cô Xuân Đặng,VIP,Vietnam
CUST00536,Frau Lucia Steckel,VIP,Germany
CUST00537,Quang Vũ,Corporate,Vietnam
CUST00538,Philippine Lebreton-Arnaud,Travel Agency,France
CUST00539,太田 裕太,Individual,Japan
CUST00540,Quang Hoàng,VIP,Vietnam
CUST00541,Chị Thảo Phạm,Travel Agency,Vietnam
CUST00542,张明,Travel Agency,China
CUST00543,Kim Xuân Dương,Individual,Vietnam
CUST00544,易雷,VIP,China
CUST00545,Michelle Lesage,Corporate,France
CUST00546,Bác Trung Đặng,Travel Agency,Vietnam
CUST00547,Hoàng Bùi,Individual,Vietnam
CUST00548,Vũ Mai Trần,Travel Agency,Vietnam
CUST00549,Dương Nguyễn,Individual,Vietnam
CUST00550,Quý ông Khoa Vũ,Travel Agency,Vietnam
CUST00551,Cô Thành Nguyễn,Travel Agency,Vietnam
CUST00552,Linh Trần,Travel Agency,Vietnam
CUST00553,Thành Hải Bùi,Corporate,Vietnam
CUST00554,Nam Bùi,Individual,Vietnam
CUST00555,Châu Hữu Lê,VIP,Vietnam
CUST00556,Tú Đặng,Travel Agency,Vietnam
CUST00557,Ngọc Lê,VIP,Vietnam
CUST00558,Dũng Bùi,VIP,Vietnam
CUST00559,Hưng Bùi,Travel Agency,Vietnam
CUST00560,Chị Hương Phạm,Travel Agency,Vietnam
CUST00561,Bảo Phạm,Travel Agency,Vietnam
CUST00562,小林 聡太郎,Corporate,Japan
CUST00563,Chị Lâm Trần,VIP,Vietnam
CUST00564,Bà Hương Lê,VIP,Vietnam
CUST00565,Quang Trần,Corporate,Vietnam
CUST00566,Bà Kim Dương,Individual,Vietnam
CUST00567,Vi Dương,Travel Agency,Vietnam
CUST00568,Hương Dương,Individual,Vietnam
CUST00569,Khoa Lê,Travel Agency,Vietnam
CUST00570,Bà Dương Phạm,Individual,Vietnam
CUST00571,Cô An Bùi,VIP,Vietnam
CUST00572,Trọng Bùi,Travel Agency,Vietnam
CUST00573,Huy Bảo Vũ,Travel Agency,Vietnam
CUST00574,김준혁,Individual,Korea
CUST00575,Huy Phú Dương,Corporate,Vietnam
CUST00576,Hà Phú Đặng,Travel Agency,Vietnam
CUST00577,Nhật Tấn Dương,Travel Agency,Vietnam
CUST00578,Lan Lê,VIP,Vietnam
CUST00579,Hoàng Mai Bảo Đặng,Individual,Vietnam
CUST00580,안영진,Corporate,Korea
CUST00581,Anh Trọng Vũ,Travel Agency,Vietnam
CUST00582,Chị Linh Nguyễn,Individual,Vietnam
CUST00583,Chị Hải Vũ,Corporate,Vietnam
CUST00584,Phương Mai,Individual,Vietnam
CUST00585,Chị Mai Phạm,Individual,Vietnam
CUST00586,Christine Rios,Corporate,Australia
CUST00587,Courtney Bell,Corporate,USA
CUST00588,An Hoàng Bùi,VIP,Vietnam
CUST00589,Mrs Natalie Hale,Travel Agency,UK
CUST00590,박은영,Travel Agency,Korea
CUST00591,唐丽丽,Corporate,China
CUST00592,Andrew Rowe,Travel Agency,USA
CUST00593,Bảo Bảo Phạm,Individual,Vietnam
CUST00594,Jim Benson,Travel Agency,Australia
CUST00595,Cô Hải Bùi,Corporate,Vietnam
CUST00596,Hermine Hande B.A.,Individual,Germany
CUST00597,Hạnh Mai,VIP,Vietnam
CUST00598,Khoa Đức Trần,Corporate,Vietnam
CUST00599,Lâm Mai,Travel Agency,Vietnam
CUST00600,Vi Nguyễn,VIP,Vietnam
CUST00601,杨荣,Individual,China
CUST00602,Xuân Bùi,Individual,Vietnam
CUST00603,Anh Quang Mai,Corporate,Vietnam
CUST00604,Hà Phạm,Travel Agency,Vietnam
CUST00605,Ông Phúc Mai,Individual,Vietnam
CUST00606,缪秀云,Corporate,China
CUST00607,Bảo Đặng,VIP,Vietnam
CUST00608,Bà Hạnh Phạm,Individual,Vietnam
CUST00609,Hương Nguyễn,Individual,Vietnam
CUST00610,Xuân Hoàng,Travel Agency,Vietnam
CUST00611,Michael Garcia,VIP,Australia
CUST00612,Bà Hương Dương,Travel Agency,Vietnam
CUST00613,Quang Thị Hoàng,Travel Agency,Vietnam
CUST00614,박혜진,Individual,Korea
CUST00615,松本 舞,Individual,Japan
CUST00616,Anh Vũ Lê,Individual,Vietnam
CUST00617,Thành Hoàng Trần,Corporate,Vietnam
CUST00618,Bà Bảo Phạm,Individual,Vietnam
CUST00619,An Mai Bảo Nguyễn,Individual,Vietnam
CUST00620,Huy Vũ,Individual,Vietnam
CUST00621,Carly Kent,Corporate,USA
CUST00622,Ánh Mai,Corporate,Vietnam
CUST00623,Bảo Trí Bùi,Corporate,Vietnam
CUST00624,Mrs Claire Robinson,Corporate,UK
CUST00625,Phương Hữu Lê,VIP,Vietnam
CUST00626,Martin-Isaac Dupré,Corporate,France
CUST00627,Quý cô Mai Phạm,VIP,Vietnam
CUST00628,Vi Bùi,Individual,Vietnam
CUST00629,Nhiên Phú Phạm,VIP,Vietnam
CUST00630,李淑英,Travel Agency,China
CUST00631,Quý cô Bảo Mai,Corporate,Vietnam
CUST00632,Hạnh Trần,Corporate,Vietnam
CUST00633,Centa Haering,Individual,Germany
CUST00634,Cô Thảo Lê,Corporate,Vietnam
CUST00635,Hans-Ludwig Köhler,Corporate,Germany
CUST00636,Bà Chi Nguyễn,Travel Agency,Vietnam
CUST00637,Rosina Salz,Corporate,Germany
CUST00638,Bác Nhiên Bùi,VIP,Vietnam
CUST00639,Hưng Mai,Corporate,Vietnam
CUST00640,Quý ông Hoàng Vũ,VIP,Vietnam
CUST00641,Amelia Taylor,Travel Agency,UK
CUST00642,Tú Hoàng Hoàng,Travel Agency,Vietnam
CUST00643,Cô An Trần,Corporate,Vietnam
CUST00644,이예지,VIP,Korea
CUST00645,Maurice-Raymond Guibert,Individual,France
CUST00646,Khoa Phạm,Individual,Vietnam
CUST00647,Hải Hoàng Đặng,Individual,Vietnam
CUST00648,Vũ Lê,Individual,Vietnam
CUST00649,Bryan Gordon,VIP,UK
CUST00650,Dipl.-Ing. Henryk Roht,Corporate,Germany
CUST00651,Frederike Dietz-Wirth,VIP,Germany
CUST00652,Thành Mai Bùi,Corporate,Vietnam
CUST00653,Trọng Thị Trần,Corporate,Vietnam
CUST00654,장정순,Travel Agency,Korea
CUST00655,Quý cô Thành Nguyễn,Corporate,Vietnam
CUST00656,Hạnh Lê,Individual,Vietnam
CUST00657,Kim Hoàng Dương,Corporate,Vietnam
CUST00658,Nam Thế Trần,Individual,Vietnam
CUST00659,Francis Dehmel,Individual,Germany
CUST00660,渡辺 晃,Individual,Japan
CUST00661,Ms Diane Randall,Travel Agency,UK
CUST00662,Dương Phạm,Travel Agency,Vietnam
CUST00663,Anh Minh Trần,Corporate,Vietnam
CUST00664,Nhiên Vũ,Individual,Vietnam
CUST00665,Ánh Hoàng,Individual,Vietnam
CUST00666,Hải Quang Nguyễn,Individual,Vietnam
CUST00667,Malcolm Davidson,Travel Agency,UK
CUST00668,Quý cô Chi Phạm,VIP,Vietnam
CUST00669,Cô Hạnh Vũ,Individual,Vietnam
CUST00670,Quý ông Hưng Dương,Corporate,Vietnam
CUST00671,An Hải Vũ,Travel Agency,Vietnam
CUST00672,Quang Nguyễn,VIP,Vietnam
CUST00673,李超,Individual,China
CUST00674,Duyên Trần,Corporate,Vietnam
CUST00675,Khoa Đức Trần,Corporate,Vietnam
CUST00676,佐藤 直樹,Corporate,Japan
CUST00677,Bảo Hải Mai,Corporate,Vietnam
CUST00678,Cô Vi Đặng,VIP,Vietnam
CUST00679,Bà Vi Phạm,Travel Agency,Vietnam
CUST00680,Nhật Phạm,Corporate,Vietnam
CUST00681,Anh Bảo Hoàng,Individual,Vietnam
CUST00682,Chị Thành Lê,Travel Agency,Vietnam
CUST00683,Tùng Trần,Travel Agency,Vietnam
CUST00684,Hà Nguyễn,Travel Agency,Vietnam
CUST00685,Elaine Wolfe,Corporate,USA
CUST00686,Khoa Bảo Bùi,Corporate,Vietnam
CUST00687,Phương Mai,Travel Agency,Vietnam
CUST00688,Cô An Nguyễn,Individual,Vietnam
CUST00689,Leonid Seidel-Schottin,Individual,Germany
CUST00690,Karen Henderson,VIP,Australia
CUST00691,Chị An Bùi,Individual,Vietnam
CUST00692,Bà Hương Bùi,Travel Agency,Vietnam
CUST00693,Bảo Thị Bùi,Travel Agency,Vietnam
CUST00694,Anh Vũ Dương,VIP,Vietnam
CUST00695,Quang Đặng,VIP,Vietnam
CUST00696,Huy Hữu Đặng,Travel Agency,Vietnam
CUST00697,Khoa Bùi,Corporate,Vietnam
CUST00698,Richard Morgan,VIP,USA
CUST00699,Wilfried Fiebig,Travel Agency,Germany
CUST00700,Anh Bảo Phạm,Travel Agency,Vietnam
CUST00701,Quý cô Thành Bùi,VIP,Vietnam
CUST00702,Minh Trần,Travel Agency,Vietnam
CUST00703,Susan de Lebon,Individual,France
CUST00704,Cô Vi Nguyễn,Individual,Vietnam
CUST00705,Kim Bảo Vũ,VIP,Vietnam
CUST00706,Minh Lê,Travel Agency,Vietnam
CUST00707,Stephanie Ballard,Individual,USA
CUST00708,Linh Lê,VIP,Vietnam
CUST00709,加藤 結衣,Corporate,Japan
CUST00710,Quang Quang Trần,Travel Agency,Vietnam
CUST00711,Phúc Bùi,Corporate,Vietnam
CUST00712,Charlene Watts,Travel Agency,UK
CUST00713,Ricky Kelly,VIP,UK
CUST00714,Minh Mai Bảo Nguyễn,Corporate,Vietnam
CUST00715,Hồng Dương,Travel Agency,Vietnam
CUST00716,Huy Đức Phạm,Corporate,Vietnam
CUST00717,Khoa Mai Bảo Lê,Individual,Vietnam
CUST00718,Dũng Trí Đặng,Individual,Vietnam
CUST00719,Chi Dương,Corporate,Vietnam
CUST00720,김경수,Travel Agency,Korea
CUST00721,Trung Bùi,VIP,Vietnam
CUST00722,Cécile Lemaître,Travel Agency,France
CUST00723,Vân Bùi,Corporate,Vietnam
CUST00724,Auguste Le Prévost,Corporate,France
CUST00725,Hạnh Mai Trần,Travel Agency,Vietnam
CUST00726,Bác Hoàng Hoàng,Individual,Vietnam
CUST00727,Quý cô Yến Hoàng,Travel Agency,Vietnam
CUST00728,徐柳,VIP,China
CUST00729,Phúc Bùi,Travel Agency,Vietnam
CUST00730,Tom Curtis,Travel Agency,UK
CUST00731,윤예준,Corporate,Korea
CUST00732,Quý cô Lâm Dương,Corporate,Vietnam
CUST00733,Bác Quang Vũ,Individual,Vietnam
CUST00734,Anh Hoàng Bùi,Corporate,Vietnam
CUST00735,Lâm Dương,Individual,Vietnam
CUST00736,Cläre Franke,VIP,Germany
CUST00737,Brenda Herrera,Individual,Australia
CUST00738,Amanda Lewis,VIP,Australia
CUST00739,Ông Vũ Mai,Corporate,Vietnam
CUST00740,Quý cô Xuân Nguyễn,VIP,Vietnam
CUST00741,Aurore Baron,Individual,France
CUST00742,Bà Hạnh Trần,VIP,Vietnam
CUST00743,Jodi Robinson,Individual,USA
CUST00744,Phương Mai,Corporate,Vietnam
CUST00745,Dũng Đức Phạm,Travel Agency,Vietnam
CUST00746,Anh Huy Lê,VIP,Vietnam
CUST00747,Hortense de Da Costa,Travel Agency,France
CUST00748,陈玲,Individual,China
CUST00749,Trung Trí Trần,Corporate,Vietnam
CUST00750,Linh Nguyễn,Travel Agency,Vietnam
CUST00751,Deanna Manning,VIP,Australia
CUST00752,Stephen Ellis,VIP,USA
CUST00753,Bà Mai Hoàng,Individual,Vietnam
CUST00754,Bà Lan Lê,Travel Agency,Vietnam
CUST00755,Detlev Rust,Individual,Germany
CUST00756,Vân Bùi,VIP,Vietnam
CUST00757,李博,Individual,China
CUST00758,Chị Lâm Trần,Travel Agency,Vietnam
CUST00759,Trọng Thị Vũ,Individual,Vietnam
CUST00760,Vân Đặng,Individual,Vietnam
CUST00761,Chị Hạnh Bùi,VIP,Vietnam
CUST00762,Nam Trần,Travel Agency,Vietnam
CUST00763,Ông Vũ Vũ,Corporate,Vietnam
CUST00764,Nam Bùi,VIP,Vietnam
CUST00765,Hạnh Mai Bảo Bùi,Corporate,Vietnam
CUST00766,Quý ông Hoàng Phạm,Corporate,Vietnam
CUST00767,Quang Mai Mai,Travel Agency,Vietnam
CUST00768,Nam Hữu Trần,Corporate,Vietnam
CUST00769,Dương Dương,Corporate,Vietnam
CUST00770,Dương Vũ,VIP,Vietnam
CUST00771,Laura Miller,Individual,USA
CUST00772,Lâm Mai Bảo Bùi,Individual,Vietnam
CUST00773,이순자,Travel Agency,Korea
CUST00774,吉田 幹,Travel Agency,Japan
CUST00775,An Trần,Corporate,Vietnam
CUST00776,Tùng Hoàng Lê,Corporate,Vietnam
CUST00777,Theresa Fernandez,Travel Agency,Australia
CUST00778,Bác Quang Bùi,Individual,Vietnam
CUST00779,Jennifer Leach,Corporate,USA
CUST00780,Hạnh Bảo Hoàng,Travel Agency,Vietnam
CUST00781,Cô Hà Đặng,Travel Agency,Vietnam
CUST00782,Quý ông Trung Lê,Travel Agency,Vietnam
CUST00783,鈴木 七夏,Individual,Japan
CUST00784,Denis Turner-Kent,Travel Agency,UK
CUST00785,Kim Lê,Corporate,Vietnam
CUST00786,Bà Thảo Đặng,Travel Agency,Vietnam
CUST00787,Cynthia Stanton,Travel Agency,USA
CUST00788,Nhiên Trần,Travel Agency,Vietnam
CUST00789,Ngọc Đặng,VIP,Vietnam
CUST00790,Nhật Thế Lê,VIP,Vietnam
CUST00791,Quý ông Huy Dương,Individual,Vietnam
CUST00792,Nhật Mai,Corporate,Vietnam
CUST00793,An Quang Bùi,Individual,Vietnam
CUST00794,Bảo Nguyễn,Travel Agency,Vietnam
CUST00795,Bà Phương Dương,VIP,Vietnam
CUST00796,Phương Đặng,Individual,Vietnam
CUST00797,Huy Hoàng Trần,Corporate,Vietnam
CUST00798,Duyên Mai,Travel Agency,Vietnam
CUST00799,Cô Mai Mai,Corporate,Vietnam
CUST00800,Ông Hoàng Đặng,VIP,Vietnam
CUST00801,송경자,Corporate,Korea
CUST00802,Khoa Dương,Corporate,Vietnam
CUST00803,Chi Đặng,Corporate,Vietnam
CUST00804,Bảo Đặng,Travel Agency,Vietnam
CUST00805,Anh Anh Trần,Corporate,Vietnam
CUST00806,서아름,Corporate,Korea
CUST00807,Robert Mcknight,Travel Agency,USA
CUST00808,Trọng Bảo Vũ,Travel Agency,Vietnam
CUST00809,Cô Yến Dương,Travel Agency,Vietnam
CUST00810,Trung Dương,VIP,Vietnam
CUST00811,Hưng Mai Mai,VIP,Vietnam
CUST00812,Bà Yến Nguyễn,Individual,Vietnam
CUST00813,Bác Hoàng Lê,Corporate,Vietnam
CUST00814,Tú Đức Lê,Corporate,Vietnam
CUST00815,徐秀云,Individual,China
CUST00816,Trung Quang Dương,Corporate,Vietnam
CUST00817,Phương Mai Bảo Phạm,VIP,Vietnam
CUST00818,Lâm Hoàng,Travel Agency,Vietnam
CUST00819,Quý cô Ánh Nguyễn,Travel Agency,Vietnam
CUST00820,Anh Mai Bảo Vũ,VIP,Vietnam
CUST00821,Tùng Bảo Dương,VIP,Vietnam
CUST00822,Isabell Klemm,Individual,Germany
CUST00823,Timothy Osborne,Travel Agency,USA
CUST00824,Chị Khoa Dương,Individual,Vietnam
CUST00825,Ông Vũ Đặng,VIP,Vietnam
CUST00826,Thành Hải Phạm,Individual,Vietnam
CUST00827,王龙,Corporate,China
CUST00828,Xuân Dương,Individual,Vietnam
CUST00829,Bác Dũng Trần,Individual,Vietnam
CUST00830,Xuân Vũ,Individual,Vietnam
CUST00831,Karen Bradshaw,VIP,USA
CUST00832,李丽,VIP,China
CUST00833,Crystal Smith,Individual,USA
CUST00834,Hưng Trí Vũ,VIP,Vietnam
CUST00835,Cô Lan Nguyễn,VIP,Vietnam
CUST00836,Vân Trần,VIP,Vietnam
CUST00837,Yến Lê,Travel Agency,Vietnam
CUST00838,Hans-Karl Lachmann,Corporate,Germany
CUST00839,Bà Xuân Nguyễn,Corporate,Vietnam
CUST00840,Bảo Đặng,Individual,Vietnam
CUST00841,Khoa Hoàng Vũ,Individual,Vietnam
CUST00842,Hà Mai,Travel Agency,Vietnam
CUST00843,Ing. Phillip Sorgatz MBA.,Individual,Germany
CUST00844,Clifford Williams,VIP,UK
CUST00845,Cô Phương Dương,Individual,Vietnam
CUST00846,Travis Zuniga,Travel Agency,Australia
CUST00847,Hạnh Nguyễn,Corporate,Vietnam
CUST00848,Quý cô Lâm Mai,VIP,Vietnam
CUST00849,Kim Mai,Individual,Vietnam
CUST00850,Anh Vũ Bùi,Individual,Vietnam
CUST00851,Karen Burnett,Travel Agency,Australia
CUST00852,Frederik Adler,Corporate,Germany
CUST00853,Ngọc Lê,Individual,Vietnam
CUST00854,Quý cô Bảo Nguyễn,Travel Agency,Vietnam
CUST00855,山崎 あすか,Corporate,Japan
CUST00856,Spencer Holder,Corporate,USA
CUST00857,松本 太郎,Individual,Japan
CUST00858,Tristan Jourdan,Travel Agency,France
CUST00859,Timothy Gardner,Travel Agency,UK
CUST00860,Quang Trí Hoàng,Travel Agency,Vietnam
CUST00861,Dũng Xuân Vũ,Travel Agency,Vietnam
CUST00862,Bác Phúc Lê,Individual,Vietnam
CUST00863,Mr Anthony Jones,Travel Agency,UK
CUST00864,Bác Nhiên Mai,Individual,Vietnam
CUST00865,안예준,Individual,Korea
CUST00866,Hưng Đặng,Corporate,Vietnam
CUST00867,詹欣,VIP,China
CUST00868,김은서,Corporate,Korea
CUST00869,Bác Vũ Lê,VIP,Vietnam
CUST00870,Khoa Hải Nguyễn,Corporate,Vietnam
CUST00871,Bác Tùng Trần,Travel Agency,Vietnam
CUST00872,Chị Yến Phạm,Travel Agency,Vietnam
CUST00873,森 香織,Individual,Japan
CUST00874,Anh Quang Trần,Corporate,Vietnam
CUST00875,Dương Dương,Individual,Vietnam
CUST00876,Trọng Mai,Corporate,Vietnam
CUST00877,Quý ông Quang Bùi,VIP,Vietnam
CUST00878,민정순,Individual,Korea
CUST00879,Xuân Vũ,Individual,Vietnam
CUST00880,Thảo Dương,Travel Agency,Vietnam
CUST00881,Quang Hải Trần,Corporate,Vietnam
CUST00882,Dũng Đức Trần,Corporate,Vietnam
CUST00883,Nathalie Maillet,Individual,France
CUST00884,Nelly Jessel,Individual,Germany
CUST00885,Chi Dương,Corporate,Vietnam
CUST00886,Dipl.-Ing. Arnim Hecker B.Eng.,Travel Agency,Germany
CUST00887,Todd Sampson,Travel Agency,USA
CUST00888,Anh Phúc Dương,Individual,Vietnam
CUST00889,Cô Nhật Phạm,Travel Agency,Vietnam
CUST00890,Phương Bùi,Corporate,Vietnam
CUST00891,许兰英,Corporate,China
CUST00892,Huy Đức Phạm,VIP,Vietnam
CUST00893,Thành Bùi,Individual,Vietnam
CUST00894,聂秀英,Individual,China
CUST00895,Quang Lê,Corporate,Vietnam
CUST00896,Dana Barnett,Travel Agency,Australia
CUST00897,Xuân Nguyễn,Individual,Vietnam
CUST00898,Quang Lê,Travel Agency,Vietnam
CUST00899,Bà Mai Trần,Corporate,Vietnam
CUST00900,Quý cô Hà Nguyễn,Individual,Vietnam
CUST00901,Carl Jacobson,Individual,Australia
CUST00902,Käthi Sager,Travel Agency,Germany
CUST00903,김민준,Individual,Korea
CUST00904,Khoa Nguyễn,Individual,Vietnam
CUST00905,Bernard Georges,VIP,France
CUST00906,Nam Mai,Individual,Vietnam
CUST00907,Cô Vi Hoàng,Corporate,Vietnam
CUST00908,Trung Hoàng,VIP,Vietnam
CUST00909,Hà Đức Trần,Individual,Vietnam
CUST00910,梁萍,Travel Agency,China
CUST00911,Bảo Phạm,VIP,Vietnam
CUST00912,加藤 晃,VIP,Japan
CUST00913,Ông Châu Lê,Individual,Vietnam
CUST00914,Hà Phú Vũ,Individual,Vietnam
CUST00915,Cô Ngọc Dương,Corporate,Vietnam
CUST00916,Chi Mai,Corporate,Vietnam
CUST00917,Thành Phú Phạm,Individual,Vietnam
CUST00918,Constance Mühle,Travel Agency,Germany
CUST00919,Kim Đức Vũ,Travel Agency,Vietnam
CUST00920,Kim Phạm,Corporate,Vietnam
CUST00921,Bà Hạnh Bùi,Individual,Vietnam
CUST00922,Ruth Anderson,Corporate,UK
CUST00923,冯坤,Travel Agency,China
CUST00924,Cô Hải Bùi,VIP,Vietnam
CUST00925,Ông Châu Trần,VIP,Vietnam
CUST00926,Chị Khoa Dương,VIP,Vietnam
CUST00927,Phương Hải Đặng,Travel Agency,Vietnam
CUST00928,Yến Vũ,Travel Agency,Vietnam
CUST00929,고준호,Corporate,Korea
CUST00930,Dũng Thị Hoàng,Travel Agency,Vietnam
CUST00931,Mr Ricky Chapman,Corporate,UK
CUST00932,Bác Tú Hoàng,Individual,Vietnam
CUST00933,清水 洋介,Corporate,Japan
CUST00934,Chi Nguyễn,VIP,Vietnam
CUST00935,Ashley Henderson,Individual,Australia
CUST00936,刘阳,Travel Agency,China
CUST00937,Bảo Văn Vũ,Individual,Vietnam
CUST00938,Bác Huy Đặng,Individual,Vietnam
CUST00939,James Hamilton,Travel Agency,USA
CUST00940,Khoa Quang Vũ,Corporate,Vietnam
CUST00941,Quý cô An Lê,Travel Agency,Vietnam
CUST00942,Bà Duyên Nguyễn,VIP,Vietnam
CUST00943,Dũng Phú Dương,VIP,Vietnam
CUST00944,Huy Phú Mai,Travel Agency,Vietnam
CUST00945,James Smith,Individual,Australia
CUST00946,Amanda Long,Corporate,Australia
CUST00947,Hưng Đức Trần,Individual,Vietnam
CUST00948,Hoàng Vũ,Corporate,Vietnam
CUST00949,Duyên Hoàng,Individual,Vietnam
CUST00950,Tyler Davis,VIP,Australia
CUST00951,Hải Quang Lê,VIP,Vietnam
CUST00952,Kathleen Scott,VIP,UK
CUST00953,Chị Thảo Vũ,Travel Agency,Vietnam
CUST00954,Trọng Hoàng Mai,Travel Agency,Vietnam
CUST00955,Nhật Bùi,Individual,Vietnam
CUST00956,Laura Perkins,Corporate,UK
CUST00957,Khoa Thế Bùi,Travel Agency,Vietnam
CUST00958,Nhật Trần,VIP,Vietnam
CUST00959,Hạnh Quang Nguyễn,Travel Agency,Vietnam
CUST00960,Quý cô Bảo Bùi,Travel Agency,Vietnam
CUST00961,Nhật Hoàng,Corporate,Vietnam
CUST00962,Bác Anh Lê,Corporate,Vietnam
CUST00963,Mr. Anthony Lambert,Corporate,USA
CUST00964,Duyên Hoàng,Corporate,Vietnam
CUST00965,Châu Phú Đặng,Individual,Vietnam
CUST00966,Anh Trung Trần,Corporate,Vietnam
CUST00967,Hồng Mai,Travel Agency,Vietnam
CUST00968,Edwin Martin,Travel Agency,USA
CUST00969,Chị Ngọc Trần,VIP,Vietnam
CUST00970,Cô Hương Bùi,Corporate,Vietnam
CUST00971,Joyce Gill,Travel Agency,UK
CUST00972,Ánh Dương,Corporate,Vietnam
CUST00973,Nam Xuân Nguyễn,Individual,Vietnam
CUST00974,梁帆,Corporate,China
CUST00975,Ing. Jelena Dussen van B.A.,Corporate,Germany
CUST00976,Bác Trọng Mai,Travel Agency,Vietnam
CUST00977,Chị Linh Trần,Corporate,Vietnam
CUST00978,Ông Thành Hoàng,Corporate,Vietnam
CUST00979,Vi Dương,Individual,Vietnam
CUST00980,Phúc Lê,Travel Agency,Vietnam
CUST00981,Chị Hải Trần,Individual,Vietnam
CUST00982,John Wilson,VIP,Australia
CUST00983,Khoa Thị Phạm,Corporate,Vietnam
CUST00984,Chị Khoa Trần,Individual,Vietnam
CUST00985,Vi Vũ,Individual,Vietnam
CUST00986,Trọng Mai Bảo Đặng,Individual,Vietnam
CUST00987,Bà Yến Mai,Individual,Vietnam
CUST00988,Cô Lan Đặng,Individual,Vietnam
CUST00989,Anh Thế Phạm,Corporate,Vietnam
CUST00990,Dr Megan Stephens,VIP,UK
CUST00991,Quý cô Nhật Hoàng,Travel Agency,Vietnam
CUST00992,李欣,VIP,China
CUST00993,Hải Nguyễn,Individual,Vietnam
CUST00994,Ryan Gray,Individual,USA
CUST00995,Dũng Mai Bảo Nguyễn,Individual,Vietnam
CUST00996,Phương Trần,Corporate,Vietnam
CUST00997,林 知実,Travel Agency,Japan
CUST00998,Martin de la Hamon,Individual,France
CUST00999,Anh Bảo Nguyễn,Corporate,Vietnam
CUST01000,Ông Tùng Dương,Individual,Vietnam
CUST01001,Tú Mai,VIP,Vietnam
CUST01002,Christine Murray,Corporate,Australia
CUST01003,Tú Đức Hoàng,Individual,Vietnam
CUST01004,Quang Bùi,Individual,Vietnam
CUST01005,Christina Garrett,Corporate,USA
CUST01006,Nam Trí Vũ,Corporate,Vietnam
CUST01007,Hải Tấn Vũ,VIP,Vietnam
CUST01008,Michelle Barker,VIP,Australia
CUST01009,村上 くみ子,VIP,Japan
CUST01010,Vân Bùi,Individual,Vietnam
CUST01011,Châu Tấn Nguyễn,Individual,Vietnam
CUST01012,Quý cô An Đặng,VIP,Vietnam
CUST01013,김지혜,Travel Agency,Korea
CUST01014,Chị An Dương,VIP,Vietnam
CUST01015,Craig Morris-Baker,VIP,UK
CUST01016,Nhật Mai Phạm,Individual,Vietnam
CUST01017,Châu Phú Trần,Corporate,Vietnam
CUST01018,Phúc Hoàng,Corporate,Vietnam
CUST01019,Chị Ánh Bùi,Corporate,Vietnam
CUST01020,Tú Mai,Individual,Vietnam
CUST01021,Robert Chen,Travel Agency,USA
CUST01022,Nhiên Bảo Dương,Travel Agency,Vietnam
CUST01023,Norma Kensy-Mude,Individual,Germany
CUST01024,陈超,Travel Agency,China
CUST01025,小林 陽一,VIP,Japan
CUST01026,Chị Kim Nguyễn,VIP,Vietnam
CUST01027,Hưng Nguyễn,Travel Agency,Vietnam
CUST01028,An Hoàng,VIP,Vietnam
CUST01029,Timothée-Georges Da Silva,VIP,France
CUST01030,Quý cô Lâm Lê,VIP,Vietnam
CUST01031,Gerald Matthews,VIP,UK
CUST01032,Hector Avery MD,Individual,USA
CUST01033,高橋 淳,VIP,Japan
CUST01034,Yves Launay,Travel Agency,France
CUST01035,Minh Nguyễn,Individual,Vietnam
CUST01036,Christophe de la Hoarau,Travel Agency,France
CUST01037,Elsbeth Bruder,Travel Agency,Germany
CUST01038,Yến Trần,Travel Agency,Vietnam
CUST01039,Nhật Nguyễn,VIP,Vietnam
CUST01040,Bác Nam Mai,Travel Agency,Vietnam
CUST01041,Khoa Bùi,Travel Agency,Vietnam
CUST01042,Jacqueline Young,VIP,USA
CUST01043,Bảo Mai Bảo Trần,Corporate,Vietnam
CUST01044,Guy Booth,VIP,UK
CUST01045,Anh Quang Lê,Travel Agency,Vietnam
CUST01046,Bà Phương Phạm,Individual,Vietnam
CUST01047,Quý cô Vi Hoàng,Individual,Vietnam
CUST01048,Kim Đức Nguyễn,Individual,Vietnam
CUST01049,Dũng Bảo Mai,Individual,Vietnam
CUST01050,Phúc Thế Mai,Individual,Vietnam
CUST01051,Hưng Hoàng,Travel Agency,Vietnam
CUST01052,Quý ông Dũng Trần,Travel Agency,Vietnam
CUST01053,Kim Carpenter,Individual,UK
CUST01054,Bà Duyên Hoàng,Corporate,Vietnam
CUST01055,Quý cô Thảo Mai,Individual,Vietnam
CUST01056,Dustin Scott,Individual,USA
CUST01057,Quý cô Hà Đặng,Corporate,Vietnam
CUST01058,Donna Williams,Individual,UK
CUST01059,Kim Lê,VIP,Vietnam
CUST01060,Quý ông Bảo Phạm,Corporate,Vietnam
CUST01061,Bà Linh Trần,Corporate,Vietnam
CUST01062,Benjamin Gamble,Travel Agency,Australia
CUST01063,Bà Duyên Lê,Individual,Vietnam
CUST01064,Bác Phúc Phạm,VIP,Vietnam
CUST01065,Nhật Đặng,Corporate,Vietnam
CUST01066,Yến Mai,Corporate,Vietnam
CUST01067,Khoa Thế Hoàng,Individual,Vietnam
CUST01068,山田 直人,Individual,Japan
CUST01069,Anh Nguyễn,Corporate,Vietnam
CUST01070,Xuân Trần,VIP,Vietnam
CUST01071,Quý ông Trọng Dương,Individual,Vietnam
CUST01072,Hà Đặng,VIP,Vietnam
CUST01073,Vũ Đức Hoàng,Individual,Vietnam
CUST01074,Quý ông Minh Đặng,Individual,Vietnam
CUST01075,Lâm Đức Lê,Travel Agency,Vietnam
CUST01076,Vi Trần,Individual,Vietnam
CUST01077,Kimberly Anthony,Travel Agency,Australia
CUST01078,이서윤,VIP,Korea
CUST01079,余桂香,VIP,China
CUST01080,Vi Dương,VIP,Vietnam
CUST01081,김미정,Corporate,Korea
CUST01082,Kim Đặng,Travel Agency,Vietnam
CUST01083,Quang Bùi,Travel Agency,Vietnam
CUST01084,Hà Đức Trần,VIP,Vietnam
CUST01085,Vân Hoàng,Travel Agency,Vietnam
CUST01086,Phương Thị Bùi,Individual,Vietnam
CUST01087,陈平,VIP,China
CUST01088,Quý ông Minh Mai,Individual,Vietnam
CUST01089,Minh Văn Phạm,Travel Agency,Vietnam
CUST01090,Nhật Hải Nguyễn,Corporate,Vietnam
CUST01091,Vera Zänker,Travel Agency,Germany
CUST01092,Quý ông Tú Bùi,VIP,Vietnam
CUST01093,Danny Stephens,Travel Agency,UK
CUST01094,Chị Hạnh Dương,Individual,Vietnam
CUST01095,Hồng Bùi,VIP,Vietnam
CUST01096,Antoine Weiss de Bouvet,Travel Agency,France
CUST01097,小川 陽子,Corporate,Japan
CUST01098,Yolanda Skinner,VIP,USA
CUST01099,Trọng Vũ,Individual,Vietnam
CUST01100,Cô Khoa Nguyễn,Travel Agency,Vietnam
CUST01101,Trung Văn Lê,Travel Agency,Vietnam
CUST01102,Quý ông Phúc Mai,VIP,Vietnam
CUST01103,Bác Hưng Bùi,Travel Agency,Vietnam
CUST01104,Bà Khoa Trần,Corporate,Vietnam
CUST01105,Bác Bảo Phạm,Individual,Vietnam
CUST01106,Quý cô Bảo Dương,VIP,Vietnam
CUST01107,Sean Sanchez,Travel Agency,Australia
CUST01108,Chị An Phạm,Corporate,Vietnam
CUST01109,Ngọc Hoàng,Individual,Vietnam
CUST01110,Chị Khoa Bùi,Corporate,Vietnam
CUST01111,Chị Lan Mai,Corporate,Vietnam
CUST01112,Bà Ánh Bùi,VIP,Vietnam
CUST01113,高橋 直子,Individual,Japan
CUST01114,Châu Văn Trần,Corporate,Vietnam
CUST01115,Huy Nguyễn,Corporate,Vietnam
CUST01116,Hạnh Nguyễn,VIP,Vietnam
CUST01117,Bà Lâm Lê,Individual,Vietnam
CUST01118,Phương Phú Nguyễn,Individual,Vietnam
CUST01119,Chị Hồng Phạm,Travel Agency,Vietnam
CUST01120,Dylan Smith-Evans,Corporate,UK
CUST01121,Ông Nhiên Nguyễn,Travel Agency,Vietnam
CUST01122,Dipl.-Ing. Aloisia Steckel B.Sc.,Individual,Germany
CUST01123,Tú Trần,Travel Agency,Vietnam
CUST01124,Minh Dương,Corporate,Vietnam
CUST01125,Bà Kim Hoàng,Corporate,Vietnam
CUST01126,Ông Phúc Mai,Individual,Vietnam
CUST01127,Thành Dương,Travel Agency,Vietnam
CUST01128,Khoa Hữu Đặng,Corporate,Vietnam
CUST01129,Kim Dương,Individual,Vietnam
CUST01130,Gitta Trüb,VIP,Germany
CUST01131,Chị Hà Hoàng,Travel Agency,Vietnam
CUST01132,Trung Nguyễn,Travel Agency,Vietnam
CUST01133,Thành Dương,Travel Agency,Vietnam
CUST01134,周岩,Travel Agency,China
CUST01135,Kim Nguyễn,Corporate,Vietnam
CUST01136,이하은,VIP,Korea
CUST01137,Phúc Vũ,Travel Agency,Vietnam
CUST01138,Antoine Charpentier,Corporate,France
CUST01139,Quý cô Vân Lê,Travel Agency,Vietnam
CUST01140,Andrée-Julie Hoarau,Individual,France
CUST01141,加藤 桃子,Individual,Japan
CUST01142,Emily Barker,Corporate,USA
CUST01143,Mohammad Matthews,VIP,UK
CUST01144,Bảo Mai Bảo Trần,Individual,Vietnam
CUST01145,Rachel Hill,Individual,Australia
CUST01146,Ánh Hoàng,Travel Agency,Vietnam
CUST01147,Océane Ribeiro de la Becker,VIP,France
CUST01148,Châu Mai,Individual,Vietnam
CUST01149,Cô Kim Mai,VIP,Vietnam
CUST01150,Quý ông Châu Bùi,VIP,Vietnam
CUST01151,Ánh Nguyễn,Individual,Vietnam
CUST01152,Chi Trần,VIP,Vietnam
CUST01153,Ông Phúc Dương,Individual,Vietnam
CUST01154,Ông Quang Dương,Travel Agency,Vietnam
CUST01155,An Phạm,Corporate,Vietnam
CUST01156,Xuân Phạm,Corporate,Vietnam
CUST01157,Ông Châu Lê,Individual,Vietnam
CUST01158,Javier Vasquez,Individual,Australia
CUST01159,Bà Linh Lê,VIP,Vietnam
CUST01160,Phương Trí Lê,Individual,Vietnam
CUST01161,Vi Vũ,VIP,Vietnam
CUST01162,Clémence Henry,Individual,France
CUST01163,Phúc Bảo Đặng,Corporate,Vietnam
CUST01164,홍옥순,VIP,Korea
CUST01165,Tammy Spencer,Travel Agency,Australia
CUST01166,Tùng Hải Đặng,Individual,Vietnam
CUST01167,Hạnh Mai,Individual,Vietnam
CUST01168,Käthe Ruppersberger-Plath,VIP,Germany
CUST01169,Cô Mai Bùi,Travel Agency,Vietnam
CUST01170,Châu Thị Bùi,Travel Agency,Vietnam
CUST01171,Bà Linh Lê,Individual,Vietnam
CUST01172,Cô Kim Vũ,Corporate,Vietnam
CUST01173,Quý cô Hạnh Đặng,VIP,Vietnam
CUST01174,Hà Tấn Lê,VIP,Vietnam
CUST01175,Quý ông Dũng Hoàng,Travel Agency,Vietnam
CUST01176,Quý cô Khoa Hoàng,VIP,Vietnam
CUST01177,Minh Đặng,Travel Agency,Vietnam
CUST01178,Quý ông Châu Lê,Individual,Vietnam
CUST01179,Anh Tùng Mai,Corporate,Vietnam
CUST01180,Minh Hữu Đặng,Corporate,Vietnam
CUST01181,Hải Mai,Travel Agency,Vietnam
CUST01182,Chị Khoa Hoàng,Individual,Vietnam
CUST01183,Yến Trần,Individual,Vietnam
CUST01184,Charles Hogan,VIP,Australia
CUST01185,Quý cô Hạnh Lê,Individual,Vietnam
CUST01186,Chị Khoa Trần,Corporate,Vietnam
CUST01187,高橋 陽一,Corporate,Japan
CUST01188,Vincent-Guillaume Perez,Corporate,France
CUST01189,Ông Nhiên Hoàng,VIP,Vietnam
CUST01190,Minh Phạm,Corporate,Vietnam
CUST01191,Khoa Thị Vũ,Individual,Vietnam
CUST01192,Khoa Trí Đặng,VIP,Vietnam
CUST01193,Shawn Cross,Corporate,Australia
CUST01194,Ông Quang Lê,VIP,Vietnam
CUST01195,Quý ông Tùng Bùi,VIP,Vietnam
CUST01196,Mai Dương,Individual,Vietnam
CUST01197,刘帅,VIP,China
CUST01198,Anh Phúc Hoàng,Travel Agency,Vietnam
CUST01199,Tú Nguyễn,VIP,Vietnam
CUST01200,Chị Yến Đặng,Travel Agency,Vietnam
CUST01201,Thành Mai Bảo Phạm,VIP,Vietnam
CUST01202,中川 あすか,Individual,Japan
CUST01203,Thảo Mai,Travel Agency,Vietnam
CUST01204,Ms Francesca Lee,Individual,UK
CUST01205,Thảo Phạm,Corporate,Vietnam
CUST01206,Thảo Phạm,Corporate,Vietnam
CUST01207,Anh Hải Dương,Corporate,Vietnam
CUST01208,Bác Quang Bùi,Travel Agency,Vietnam
CUST01209,Bác Huy Hoàng,VIP,Vietnam
CUST01210,Linda Smith,Corporate,USA
CUST01211,Carol Webster,VIP,UK
CUST01212,Duyên Nguyễn,VIP,Vietnam
CUST01213,Hải Thị Đặng,Travel Agency,Vietnam
CUST01214,Anthony Johnston,Corporate,USA
CUST01215,Ông Quang Đặng,Corporate,Vietnam
CUST01216,Hải Hoàng Hoàng,Travel Agency,Vietnam
CUST01217,Hương Dương,Corporate,Vietnam
CUST01218,Cô Hương Trần,Individual,Vietnam
CUST01219,Trọng Phú Mai,Corporate,Vietnam
CUST01220,何成,Individual,China
CUST01221,Duyên Hoàng,Travel Agency,Vietnam
CUST01222,Bảo Xuân Hoàng,VIP,Vietnam
CUST01223,Cô Hạnh Bùi,Travel Agency,Vietnam
CUST01224,Bà Ngọc Phạm,Travel Agency,Vietnam
CUST01225,Trọng Vũ,Travel Agency,Vietnam
CUST01226,Hưng Hoàng Trần,VIP,Vietnam
CUST01227,Steffi Birnbaum-Roskoth,Travel Agency,Germany
CUST01228,Anh Hưng Hoàng,VIP,Vietnam
CUST01229,Mai Mai,VIP,Vietnam
CUST01230,Bác Bảo Trần,VIP,Vietnam
CUST01231,Nhật Trí Dương,Travel Agency,Vietnam
CUST01232,Quý cô Kim Hoàng,Individual,Vietnam
CUST01233,Thành Quang Hoàng,Individual,Vietnam
CUST01234,Dr Laura Alexander,Travel Agency,UK
CUST01235,清水 知実,Individual,Japan
CUST01236,Justin Cooke-Hunter,Individual,UK
CUST01237,서시우,Corporate,Korea
CUST01238,Bà Hạnh Vũ,Individual,Vietnam
CUST01239,Univ.Prof. Tibor Mohaupt,Travel Agency,Germany
CUST01240,Quý cô Duyên Nguyễn,VIP,Vietnam
CUST01241,박은주,Travel Agency,Korea
CUST01242,Xuân Bùi,Corporate,Vietnam
CUST01243,Aimée Lévy,Individual,France
CUST01244,Quý ông Minh Trần,VIP,Vietnam
CUST01245,Bà Hải Bùi,Individual,Vietnam
CUST01246,Minh Lê,Corporate,Vietnam
CUST01247,Thành Bùi,Travel Agency,Vietnam
CUST01248,Jeffrey Keller,Individual,Australia
CUST01249,Hạnh Nguyễn,Individual,Vietnam
CUST01250,Ánh Mai,Corporate,Vietnam
CUST01251,Alicia Miller,Travel Agency,USA
CUST01252,Bác Hưng Dương,Travel Agency,Vietnam
CUST01253,Hải Dương,Corporate,Vietnam
CUST01254,Jason King,Individual,USA
CUST01255,Khoa Bùi,Individual,Vietnam
CUST01256,Jeremy Hooper,Corporate,UK
CUST01257,Bà Chi Phạm,Individual,Vietnam
CUST01258,Amy Yates-Harvey,Corporate,UK
CUST01259,Vân Đặng,Individual,Vietnam
CUST01260,Vi Mai,Corporate,Vietnam
CUST01261,Patricia-Valentine Bousquet,Corporate,France
CUST01262,Quý ông Dũng Dương,Corporate,Vietnam
CUST01263,佐々木 亮介,VIP,Japan
CUST01264,Linh Mai,Travel Agency,Vietnam
CUST01265,Minh Thế Trần,Corporate,Vietnam
CUST01266,Anh Phúc Hoàng,VIP,Vietnam
CUST01267,Aimé Fabre,Corporate,France
CUST01268,Vi Mai,Travel Agency,Vietnam
CUST01269,Quý cô Linh Trần,Corporate,Vietnam
CUST01270,Quang Quang Dương,VIP,Vietnam
CUST01271,Tùng Bùi,Corporate,Vietnam
CUST01272,Dũng Bùi,VIP,Vietnam
CUST01273,Tú Trần,Travel Agency,Vietnam
CUST01274,Linda Goodman,VIP,USA
CUST01275,An Văn Đặng,Individual,Vietnam
CUST01276,Bảo Hoàng Phạm,VIP,Vietnam
CUST01277,Lâm Đặng,VIP,Vietnam
CUST01278,Bảo Bùi,Corporate,Vietnam
CUST01279,Phyllis Miller,Travel Agency,Australia
CUST01280,Quý cô Ngọc Trần,Individual,Vietnam
CUST01281,Chị Hải Trần,Individual,Vietnam
CUST01282,Tú Hữu Đặng,Individual,Vietnam
CUST01283,Cô An Nguyễn,Individual,Vietnam
CUST01284,Hưng Thị Dương,Corporate,Vietnam
CUST01285,Quý cô Ngọc Lê,VIP,Vietnam
CUST01286,Hélène-Nathalie Le Roux,Corporate,France
CUST01287,Gilbert Martin,Individual,France
CUST01288,Quý cô Nhật Vũ,Travel Agency,Vietnam
CUST01289,Bảo Đức Phạm,Corporate,Vietnam
CUST01290,Ông Quang Mai,Corporate,Vietnam
CUST01291,Cô Bảo Phạm,Individual,Vietnam
CUST01292,Quý cô Khoa Trần,Corporate,Vietnam
CUST01293,Bà Kim Lê,VIP,Vietnam
CUST01294,Hà Hải Đặng,VIP,Vietnam
CUST01295,Bà Xuân Nguyễn,VIP,Vietnam
CUST01296,田岩,VIP,China
CUST01297,石川 くみ子,VIP,Japan
CUST01298,Cô Phương Trần,Corporate,Vietnam
CUST01299,Xuân Bùi,Travel Agency,Vietnam
CUST01300,Bảo Đức Lê,Travel Agency,Vietnam
CUST01301,Inès Maréchal,Individual,France
CUST01302,Tú Mai,Individual,Vietnam
CUST01303,Dr Melissa May,Individual,UK
CUST01304,Quý ông Quang Lê,Individual,Vietnam
CUST01305,佐々木 篤司,VIP,Japan
CUST01306,Mallory Brown,VIP,Australia
CUST01307,Vũ Trần,Corporate,Vietnam
CUST01308,渡辺 浩,Corporate,Japan
CUST01309,Dominique Laporte Le Menard,Corporate,France
CUST01310,Ông Nhiên Trần,Travel Agency,Vietnam
CUST01311,Thành Dương,VIP,Vietnam
CUST01312,Quý cô Vi Trần,VIP,Vietnam
CUST01313,Ông Nam Lê,VIP,Vietnam
CUST01314,Quý cô Nhật Đặng,Travel Agency,Vietnam
CUST01315,Lan Trần,Corporate,Vietnam
CUST01316,Verena Carsten,VIP,Germany
CUST01317,Phương Hải Mai,VIP,Vietnam
CUST01318,Holly Morris,Corporate,UK
CUST01319,Cô Mai Lê,Individual,Vietnam
CUST01320,Ing. Annie Rogner MBA.,Individual,Germany
CUST01321,Thảo Hoàng,Individual,Vietnam
CUST01322,Bảo Nguyễn,Corporate,Vietnam
CUST01323,Bảo Bùi,Individual,Vietnam
CUST01324,Hải Lê,Individual,Vietnam
CUST01325,Maria Carrillo,VIP,Australia
CUST01326,Hà Phú Trần,Corporate,Vietnam
CUST01327,Hà Hoàng,Individual,Vietnam
CUST01328,Dương Hoàng,Individual,Vietnam
CUST01329,Cô Hương Hoàng,VIP,Vietnam
CUST01330,Hồng Nguyễn,Individual,Vietnam
CUST01331,Bà An Nguyễn,VIP,Vietnam
CUST01332,Chị Xuân Bùi,Travel Agency,Vietnam
CUST01333,Yến Mai,Corporate,Vietnam
CUST01334,Mai Đặng,Travel Agency,Vietnam
CUST01335,Quang Dương,VIP,Vietnam
CUST01336,Trọng Văn Bùi,Travel Agency,Vietnam
CUST01337,최진호,VIP,Korea
CUST01338,Ánh Nguyễn,Travel Agency,Vietnam
CUST01339,Michele Ross,VIP,USA
CUST01340,Brian Garcia,Travel Agency,USA
CUST01341,Christelle Charpentier,Corporate,France
CUST01342,田中 美加子,Travel Agency,Japan
CUST01343,Belinda White,Corporate,Australia
CUST01344,Chị Phương Phạm,VIP,Vietnam
CUST01345,Nhật Hải Mai,VIP,Vietnam
CUST01346,Ole Liebelt,Individual,Germany
CUST01347,Quý cô Phương Vũ,VIP,Vietnam
CUST01348,Chị Hạnh Bùi,Travel Agency,Vietnam
CUST01349,Nhật Thế Dương,Individual,Vietnam
CUST01350,Bà Ánh Bùi,Travel Agency,Vietnam
CUST01351,Alicia Singh,Individual,USA
CUST01352,Nhật Hải Nguyễn,Travel Agency,Vietnam
CUST01353,Chị Bảo Lê,VIP,Vietnam
CUST01354,杨林,VIP,China
CUST01355,Steven Hayes,Individual,USA
CUST01356,Quang Đức Vũ,Individual,Vietnam
CUST01357,Bà Hà Bùi,Travel Agency,Vietnam
CUST01358,Cô Linh Mai,VIP,Vietnam
CUST01359,Vân Bùi,Travel Agency,Vietnam
CUST01360,Vi Dương,Corporate,Vietnam
CUST01361,Scott Barber,Corporate,Australia
CUST01362,Quang Thế Đặng,VIP,Vietnam
CUST01363,Quý cô Nhật Mai,Individual,Vietnam
CUST01364,Thành Phạm,Individual,Vietnam
CUST01365,Michelle Williams,Corporate,USA
CUST01366,Trọng Hoàng,Corporate,Vietnam
CUST01367,Kimberly Browning,Corporate,USA
CUST01368,Phương Đặng,VIP,Vietnam
CUST01369,杨帅,VIP,China
CUST01370,Quý cô Lan Phạm,Travel Agency,Vietnam
CUST01371,Anh Huy Trần,Individual,Vietnam
CUST01372,Cô Hạnh Trần,VIP,Vietnam
CUST01373,林 春香,Corporate,Japan
CUST01374,Bà Bảo Đặng,VIP,Vietnam
CUST01375,Lâm Trần,Corporate,Vietnam
CUST01376,Trung Đức Nguyễn,Individual,Vietnam
CUST01377,Chị Nhật Vũ,Corporate,Vietnam
CUST01378,Bà Duyên Đặng,VIP,Vietnam
CUST01379,Kim Xuân Bùi,Corporate,Vietnam
CUST01380,Anh Phạm,Travel Agency,Vietnam
CUST01381,Cô Hạnh Lê,VIP,Vietnam
CUST01382,Thành Mai Bảo Hoàng,Travel Agency,Vietnam
CUST01383,近藤 里佳,Individual,Japan
CUST01384,Phương Hoàng Trần,VIP,Vietnam
CUST01385,Minh Thị Dương,VIP,Vietnam
CUST01386,Mai Trần,Travel Agency,Vietnam
CUST01387,Ánh Nguyễn,Travel Agency,Vietnam
CUST01388,Bà Chi Đặng,Corporate,Vietnam
CUST01389,佐藤 あすか,Travel Agency,Japan
CUST01390,Chị Kim Trần,Corporate,Vietnam
CUST01391,小川 直子,Corporate,Japan
CUST01392,Cô Lan Bùi,VIP,Vietnam
CUST01393,Valeria Stadelmann,VIP,Germany
CUST01394,Bảo Bảo Phạm,Individual,Vietnam
CUST01395,Chị Ngọc Đặng,VIP,Vietnam
CUST01396,Ryan Nash,VIP,Australia
CUST01397,Hồng Mai,Individual,Vietnam
CUST01398,Chi Hoàng,Individual,Vietnam
CUST01399,Sarah Harris,Corporate,USA
CUST01400,Ngọc Bùi,Individual,Vietnam
CUST01401,Anaïs Dupré,VIP,France
CUST01402,Nhiên Dương,Travel Agency,Vietnam
CUST01403,Thành Phú Vũ,Corporate,Vietnam
CUST01404,Lâm Mai Bảo Vũ,Corporate,Vietnam
CUST01405,Nhật Văn Trần,Corporate,Vietnam
CUST01406,Phúc Hoàng Phạm,Corporate,Vietnam
CUST01407,Mrs Kathryn Owen,Individual,UK
CUST01408,郭霞,VIP,China
CUST01409,Anh Văn Dương,VIP,Vietnam
CUST01410,杨强,Individual,China
CUST01411,Khoa Xuân Bùi,Travel Agency,Vietnam
CUST01412,Quý cô Hà Phạm,Travel Agency,Vietnam
CUST01413,Trung Phạm,Travel Agency,Vietnam
CUST01414,Christopher Bishop,Individual,USA
CUST01415,Kelly Ramos,Travel Agency,Australia
CUST01416,Andrea Jones,VIP,USA
CUST01417,이경희,VIP,Korea
CUST01418,Molly Wallace,Travel Agency,UK
CUST01419,Chị Vi Dương,Individual,Vietnam
CUST01420,Bà Linh Nguyễn,Corporate,Vietnam
CUST01421,Cô Nhật Bùi,Corporate,Vietnam
CUST01422,Mark Torres,Corporate,Australia
CUST01423,Phương Trí Trần,Travel Agency,Vietnam
CUST01424,Hoàng Hải Vũ,Corporate,Vietnam
CUST01425,Cô Nhật Bùi,Travel Agency,Vietnam
CUST01426,Vũ Phạm,Travel Agency,Vietnam
CUST01427,Mai Phạm,Individual,Vietnam
CUST01428,Cô Xuân Lê,Travel Agency,Vietnam
CUST01429,Yến Hoàng,VIP,Vietnam
CUST01430,Quý cô Lan Bùi,VIP,Vietnam
CUST01431,谭鑫,Individual,China
CUST01432,Bác Quang Nguyễn,Corporate,Vietnam
CUST01433,Phương Lê,Individual,Vietnam
CUST01434,Tú Dương,VIP,Vietnam
CUST01435,Trọng Mai Bảo Vũ,Corporate,Vietnam
CUST01436,Anh Nam Mai,Travel Agency,Vietnam
CUST01437,Bác Anh Trần,VIP,Vietnam
CUST01438,Ngọc Đặng,Corporate,Vietnam
CUST01439,Linh Mai,Individual,Vietnam
CUST01440,Huy Dương,Individual,Vietnam
CUST01441,Tú Trí Bùi,VIP,Vietnam
CUST01442,Dũng Hải Đặng,Individual,Vietnam
CUST01443,Anh Hoàng,Corporate,Vietnam
CUST01444,Gabrielle Schroeder,Individual,Australia
CUST01445,Anh Quang Nguyễn,Corporate,Vietnam
CUST01446,김미숙,Travel Agency,Korea
CUST01447,Antoine Le Gosselin,Corporate,France
CUST01448,Aaron Hernandez,VIP,Australia
CUST01449,Kim Mai,VIP,Vietnam
CUST01450,Cô An Trần,Individual,Vietnam
CUST01451,Mrs. Angela Hines,Corporate,Australia
CUST01452,Cô Ngọc Bùi,VIP,Vietnam
CUST01453,Alfred Gillet,VIP,France
CUST01454,박진호,VIP,Korea
CUST01455,Thảo Lê,Travel Agency,Vietnam
CUST01456,Bà Vi Bùi,VIP,Vietnam
CUST01457,Quý cô Linh Bùi,Corporate,Vietnam
CUST01458,Quý ông Trọng Bùi,Individual,Vietnam
CUST01459,Quý ông Vũ Nguyễn,Travel Agency,Vietnam
CUST01460,Lâm Đức Nguyễn,Travel Agency,Vietnam
CUST01461,Quý ông Thành Phạm,Individual,Vietnam
CUST01462,Roberto Thomas,Travel Agency,USA
CUST01463,Nhật Hoàng,Individual,Vietnam
CUST01464,Nhật Thị Lê,VIP,Vietnam
CUST01465,Chị Vân Bùi,Corporate,Vietnam
CUST01466,Jeannine Bonneau-Besnard,VIP,France
CUST01467,Ing. Moritz Stolze B.Eng.,Individual,Germany
CUST01468,Bà Ngọc Dương,Travel Agency,Vietnam
CUST01469,Bác Nam Nguyễn,Individual,Vietnam
CUST01470,Quý ông Vũ Phạm,Corporate,Vietnam
CUST01471,Xuân Phạm,Corporate,Vietnam
CUST01472,Chị Dương Vũ,VIP,Vietnam
CUST01473,小林 七夏,Corporate,Japan
CUST01474,Bà Phương Bùi,Individual,Vietnam
CUST01475,Quý cô Hồng Nguyễn,Corporate,Vietnam
CUST01476,Quý cô Ánh Đặng,Travel Agency,Vietnam
CUST01477,Bà Hồng Dương,Corporate,Vietnam
CUST01478,Duyên Nguyễn,Travel Agency,Vietnam
CUST01479,Khoa Mai,Corporate,Vietnam
CUST01480,Hồng Hoàng,VIP,Vietnam
CUST01481,Ông Quang Mai,VIP,Vietnam
CUST01482,Khoa Nguyễn,Travel Agency,Vietnam
CUST01483,Anh Nhiên Hoàng,Corporate,Vietnam
CUST01484,Trung Đức Dương,Travel Agency,Vietnam
CUST01485,Xuân Trần,Travel Agency,Vietnam
CUST01486,Anh Mai,Individual,Vietnam
CUST01487,Cô Thảo Mai,VIP,Vietnam
CUST01488,清水 晃,Individual,Japan
CUST01489,Ông Minh Bùi,VIP,Vietnam
CUST01490,Bà Lan Phạm,Travel Agency,Vietnam
CUST01491,Maureen Brown,Corporate,USA
CUST01492,Phúc Hải Hoàng,Individual,Vietnam
CUST01493,Joshua Francis,Corporate,USA
CUST01494,Bà Chi Bùi,Individual,Vietnam
CUST01495,Danny Day,Travel Agency,UK
CUST01496,Ánh Bùi,Corporate,Vietnam
CUST01497,Hà Đức Đặng,Individual,Vietnam
CUST01498,Bà Kim Dương,Corporate,Vietnam
CUST01499,Vân Trần,VIP,Vietnam
CUST01500,Leah Khan,Individual,UK
CUST01501,Micheal Meyer,Individual,Australia
CUST01502,Chị An Vũ,Individual,Vietnam
CUST01503,Necati Hecker,Individual,Germany
CUST01504,Shawn Merritt,Corporate,Australia
CUST01505,Joseph Thompson,Corporate,USA
CUST01506,Tùng Văn Lê,Travel Agency,Vietnam
CUST01507,Ernst-August Schinke,Corporate,Germany
CUST01508,Prof. Alfredo Grein Groth B.Sc.,Travel Agency,Germany
CUST01509,Hoàng Bảo Phạm,Travel Agency,Vietnam
CUST01510,Bảo Mai Bùi,Corporate,Vietnam
CUST01511,Hạnh Hoàng Dương,VIP,Vietnam
CUST01512,An Hoàng,Individual,Vietnam
CUST01513,Michael Sharp,Travel Agency,USA
CUST01514,Cô Hải Mai,Travel Agency,Vietnam
CUST01515,Cô Lâm Trần,VIP,Vietnam
CUST01516,Mai Phạm,VIP,Vietnam
CUST01517,Quang Nguyễn,VIP,Vietnam
CUST01518,Christina Davis,Individual,USA
CUST01519,Bác Châu Hoàng,VIP,Vietnam
CUST01520,钟云,Travel Agency,China
CUST01521,Süleyman Pruschke,VIP,Germany
CUST01522,Anna-Maria Bolnbach,Travel Agency,Germany
CUST01523,Lâm Bùi,Travel Agency,Vietnam
CUST01524,Anh Quang Mai,Travel Agency,Vietnam
CUST01525,Kenneth Wagner MBA.,Corporate,Germany
CUST01526,清水 知実,VIP,Japan
CUST01527,Quang Quang Trần,Corporate,Vietnam
CUST01528,박보람,Individual,Korea
CUST01529,Phương Nguyễn,Corporate,Vietnam
CUST01530,Mai Bùi,VIP,Vietnam
CUST01531,Thành Vũ,VIP,Vietnam
CUST01532,王云,Corporate,China
CUST01533,An Văn Trần,VIP,Vietnam
CUST01534,Quang Nguyễn,Travel Agency,Vietnam
CUST01535,Anh Minh Mai,Travel Agency,Vietnam
CUST01536,Trung Dương,Travel Agency,Vietnam
CUST01537,Phúc Tấn Bùi,Corporate,Vietnam
CUST01538,Chị Hà Lê,Corporate,Vietnam
CUST01539,全阳,Travel Agency,China
CUST01540,Quang Bùi,Travel Agency,Vietnam
CUST01541,Ông Tú Dương,Travel Agency,Vietnam
CUST01542,Bà Hà Trần,Individual,Vietnam
CUST01543,Yến Vũ,Travel Agency,Vietnam
CUST01544,Nhật Mai,Individual,Vietnam
CUST01545,Quý ông Hoàng Hoàng,Corporate,Vietnam
CUST01546,Tú Văn Bùi,VIP,Vietnam
CUST01547,Phúc Mai Bảo Lê,Travel Agency,Vietnam
CUST01548,Thành Tấn Lê,Travel Agency,Vietnam
CUST01549,Bà Ánh Phạm,Travel Agency,Vietnam
CUST01550,Quý cô Nhật Đặng,Travel Agency,Vietnam
CUST01551,Anh Nhiên Lê,Travel Agency,Vietnam
CUST01552,Bà Lâm Bùi,VIP,Vietnam
CUST01553,Quang Văn Phạm,Travel Agency,Vietnam
CUST01554,Quý cô Thành Vũ,Corporate,Vietnam
CUST01555,Cô Phương Lê,Corporate,Vietnam
CUST01556,Ông Vũ Mai,Corporate,Vietnam
CUST01557,山口 香織,Corporate,Japan
CUST01558,Gilles Barbe de Jacques,VIP,France
CUST01559,Bà Lâm Mai,Individual,Vietnam
CUST01560,杨兵,Travel Agency,China
CUST01561,Vân Bùi,Travel Agency,Vietnam
CUST01562,Richard Warner,Corporate,USA
CUST01563,Danielle Dijoux,Individual,France
CUST01564,Hải Hoàng,VIP,Vietnam
CUST01565,Carol Gallegos,Travel Agency,Australia
CUST01566,Ánh Hoàng,VIP,Vietnam
CUST01567,Susanne de Dupont,Individual,France
CUST01568,Hương Trần,Individual,Vietnam
CUST01569,Bà Nhật Lê,VIP,Vietnam
CUST01570,Dipl.-Ing. Miguel Butte B.Sc.,Corporate,Germany
CUST01571,Chi Phạm,Individual,Vietnam
CUST01572,長谷川 知実,Individual,Japan
CUST01573,Khoa Thế Nguyễn,Travel Agency,Vietnam
CUST01574,Anh Vũ Nguyễn,Corporate,Vietnam
CUST01575,Châu Nguyễn,Travel Agency,Vietnam
CUST01576,Quý cô An Dương,Corporate,Vietnam
CUST01577,Lâm Vũ,VIP,Vietnam
CUST01578,Jamie Spencer,VIP,UK
CUST01579,Tú Đức Bùi,Corporate,Vietnam
CUST01580,Cô Nhật Mai,Travel Agency,Vietnam
CUST01581,Hương Phạm,Individual,Vietnam
CUST01582,Lucie Ollivier,Corporate,France
CUST01583,An Hoàng Phạm,Individual,Vietnam
CUST01584,Quý ông Châu Nguyễn,Corporate,Vietnam
CUST01585,Quý ông Nhiên Vũ,Individual,Vietnam
CUST01586,Quý cô Yến Đặng,Individual,Vietnam
CUST01587,Hà Trần,Individual,Vietnam
CUST01588,Ông Thành Mai,Corporate,Vietnam
CUST01589,Hà Hoàng,Travel Agency,Vietnam
CUST01590,Ryan Mills,Individual,UK
CUST01591,Hà Hữu Phạm,Individual,Vietnam
CUST01592,Todd Ramirez,VIP,USA
CUST01593,Khoa Văn Hoàng,Individual,Vietnam
CUST01594,Lâm Thị Lê,Individual,Vietnam
CUST01595,Shelly Miller,Corporate,Australia
CUST01596,Ông Khoa Hoàng,VIP,Vietnam
CUST01597,Vân Dương,Corporate,Vietnam
CUST01598,Phúc Trí Dương,Corporate,Vietnam
CUST01599,Phúc Lê,Individual,Vietnam
CUST01600,Bà Lâm Đặng,VIP,Vietnam
CUST01601,鈴木 香織,Corporate,Japan
CUST01602,Dương Lê,Individual,Vietnam
CUST01603,Nhật Hoàng,Travel Agency,Vietnam
CUST01604,杨丽华,Travel Agency,China
CUST01605,Ông Phúc Nguyễn,Corporate,Vietnam
CUST01606,Willie Gray,Individual,Australia
CUST01607,中村 花子,Individual,Japan
CUST01608,Ông Hoàng Mai,Travel Agency,Vietnam
CUST01609,Bà Bảo Phạm,Corporate,Vietnam
CUST01610,Cô Ánh Dương,Individual,Vietnam
CUST01611,Dũng Hoàng,Individual,Vietnam
CUST01612,Minh Dương,Individual,Vietnam
CUST01613,Dorothée Boulay,Travel Agency,France
CUST01614,Phương Văn Phạm,Travel Agency,Vietnam
CUST01615,Nhật Lê,Corporate,Vietnam
CUST01616,Univ.Prof. Brian Gutknecht MBA.,Individual,Germany
CUST01617,Quý ông Châu Hoàng,Individual,Vietnam
CUST01618,Miguel Tröst,Corporate,Germany
CUST01619,Bà Phương Dương,VIP,Vietnam
CUST01620,Quý ông Thành Nguyễn,Travel Agency,Vietnam
CUST01621,Linh Trần,Individual,Vietnam
CUST01622,민정자,Individual,Korea
CUST01623,Khoa Phú Trần,Corporate,Vietnam
CUST01624,Jose Jones,Corporate,USA
CUST01625,Anh Quang Trần,Individual,Vietnam
CUST01626,Cô An Phạm,Corporate,Vietnam
CUST01627,Hạnh Lê,Travel Agency,Vietnam
CUST01628,Châu Hoàng,Travel Agency,Vietnam
CUST01629,Tú Hoàng Đặng,VIP,Vietnam
CUST01630,Tú Vũ,VIP,Vietnam
CUST01631,문유진,Travel Agency,Korea
CUST01632,连鑫,Travel Agency,China
CUST01633,Mckenzie Aguilar,Corporate,USA
CUST01634,An Tấn Nguyễn,Corporate,Vietnam
CUST01635,Cô Hà Đặng,VIP,Vietnam
CUST01636,Prof. Bernadette Mitschke B.A.,VIP,Germany
CUST01637,Vũ Phú Dương,Corporate,Vietnam
CUST01638,Hà Hữu Nguyễn,VIP,Vietnam
CUST01639,Anh Phạm,Individual,Vietnam
CUST01640,Hải Mai Bảo Đặng,Corporate,Vietnam
CUST01641,Hưng Trí Nguyễn,VIP,Vietnam
CUST01642,Georges Giraud-Guillaume,Corporate,France
CUST01643,Kim Đặng,Travel Agency,Vietnam
CUST01644,Thành Vũ,VIP,Vietnam
CUST01645,林华,Individual,China
CUST01646,Yves Dufour de la Maillet,Corporate,France
CUST01647,周龙,Individual,China
CUST01648,An Dương,VIP,Vietnam
CUST01649,Almut Hande,Corporate,Germany
CUST01650,Quang Phạm,Corporate,Vietnam
CUST01651,Anh Tùng Nguyễn,Corporate,Vietnam
CUST01652,森 稔,Individual,Japan
CUST01653,Anh Quang Dương,VIP,Vietnam
CUST01654,Xuân Bùi,Corporate,Vietnam
CUST01655,Cô Linh Mai,Individual,Vietnam
CUST01656,Quý ông Hưng Vũ,Corporate,Vietnam
CUST01657,장정희,Travel Agency,Korea
CUST01658,Kim Xuân Dương,VIP,Vietnam
CUST01659,박성수,Travel Agency,Korea
CUST01660,Bà Lan Phạm,VIP,Vietnam
CUST01661,福田 健一,Travel Agency,Japan
CUST01662,Hoàng Bảo Đặng,Travel Agency,Vietnam
CUST01663,Bác Nhiên Hoàng,Corporate,Vietnam
CUST01664,Chị Nhật Vũ,Corporate,Vietnam
CUST01665,Ngọc Bùi,Corporate,Vietnam
CUST01666,Cô Lan Mai,Corporate,Vietnam
CUST01667,Raymond Cook,VIP,Australia
CUST01668,Frau Justine Wulf,VIP,Germany
CUST01669,王旭,Corporate,China
CUST01670,Amy Bradley,Travel Agency,USA
CUST01671,Quý cô Chi Nguyễn,Travel Agency,Vietnam
CUST01672,Melinda Morales,VIP,USA
CUST01673,陈桂珍,Individual,China
CUST01674,Vi Mai,Corporate,Vietnam
CUST01675,Chị Duyên Hoàng,Individual,Vietnam
CUST01676,Quý cô Thành Vũ,VIP,Vietnam
CUST01677,山田 幹,Travel Agency,Japan
CUST01678,Nam Hải Vũ,Corporate,Vietnam
CUST01679,Ông Nhiên Đặng,VIP,Vietnam
CUST01680,John Owen,Travel Agency,UK
CUST01681,Dũng Mai Dương,Travel Agency,Vietnam
CUST01682,Travis Harrison,Corporate,USA
CUST01683,藤田 七夏,Individual,Japan
CUST01684,Quang Quang Đặng,Travel Agency,Vietnam
CUST01685,Phương Bùi,Corporate,Vietnam
CUST01686,Hương Lê,VIP,Vietnam
CUST01687,Anh Trần,Individual,Vietnam
CUST01688,Anh Trọng Lê,Individual,Vietnam
CUST01689,Cô Linh Đặng,Travel Agency,Vietnam
CUST01690,Cô Mai Hoàng,VIP,Vietnam
CUST01691,Quang Trí Hoàng,Individual,Vietnam
CUST01692,Bác Châu Vũ,Individual,Vietnam
CUST01693,Anh Trọng Nguyễn,Individual,Vietnam
CUST01694,Dũng Xuân Nguyễn,Corporate,Vietnam
CUST01695,Quý ông Vũ Trần,Corporate,Vietnam
CUST01696,Aurélie Lesage,Travel Agency,France
CUST01697,Maria Caldwell,Travel Agency,Australia
CUST01698,Hồng Đặng,Individual,Vietnam
CUST01699,Hà Văn Hoàng,VIP,Vietnam
CUST01700,Anh Mai,Individual,Vietnam
CUST01701,Margaux Lopez,Travel Agency,France
CUST01702,An Quang Bùi,Individual,Vietnam
CUST01703,Quý cô An Dương,Individual,Vietnam
CUST01704,Vũ Mai,Individual,Vietnam
CUST01705,Trọng Thị Mai,Corporate,Vietnam
CUST01706,Joanne Anderson,Individual,Australia
CUST01707,Bà Hương Lê,Individual,Vietnam
CUST01708,Ing. Piotr Conradi B.A.,Corporate,Germany
CUST01709,Hải Lê,Corporate,Vietnam
CUST01710,Khoa Phạm,Corporate,Vietnam
CUST01711,An Xuân Dương,VIP,Vietnam
CUST01712,Nhật Trí Lê,Corporate,Vietnam
CUST01713,Bảo Bảo Dương,Individual,Vietnam
CUST01714,Brenda Williams,Travel Agency,USA
CUST01715,Lâm Lê,VIP,Vietnam
CUST01716,Hưng Trần,Individual,Vietnam
CUST01717,Nhật Đức Hoàng,Travel Agency,Vietnam
CUST01718,Cô Nhật Phạm,VIP,Vietnam
CUST01719,Anh Trọng Dương,Corporate,Vietnam
CUST01720,Quý cô Ngọc Dương,Travel Agency,Vietnam
CUST01721,Dương Hoàng,Individual,Vietnam
CUST01722,Ngọc Vũ,VIP,Vietnam
CUST01723,Hải Hoàng,Corporate,Vietnam
CUST01724,Thành Hải Đặng,Travel Agency,Vietnam
CUST01725,Cô Phương Nguyễn,Individual,Vietnam
CUST01726,박미경,Corporate,Korea
CUST01727,Bác Bảo Vũ,Corporate,Vietnam
CUST01728,Chloe Castillo,Travel Agency,USA
CUST01729,Khoa Vũ,Individual,Vietnam
CUST01730,Tùng Hữu Lê,VIP,Vietnam
CUST01731,Amanda Anderson,Individual,Australia
CUST01732,Trọng Đức Nguyễn,Individual,Vietnam
CUST01733,Hoàng Hoàng,VIP,Vietnam
CUST01734,Bảo Mai,Travel Agency,Vietnam
CUST01735,Michelle Leroux,VIP,France
CUST01736,Cô Duyên Trần,Individual,Vietnam
CUST01737,Carolyn Smith-Walters,Individual,UK
CUST01738,Chị Kim Đặng,Individual,Vietnam
CUST01739,岡田 あすか,Travel Agency,Japan
CUST01740,Mai Nguyễn,Individual,Vietnam
CUST01741,Lâm Đức Hoàng,Travel Agency,Vietnam
CUST01742,Bà An Đặng,Corporate,Vietnam
CUST01743,Quý ông Tú Phạm,Corporate,Vietnam
CUST01744,장지현,VIP,Korea
CUST01745,Trọng Dương,VIP,Vietnam
CUST01746,Bà Yến Lê,Individual,Vietnam
CUST01747,Trung Hữu Phạm,Travel Agency,Vietnam
CUST01748,Nhật Hoàng Trần,Corporate,Vietnam
CUST01749,Yến Đặng,Travel Agency,Vietnam
CUST01750,Khoa Vũ,VIP,Vietnam
CUST01751,Chị Hà Nguyễn,Individual,Vietnam
CUST01752,Lâm Văn Bùi,Corporate,Vietnam
CUST01753,Bảo Vũ,Corporate,Vietnam
CUST01754,Tyler Watts,Individual,Australia
CUST01755,Quang Hải Hoàng,Individual,Vietnam
CUST01756,Lan Đặng,Corporate,Vietnam
CUST01757,Lâm Hải Dương,VIP,Vietnam
CUST01758,Hải Bùi,Corporate,Vietnam
CUST01759,Xuân Trần,Travel Agency,Vietnam
CUST01760,Bảo Tấn Trần,Corporate,Vietnam
CUST01761,遠藤 結衣,Corporate,Japan
CUST01762,Cô Dương Bùi,VIP,Vietnam
CUST01763,Kim Trần,Corporate,Vietnam
CUST01764,Lâm Mai,Individual,Vietnam
CUST01765,Brianna Luna,Travel Agency,Australia
CUST01766,Quý cô Phương Dương,Corporate,Vietnam
CUST01767,Thành Bảo Dương,Corporate,Vietnam
CUST01768,Phương Lê,Corporate,Vietnam
CUST01769,Huy Tấn Đặng,Corporate,Vietnam
CUST01770,Cô Hồng Lê,Individual,Vietnam
CUST01771,Bà Thành Phạm,Corporate,Vietnam
CUST01772,Vũ Nguyễn,VIP,Vietnam
CUST01773,Thành Phú Trần,Travel Agency,Vietnam
CUST01774,An Mai,VIP,Vietnam
CUST01775,Cô Ngọc Dương,Individual,Vietnam
CUST01776,Thành Xuân Đặng,VIP,Vietnam
CUST01777,Khoa Vũ,Individual,Vietnam
CUST01778,Phương Đức Đặng,Individual,Vietnam
CUST01779,Nhật Phú Đặng,Travel Agency,Vietnam
CUST01780,Cô Khoa Đặng,Travel Agency,Vietnam
CUST01781,Jasmina Warmer,Corporate,Germany
CUST01782,장진우,Individual,Korea
CUST01783,Thành Mai Bùi,Travel Agency,Vietnam
CUST01784,Quang Phạm,Individual,Vietnam
CUST01785,Quý cô Vi Dương,Individual,Vietnam
CUST01786,Kim Hữu Trần,VIP,Vietnam
CUST01787,Nam Hoàng,Travel Agency,Vietnam
CUST01788,Chi Lê,Corporate,Vietnam
CUST01789,Nhật Thế Phạm,Individual,Vietnam
CUST01790,中川 太郎,Corporate,Japan
CUST01791,Chị Linh Trần,Corporate,Vietnam
CUST01792,Bà Yến Lê,Corporate,Vietnam
CUST01793,Anh Trọng Phạm,Individual,Vietnam
CUST01794,佐藤 花子,VIP,Japan
CUST01795,Chi Hoàng,Individual,Vietnam
CUST01796,Alice Parent Le Rivière,Travel Agency,France
CUST01797,Cô Hồng Trần,Individual,Vietnam
CUST01798,Jennifer Mcclure,Travel Agency,USA
CUST01799,Chị Duyên Đặng,Travel Agency,Vietnam
CUST01800,Ông Phúc Phạm,Travel Agency,Vietnam
CUST01801,Nhật Trí Mai,Corporate,Vietnam
CUST01802,Bảo Trần,VIP,Vietnam
CUST01803,Dr Richard Perry,VIP,UK
CUST01804,郭林,Travel Agency,China
CUST01805,Nhật Phạm,Individual,Vietnam
CUST01806,Hải Bùi,VIP,Vietnam
CUST01807,Chị Bảo Đặng,Travel Agency,Vietnam
CUST01808,Hương Bùi,Corporate,Vietnam
CUST01809,Natalie Walton,VIP,UK
CUST01810,Quý ông Quang Lê,VIP,Vietnam
CUST01811,Univ.Prof. Antonina Holt MBA.,VIP,Germany
CUST01812,Chị Nhật Lê,Individual,Vietnam
CUST01813,Joshua Dyer,VIP,USA
CUST01814,Nam Hoàng Vũ,Individual,Vietnam
CUST01815,박선영,VIP,Korea
CUST01816,Hoàng Hoàng Đặng,Travel Agency,Vietnam
CUST01817,Todd Griffin,VIP,USA
CUST01818,Dũng Phạm,Individual,Vietnam
CUST01819,長谷川 学,Travel Agency,Japan
CUST01820,Lee Knapp,Corporate,USA
CUST01821,최혜진,Individual,Korea
CUST01822,손유진,Travel Agency,Korea
CUST01823,Suzanne Giraud,Corporate,France
CUST01824,Quý cô Ánh Lê,Corporate,Vietnam
CUST01825,Lynda Yates,Corporate,UK
CUST01826,Bác Huy Mai,VIP,Vietnam
CUST01827,渡辺 洋介,Travel Agency,Japan
CUST01828,Bà Hồng Lê,Individual,Vietnam
CUST01829,Dũng Lê,Individual,Vietnam
CUST01830,Quý ông Vũ Trần,Individual,Vietnam
CUST01831,Patrick Vaillant,Corporate,France
CUST01832,Quang Quang Hoàng,Corporate,Vietnam
CUST01833,Tùng Mai Nguyễn,VIP,Vietnam
CUST01834,Quý cô Nhật Dương,VIP,Vietnam
CUST01835,Chị Kim Trần,Travel Agency,Vietnam
CUST01836,Bà Bảo Vũ,Corporate,Vietnam
CUST01837,김성현,VIP,Korea
CUST01838,Hương Hoàng,Travel Agency,Vietnam
CUST01839,Sarah Little,Travel Agency,Australia
CUST01840,Khoa Phạm,VIP,Vietnam
CUST01841,Bác Huy Mai,Travel Agency,Vietnam
CUST01842,佐々木 明美,Travel Agency,Japan
CUST01843,Lan Phạm,Individual,Vietnam
CUST01844,Gesche Jacobi Jäckel,VIP,Germany
CUST01845,Samantha Stephens,Individual,Australia
CUST01846,Anna Stone,VIP,Australia
CUST01847,Quang Bảo Vũ,Individual,Vietnam
CUST01848,Dr Neil Griffin,Individual,UK
CUST01849,Joel Torres MD,VIP,Australia
CUST01850,Jerry Simmons,Travel Agency,Australia
CUST01851,Bà Ngọc Trần,VIP,Vietnam
CUST01852,Quý ông Dũng Bùi,VIP,Vietnam
CUST01853,Huy Dương,VIP,Vietnam
CUST01854,Dũng Hoàng Hoàng,Travel Agency,Vietnam
CUST01855,Khoa Hải Vũ,VIP,Vietnam
CUST01856,Hải Trần,Corporate,Vietnam
CUST01857,佐藤 くみ子,VIP,Japan
CUST01858,Thành Dương,Corporate,Vietnam
CUST01859,김민지,Individual,Korea
CUST01860,Lan Dương,VIP,Vietnam
CUST01861,Chị Hà Bùi,Corporate,Vietnam
CUST01862,Hải Bảo Dương,VIP,Vietnam
CUST01863,Hải Đức Nguyễn,Corporate,Vietnam
CUST01864,Aimee Smith-Parker,Corporate,UK
CUST01865,Chị Lan Vũ,Individual,Vietnam
CUST01866,Ngọc Mai,VIP,Vietnam
CUST01867,Ada Warmer-Schuchhardt,Corporate,Germany
CUST01868,Bảo Bùi,Individual,Vietnam
CUST01869,Elliott Parker,VIP,UK
CUST01870,Quý cô Phương Mai,Corporate,Vietnam
CUST01871,Nancy Lucas,VIP,Australia
CUST01872,Shane Wilcox,Travel Agency,Australia
CUST01873,Phillip Powell,Corporate,Australia
CUST01874,Luce Rousseau,Individual,France
CUST01875,이옥순,Individual,Korea
CUST01876,Hạnh Nguyễn,Travel Agency,Vietnam
CUST01877,Quý ông Hưng Mai,Travel Agency,Vietnam
CUST01878,唐柳,Travel Agency,China
CUST01879,Quang Hải Lê,Travel Agency,Vietnam
CUST01880,Dr. Tibor Wulf,Corporate,Germany
CUST01881,Quang Xuân Phạm,VIP,Vietnam
CUST01882,赵莹,Corporate,China
CUST01883,Bà An Đặng,Corporate,Vietnam
CUST01884,Xuân Bùi,Travel Agency,Vietnam
CUST01885,Xuân Hoàng,Individual,Vietnam
CUST01886,Khoa Mai,Individual,Vietnam
CUST01887,Bác Phúc Bùi,Corporate,Vietnam
CUST01888,Quý cô Vi Phạm,Travel Agency,Vietnam
CUST01889,Dr. Claus Sauer,Corporate,Germany
CUST01890,Vi Lê,Corporate,Vietnam
CUST01891,Ông Thành Phạm,Travel Agency,Vietnam
CUST01892,Trung Thế Phạm,Travel Agency,Vietnam
CUST01893,Alex de la Mallet,VIP,France
CUST01894,Chị Thành Nguyễn,Travel Agency,Vietnam
CUST01895,David Delattre,Corporate,France
CUST01896,Laura Hart,Individual,Australia
CUST01897,Bà Thành Dương,Individual,Vietnam
CUST01898,Anh Nhiên Trần,Corporate,Vietnam
CUST01899,Nhật Trí Mai,Individual,Vietnam
CUST01900,Linh Phạm,VIP,Vietnam
CUST01901,김옥순,Travel Agency,Korea
CUST01902,Lâm Đức Bùi,Corporate,Vietnam
CUST01903,Ông Anh Nguyễn,Individual,Vietnam
CUST01904,Melissa Moore,Individual,USA
CUST01905,Tùng Vũ,Travel Agency,Vietnam
CUST01906,Duyên Trần,VIP,Vietnam
CUST01907,Ms Elaine Tyler,Individual,UK
CUST01908,Diana Smith,VIP,UK
CUST01909,Trung Mai Phạm,VIP,Vietnam
CUST01910,Geraldine Shaw,Corporate,UK
CUST01911,Khoa Phạm,Travel Agency,Vietnam
CUST01912,Hương Trần,Travel Agency,Vietnam
CUST01913,Miriam Trupp,VIP,Germany
CUST01914,蒋秀云,Corporate,China
CUST01915,Hải Mai Bảo Vũ,Individual,Vietnam
CUST01916,Bà Ngọc Đặng,Individual,Vietnam
CUST01917,Phương Tấn Dương,Individual,Vietnam
CUST01918,Trung Văn Vũ,Travel Agency,Vietnam
CUST01919,Bà Ánh Bùi,Corporate,Vietnam
CUST01920,Bà Dương Đặng,Travel Agency,Vietnam
CUST01921,Nhật Hải Trần,Individual,Vietnam
CUST01922,Bà Lan Mai,Corporate,Vietnam
CUST01923,Thảo Hoàng,VIP,Vietnam
CUST01924,Vi Nguyễn,Individual,Vietnam
CUST01925,Hương Đặng,Individual,Vietnam
CUST01926,Ông Hoàng Bùi,Individual,Vietnam
CUST01927,박병철,Individual,Korea
CUST01928,Ánh Lê,VIP,Vietnam
CUST01929,Robert Beyer,Corporate,Germany
CUST01930,Phúc Bùi,Individual,Vietnam
CUST01931,Hà Quang Hoàng,Corporate,Vietnam
CUST01932,Mai Đặng,Travel Agency,Vietnam
CUST01933,Bác Nam Hoàng,Corporate,Vietnam
CUST01934,Chị Hạnh Hoàng,VIP,Vietnam
CUST01935,Chị Mai Dương,Individual,Vietnam
CUST01936,Anh Hoàng Vũ,VIP,Vietnam
CUST01937,Dũng Trần,Individual,Vietnam
CUST01938,김아름,VIP,Korea
CUST01939,Patricia Stone,Travel Agency,USA
CUST01940,박상철,Individual,Korea
CUST01941,Quý ông Huy Hoàng,VIP,Vietnam
CUST01942,Chị Lan Nguyễn,Travel Agency,Vietnam
CUST01943,Lan Đặng,VIP,Vietnam
CUST01944,박미영,Corporate,Korea
CUST01945,Phương Trần,Individual,Vietnam
CUST01946,Heidelore Ullmann,VIP,Germany
CUST01947,Quang Tấn Đặng,Individual,Vietnam
CUST01948,Nhật Dương,Individual,Vietnam
CUST01949,Bà Lâm Đặng,Individual,Vietnam
CUST01950,Stéphanie Gilbert,Corporate,France
CUST01951,Bà Kim Mai,Travel Agency,Vietnam
CUST01952,Quý ông Vũ Nguyễn,Individual,Vietnam
CUST01953,Nhiên Thế Mai,Individual,Vietnam
CUST01954,Thảo Phạm,Travel Agency,Vietnam
CUST01955,Thomas Martin,VIP,France
CUST01956,Trung Mai,VIP,Vietnam
CUST01957,Bảo Thế Nguyễn,Corporate,Vietnam
CUST01958,Nhật Trần,Corporate,Vietnam
CUST01959,Yến Mai,Individual,Vietnam
CUST01960,Dũng Tấn Lê,Corporate,Vietnam
CUST01961,Châu Phạm,Corporate,Vietnam
CUST01962,Chị Nhật Lê,Individual,Vietnam
CUST01963,Anh Tùng Dương,Travel Agency,Vietnam
CUST01964,Quang Thị Dương,Travel Agency,Vietnam
CUST01965,山口 治,Travel Agency,Japan
CUST01966,곽하윤,Corporate,Korea
CUST01967,Bà Chi Dương,Individual,Vietnam
CUST01968,Hà Đặng,VIP,Vietnam
CUST01969,Stephen Owens,Travel Agency,Australia
CUST01970,Khoa Phạm,Corporate,Vietnam
CUST01971,Quý cô Hà Mai,VIP,Vietnam
CUST01972,Hưng Tấn Mai,Individual,Vietnam
CUST01973,장지영,Individual,Korea
CUST01974,Hải Hữu Lê,Individual,Vietnam
CUST01975,이경자,Corporate,Korea
CUST01976,Anh Hưng Mai,VIP,Vietnam
CUST01977,Dương Hoàng,Travel Agency,Vietnam
CUST01978,James Crawford,Individual,Australia
CUST01979,Dennis Long,Individual,Australia
CUST01980,Quý ông Nam Đặng,Travel Agency,Vietnam
CUST01981,Chị Hải Đặng,Individual,Vietnam
CUST01982,Anh Trọng Hoàng,Corporate,Vietnam
CUST01983,Bà Yến Phạm,Corporate,Vietnam
CUST01984,Univ.Prof. Eugenie Schmidtke,Travel Agency,Germany
CUST01985,Phương Bùi,Travel Agency,Vietnam
CUST01986,Quang Phạm,Corporate,Vietnam
CUST01987,Zacharie Guibert,Individual,France
CUST01988,Bác Quang Phạm,Travel Agency,Vietnam
CUST01989,Judith Morgan-Atkins,Corporate,UK
CUST01990,Trọng Nguyễn,VIP,Vietnam
CUST01991,Hạnh Thị Bùi,Travel Agency,Vietnam
CUST01992,André Giraud-Deschamps,Travel Agency,France
CUST01993,Ông Quang Phạm,Travel Agency,Vietnam
CUST01994,Chị Hạnh Dương,Corporate,Vietnam
CUST01995,Bà Linh Trần,Individual,Vietnam
CUST01996,Cô Hạnh Phạm,Corporate,Vietnam
CUST01997,马金凤,Corporate,China
CUST01998,Anh Hải Dương,Corporate,Vietnam
CUST01999,Chị Hạnh Hoàng,Individual,Vietnam
CUST02000,Guy Nguyen,Individual,France
CUST02001,Bảo Dương,Corporate,Vietnam
CUST02002,Khoa Bùi,Individual,Vietnam
CUST02003,Mai Nguyễn,Individual,Vietnam
CUST02004,Nhiên Bùi,Corporate,Vietnam
CUST02005,Cô Thành Nguyễn,Travel Agency,Vietnam
CUST02006,Khoa Hữu Trần,Travel Agency,Vietnam
CUST02007,Bà Nhật Đặng,Travel Agency,Vietnam
CUST02008,Ông Quang Hoàng,Individual,Vietnam
CUST02009,山田 翼,VIP,Japan
CUST02010,Chị Vân Dương,Corporate,Vietnam
CUST02011,Chị Lâm Vũ,Individual,Vietnam
CUST02012,An Tấn Phạm,Travel Agency,Vietnam
CUST02013,加藤 陽一,Travel Agency,Japan
CUST02014,송현준,Corporate,Korea
CUST02015,Phương Đặng,Individual,Vietnam
CUST02016,Vũ Thế Mai,Travel Agency,Vietnam
CUST02017,Tú Đặng,Corporate,Vietnam
CUST02018,Lori Hughes,Travel Agency,USA
CUST02019,Duyên Bùi,Travel Agency,Vietnam
CUST02020,Thành Vũ,Individual,Vietnam
CUST02021,Ms Judith West,Travel Agency,UK
CUST02022,Anh Hưng Trần,Corporate,Vietnam
CUST02023,Barbara Robson-Briggs,Corporate,UK
CUST02024,Lâm Hải Trần,VIP,Vietnam
CUST02025,Tú Trí Dương,VIP,Vietnam
CUST02026,蒋健,Travel Agency,China
CUST02027,Chị Hạnh Nguyễn,VIP,Vietnam
CUST02028,Hải Tấn Phạm,VIP,Vietnam
CUST02029,Quang Phạm,Individual,Vietnam
CUST02030,Quý cô Kim Nguyễn,Corporate,Vietnam
CUST02031,Khoa Hải Phạm,Travel Agency,Vietnam
CUST02032,박서준,Individual,Korea
CUST02033,赵建平,VIP,China
CUST02034,Khoa Mai Bảo Vũ,Travel Agency,Vietnam
CUST02035,Kim Dương,Travel Agency,Vietnam
CUST02036,Bà Khoa Bùi,Individual,Vietnam
CUST02037,Stanley Richardson,Travel Agency,UK
CUST02038,An Vũ,Individual,Vietnam
CUST02039,Quý ông Nam Hoàng,VIP,Vietnam
CUST02040,Mary Allan,Travel Agency,UK
CUST02041,Phillip Burton,Individual,UK
CUST02042,Khoa Mai,Corporate,Vietnam
CUST02043,박지민,VIP,Korea
CUST02044,Anh Trần,Travel Agency,Vietnam
CUST02045,Bà Hương Trần,Corporate,Vietnam
CUST02046,Khoa Nguyễn,VIP,Vietnam
CUST02047,Quý cô Phương Phạm,Individual,Vietnam
CUST02048,Maggie-Valérie Nguyen,Individual,France
CUST02049,Thành Hoàng,VIP,Vietnam
CUST02050,Ông Khoa Nguyễn,VIP,Vietnam
CUST02051,Anh Nam Bùi,Corporate,Vietnam
CUST02052,Quý ông Quang Nguyễn,Individual,Vietnam
CUST02053,Bác Anh Vũ,Travel Agency,Vietnam
CUST02054,Kendra Dixon,Individual,USA
CUST02055,Laurent Fischer,Corporate,France
CUST02056,Trung Đặng,Travel Agency,Vietnam
CUST02057,许楠,VIP,China
CUST02058,Quý cô Chi Phạm,Corporate,Vietnam
CUST02059,Vũ Thế Phạm,VIP,Vietnam
CUST02060,Marilyn Olson,Individual,USA
CUST02061,Nhật Lê,Corporate,Vietnam
CUST02062,Susan Wood,Corporate,USA
CUST02063,Thành Phạm,Travel Agency,Vietnam
CUST02064,Dr Raymond Stanley,Corporate,UK
CUST02065,Hoàng Thế Mai,Travel Agency,Vietnam
CUST02066,Bà Ngọc Mai,Corporate,Vietnam
CUST02067,Chị Duyên Mai,Individual,Vietnam
CUST02068,Dương Phạm,Individual,Vietnam
CUST02069,Carla Mercado,Individual,Australia
CUST02070,Catherine Cooke,VIP,Australia
CUST02071,Nhật Trí Nguyễn,Corporate,Vietnam
CUST02072,Bác Trung Dương,Individual,Vietnam
CUST02073,Quý ông Tùng Dương,Individual,Vietnam
CUST02074,Olivier Schneider,Corporate,France
CUST02075,Duyên Trần,Travel Agency,Vietnam
CUST02076,이하윤,Individual,Korea
CUST02077,Cô Ánh Lê,VIP,Vietnam
CUST02078,Thành Nguyễn,VIP,Vietnam
CUST02079,심현정,Corporate,Korea
CUST02080,松本 太一,VIP,Japan
CUST02081,김진우,Corporate,Korea
CUST02082,Ông Anh Mai,Travel Agency,Vietnam
CUST02083,Huy Tấn Bùi,VIP,Vietnam
CUST02084,Thảo Bùi,VIP,Vietnam
CUST02085,马欣,Individual,China
CUST02086,Duyên Lê,Travel Agency,Vietnam
CUST02087,Christopher Lee,Individual,Australia
CUST02088,Dominic Day,Travel Agency,UK
CUST02089,Bảo Phạm,Travel Agency,Vietnam
CUST02090,Hoàng Mai,Individual,Vietnam
CUST02091,石井 京助,VIP,Japan
CUST02092,Diane Marie,Corporate,France
CUST02093,박우진,Individual,Korea
CUST02094,Emily Johnson,Individual,UK
CUST02095,Chị Hồng Phạm,Corporate,Vietnam
CUST02096,Thảo Hoàng,VIP,Vietnam
CUST02097,Ông Dũng Phạm,VIP,Vietnam
CUST02098,Jessica Bryant,Individual,USA
CUST02099,Hải Nguyễn,VIP,Vietnam
CUST02100,Phúc Hoàng Mai,VIP,Vietnam
CUST02101,Bà Duyên Bùi,Travel Agency,Vietnam
CUST02102,Trung Trần,VIP,Vietnam
CUST02103,Vera Albers B.Sc.,Travel Agency,Germany
CUST02104,Hạnh Hải Lê,VIP,Vietnam
CUST02105,최진우,VIP,Korea
CUST02106,Bác Thành Lê,Travel Agency,Vietnam
CUST02107,Hà Vũ,Travel Agency,Vietnam
CUST02108,Lâm Phú Vũ,Individual,Vietnam
CUST02109,Honoré de la Chauveau,Individual,France
CUST02110,Lâm Trí Phạm,Travel Agency,Vietnam
CUST02111,Ông Huy Lê,VIP,Vietnam
CUST02112,Hà Nguyễn,VIP,Vietnam
CUST02113,Bảo Phú Vũ,Corporate,Vietnam
CUST02114,Vanessa Watson,Individual,UK
CUST02115,Dũng Xuân Lê,Travel Agency,Vietnam
CUST02116,Bà Ngọc Phạm,VIP,Vietnam
CUST02117,Charles Williams,VIP,USA
CUST02118,Geneviève-Zoé Loiseau,Individual,France
CUST02119,周秀兰,Travel Agency,China
CUST02120,Chị Lan Trần,Travel Agency,Vietnam
CUST02121,松田 直人,Travel Agency,Japan
CUST02122,Vi Bùi,Travel Agency,Vietnam
CUST02123,Nhật Đức Đặng,Individual,Vietnam
CUST02124,Hà Mai Bảo Phạm,Travel Agency,Vietnam
CUST02125,최서윤,Corporate,Korea
CUST02126,Chị Hải Mai,Corporate,Vietnam
CUST02127,Kim Đức Trần,Travel Agency,Vietnam
CUST02128,鈴木 くみ子,Travel Agency,Japan
CUST02129,Kim Bùi,Corporate,Vietnam
CUST02130,Hưng Tấn Bùi,Individual,Vietnam
CUST02131,Nhật Quang Dương,Individual,Vietnam
CUST02132,Lindsay Thompson,Corporate,Australia
CUST02133,Bác Trọng Lê,Corporate,Vietnam
CUST02134,Bà Hạnh Đặng,Individual,Vietnam
CUST02135,Phúc Hải Trần,VIP,Vietnam
CUST02136,Vũ Thị Nguyễn,VIP,Vietnam
CUST02137,何俊,Corporate,China
CUST02138,Anh Đức Mai,Travel Agency,Vietnam
CUST02139,Anh Trung Nguyễn,Corporate,Vietnam
CUST02140,Anh Xuân Dương,Travel Agency,Vietnam
CUST02141,Thành Thế Bùi,Corporate,Vietnam
CUST02142,Ben Hawkins,Corporate,UK
CUST02143,Dương Vũ,Travel Agency,Vietnam
CUST02144,Trọng Quang Hoàng,Travel Agency,Vietnam
CUST02145,Quý cô Hà Phạm,VIP,Vietnam
CUST02146,Nhiên Hoàng Phạm,VIP,Vietnam
CUST02147,Lâm Thế Phạm,Corporate,Vietnam
CUST02148,石川 学,Travel Agency,Japan
CUST02149,Univ.Prof. Gusti Ullmann B.Sc.,VIP,Germany
CUST02150,Nhiên Quang Mai,Travel Agency,Vietnam
CUST02151,Kevin Coleman,VIP,Australia
CUST02152,Ánh Đặng,VIP,Vietnam
CUST02153,Hoàng Phú Vũ,Travel Agency,Vietnam
CUST02154,Anh Phú Nguyễn,Travel Agency,Vietnam
CUST02155,Stéphanie Meyer,VIP,France
CUST02156,Aimée Bertin Le Boyer,Travel Agency,France
CUST02157,Cô Lan Trần,Corporate,Vietnam
CUST02158,김지아,Individual,Korea
CUST02159,Chị Dương Phạm,Travel Agency,Vietnam
CUST02160,Maureen Green,Corporate,Australia
CUST02161,Cô Phương Bùi,Travel Agency,Vietnam
CUST02162,곽병철,VIP,Korea
CUST02163,Chi Mai,Corporate,Vietnam
CUST02164,Todd Mclaughlin,VIP,USA
CUST02165,강시우,Travel Agency,Korea
CUST02166,Quý cô Ánh Dương,Individual,Vietnam
CUST02167,Chị Nhật Nguyễn,Corporate,Vietnam
CUST02168,An Mai,Travel Agency,Vietnam
CUST02169,Lâm Nguyễn,Corporate,Vietnam
CUST02170,Quý cô Hồng Bùi,Corporate,Vietnam
CUST02171,Vân Trần,VIP,Vietnam
CUST02172,Bà Hương Nguyễn,VIP,Vietnam
CUST02173,Hoàng Lê,Travel Agency,Vietnam
CUST02174,Vũ Mai,Individual,Vietnam
CUST02175,Nathan Lopez,VIP,USA
CUST02176,Tina Heath,Travel Agency,UK
CUST02177,Thảo Phạm,Travel Agency,Vietnam
CUST02178,Cheryl Pearce,Travel Agency,UK
CUST02179,Bảo Bùi,Corporate,Vietnam
CUST02180,Bà Dương Nguyễn,VIP,Vietnam
CUST02181,Phương Hữu Nguyễn,Individual,Vietnam
CUST02182,Nhật Mai Bùi,Individual,Vietnam
CUST02183,Trung Văn Dương,Corporate,Vietnam
CUST02184,Hoàng Dương,Travel Agency,Vietnam
CUST02185,Quý cô Nhật Nguyễn,VIP,Vietnam
CUST02186,Hoàng Quang Phạm,VIP,Vietnam
CUST02187,Phúc Thị Hoàng,Individual,Vietnam
CUST02188,David Hamilton,VIP,Australia
CUST02189,김미숙,Travel Agency,Korea
CUST02190,Yến Hoàng,Corporate,Vietnam
CUST02191,Tùng Đức Đặng,Corporate,Vietnam
CUST02192,Hoàng Đức Trần,Travel Agency,Vietnam
CUST02193,Bà Dương Đặng,Individual,Vietnam
CUST02194,Jasmin Miranda,Individual,Australia
CUST02195,Martin Thompson,Corporate,USA
CUST02196,Thành Xuân Phạm,Travel Agency,Vietnam
CUST02197,Ông Khoa Đặng,Individual,Vietnam
CUST02198,Thành Mai Trần,Corporate,Vietnam
CUST02199,Karen Romero,Corporate,USA
CUST02200,Alan Jones,Corporate,Australia
CUST02201,Thành Nguyễn,Individual,Vietnam
CUST02202,Sherry Copeland,Individual,Australia
CUST02203,Bác Tú Trần,Travel Agency,Vietnam
CUST02204,Vi Dương,Corporate,Vietnam
CUST02205,Nhật Lê,Individual,Vietnam
CUST02206,이서윤,VIP,Korea
CUST02207,Brian Jimenez,Individual,USA
CUST02208,Anh Huy Mai,VIP,Vietnam
CUST02209,Xuân Hoàng,Corporate,Vietnam
CUST02210,山本 春香,VIP,Japan
CUST02211,Timothy Gonzales,Corporate,Australia
CUST02212,鈴木 裕太,Corporate,Japan
CUST02213,Anh Hưng Hoàng,Individual,Vietnam
CUST02214,Lâm Vũ,Corporate,Vietnam
CUST02215,Huy Mai Trần,VIP,Vietnam
CUST02216,Linh Phạm,Individual,Vietnam
CUST02217,Quý cô Hạnh Vũ,Travel Agency,Vietnam
CUST02218,Bác Anh Dương,Corporate,Vietnam
CUST02219,Tú Mai Bảo Phạm,VIP,Vietnam
CUST02220,Bác Hoàng Trần,Corporate,Vietnam
CUST02221,Rhonda Smith,Travel Agency,Australia
CUST02222,Susanne Weiss du Grenier,Individual,France
CUST02223,Khoa Tấn Đặng,Corporate,Vietnam
CUST02224,Bác Hoàng Phạm,Corporate,Vietnam
CUST02225,Vũ Đặng,VIP,Vietnam
CUST02226,Hưng Hữu Nguyễn,Corporate,Vietnam
CUST02227,Hải Đức Bùi,Travel Agency,Vietnam
CUST02228,Linh Phạm,Travel Agency,Vietnam
CUST02229,Laurent Charles,VIP,France
CUST02230,Bà Hà Trần,Travel Agency,Vietnam
CUST02231,Matthew White,Corporate,USA
CUST02232,이지민,Travel Agency,Korea
CUST02233,Paula Carey-Holt,Travel Agency,UK
CUST02234,鈴木 直人,Individual,Japan
CUST02235,Ông Tú Vũ,VIP,Vietnam
CUST02236,Anh Châu Dương,Corporate,Vietnam
CUST02237,Cô Kim Mai,Travel Agency,Vietnam
CUST02238,Quý cô Hồng Vũ,Individual,Vietnam
CUST02239,Ông Hoàng Đặng,Travel Agency,Vietnam
CUST02240,Chị Vân Lê,Individual,Vietnam
CUST02241,高橋 涼平,VIP,Japan
CUST02242,董桂香,Travel Agency,China
CUST02243,Quý ông Huy Phạm,Individual,Vietnam
CUST02244,Hạnh Nguyễn,Individual,Vietnam
CUST02245,Quý ông Minh Đặng,Travel Agency,Vietnam
CUST02246,Bác Nhiên Hoàng,VIP,Vietnam
CUST02247,Tú Phạm,Corporate,Vietnam
CUST02248,左梅,Individual,China
CUST02249,김준혁,VIP,Korea
CUST02250,Trọng Tấn Vũ,Travel Agency,Vietnam
CUST02251,Cô Nhật Đặng,Travel Agency,Vietnam
CUST02252,Bà An Trần,Corporate,Vietnam
CUST02253,Quý cô Lâm Hoàng,Travel Agency,Vietnam
CUST02254,Anh Hải Nguyễn,Corporate,Vietnam
CUST02255,Ông Hoàng Đặng,Corporate,Vietnam
CUST02256,Bà Yến Nguyễn,VIP,Vietnam
CUST02257,Phúc Nguyễn,Corporate,Vietnam
CUST02258,Tùng Văn Nguyễn,Corporate,Vietnam
CUST02259,Thành Hải Hoàng,Individual,Vietnam
CUST02260,Khoa Phú Nguyễn,Individual,Vietnam
CUST02261,Khoa Mai,Travel Agency,Vietnam
CUST02262,Châu Xuân Mai,Corporate,Vietnam
CUST02263,Dennis Barnes,Corporate,USA
CUST02264,Quang Mai Vũ,Individual,Vietnam
CUST02265,韦畅,Corporate,China
CUST02266,Matthieu Laroche de Antoine,Travel Agency,France
CUST02267,高玉英,Corporate,China
CUST02268,Cô Xuân Phạm,Individual,Vietnam
CUST02269,Christopher Simpson,Individual,Australia
CUST02270,이예지,Individual,Korea
CUST02271,Kim Dương,VIP,Vietnam
CUST02272,Cô Hà Trần,Corporate,Vietnam
CUST02273,Khoa Hải Đặng,Corporate,Vietnam
CUST02274,Hoàng Hoàng Lê,Travel Agency,Vietnam
CUST02275,Bảo Hữu Phạm,Corporate,Vietnam
CUST02276,Thành Trí Hoàng,VIP,Vietnam
CUST02277,Claudine Tanguy de la Dufour,VIP,France
CUST02278,Dorothée Grondin du Fleury,Corporate,France
CUST02279,Nam Xuân Phạm,Travel Agency,Vietnam
CUST02280,Châu Tấn Trần,VIP,Vietnam
CUST02281,Quý cô Lan Phạm,VIP,Vietnam
CUST02282,Hải Dương,Individual,Vietnam
CUST02283,Minh Thế Nguyễn,Travel Agency,Vietnam
CUST02284,Quý cô Hải Đặng,Individual,Vietnam
CUST02285,Lâm Nguyễn,VIP,Vietnam
CUST02286,Gerald Sanderson,Individual,UK
CUST02287,An Mai Hoàng,Corporate,Vietnam
CUST02288,Ông Quang Nguyễn,Individual,Vietnam
CUST02289,Hạnh Vũ,Corporate,Vietnam
CUST02290,Gabriel Collin,Individual,France
CUST02291,Trung Xuân Đặng,VIP,Vietnam
CUST02292,Chị Xuân Mai,Individual,Vietnam
CUST02293,Tony Holt,Individual,Australia
CUST02294,Quang Dương,Individual,Vietnam
CUST02295,Quý ông Quang Hoàng,Travel Agency,Vietnam
CUST02296,Thành Quang Đặng,VIP,Vietnam
CUST02297,Vi Bùi,VIP,Vietnam
CUST02298,Sabine Pons-Rossi,Individual,France
CUST02299,Phương Dương,Travel Agency,Vietnam
CUST02300,Chị Ngọc Phạm,Corporate,Vietnam
CUST02301,Hạnh Mai Bảo Trần,Individual,Vietnam
CUST02302,Nhật Bùi,Individual,Vietnam
CUST02303,Phương Mai Mai,VIP,Vietnam
CUST02304,Cô Hải Bùi,Individual,Vietnam
CUST02305,Lan Vũ,Corporate,Vietnam
CUST02306,An Lê,VIP,Vietnam
CUST02307,Cô Hạnh Bùi,Corporate,Vietnam
CUST02308,Dương Vũ,VIP,Vietnam
CUST02309,Phương Mai,Individual,Vietnam
CUST02310,Quý ông Huy Mai,Corporate,Vietnam
CUST02311,Lâm Phạm,Travel Agency,Vietnam
CUST02312,André Guillot,Individual,France
CUST02313,Maria Smith,Corporate,USA
CUST02314,Thành Vũ,VIP,Vietnam
CUST02315,Chị Bảo Nguyễn,Corporate,Vietnam
CUST02316,An Đặng,VIP,Vietnam
CUST02317,Suzanne Preston,VIP,Australia
CUST02318,Quý cô Mai Bùi,Individual,Vietnam
CUST02319,Quý cô Thảo Vũ,Corporate,Vietnam
CUST02320,Alexander Sims,VIP,UK
CUST02321,Phương Dương,VIP,Vietnam
CUST02322,Chị Hải Dương,Corporate,Vietnam
CUST02323,Hồng Hoàng,Travel Agency,Vietnam
CUST02324,Khoa Bảo Đặng,Individual,Vietnam
CUST02325,최현우,Corporate,Korea
CUST02326,Quý ông Hoàng Vũ,Travel Agency,Vietnam
CUST02327,Thành Đặng,VIP,Vietnam
CUST02328,Nam Bùi,Travel Agency,Vietnam
CUST02329,최정수,Corporate,Korea
CUST02330,Matthieu-Marc Delahaye,Travel Agency,France
CUST02331,Molly Navarro,VIP,Australia
CUST02332,Julie Leon,Travel Agency,Australia
CUST02333,Hà Đặng,Corporate,Vietnam
CUST02334,Quý ông Minh Mai,Travel Agency,Vietnam
CUST02335,Yến Dương,Individual,Vietnam
CUST02336,Dr Olivia Begum,Individual,UK
CUST02337,Bác Khoa Bùi,Corporate,Vietnam
CUST02338,Minh Quang Bùi,Corporate,Vietnam
CUST02339,Khoa Bùi,Individual,Vietnam
CUST02340,Quý cô Hải Hoàng,Travel Agency,Vietnam
CUST02341,Hồng Bùi,Individual,Vietnam
CUST02342,Anh Minh Mai,Corporate,Vietnam
CUST02343,松本 裕太,VIP,Japan
CUST02344,Nam Trần,Travel Agency,Vietnam
CUST02345,Phương Mai,Individual,Vietnam
CUST02346,Phương Văn Phạm,Corporate,Vietnam
CUST02347,山本 陽子,VIP,Japan
CUST02348,Quý cô Vân Mai,Corporate,Vietnam
CUST02349,Quý cô Vân Hoàng,Travel Agency,Vietnam
CUST02350,Châu Tấn Mai,Travel Agency,Vietnam
CUST02351,Quang Hoàng,Corporate,Vietnam
CUST02352,山田 裕樹,VIP,Japan
CUST02353,Cô An Trần,Individual,Vietnam
CUST02354,Ngọc Hoàng,VIP,Vietnam
CUST02355,Madison Walsh,Individual,USA
CUST02356,Yến Mai,Individual,Vietnam
CUST02357,Ông Dũng Hoàng,Corporate,Vietnam
CUST02358,Ông Trọng Phạm,Individual,Vietnam
CUST02359,Cô Mai Mai,VIP,Vietnam
CUST02360,Eric Proctor,Corporate,USA
CUST02361,Dr. Stephanie Henck,Individual,Germany
CUST02362,Chị Linh Bùi,Corporate,Vietnam
CUST02363,Hà Phạm,Corporate,Vietnam
CUST02364,An Phạm,Individual,Vietnam
CUST02365,Bảo Đức Mai,Corporate,Vietnam
CUST02366,Dũng Đức Bùi,Travel Agency,Vietnam
CUST02367,Tùng Dương,Individual,Vietnam
CUST02368,Chị Hải Bùi,VIP,Vietnam
CUST02369,Francesca Davidson,Travel Agency,UK
CUST02370,山本 洋介,VIP,Japan
CUST02371,An Dương,Corporate,Vietnam
CUST02372,André Masse,Corporate,France
CUST02373,Quý cô Hạnh Bùi,Travel Agency,Vietnam
CUST02374,Vũ Nguyễn,Travel Agency,Vietnam
CUST02375,Chị Hải Bùi,Individual,Vietnam
CUST02376,Ông Anh Phạm,Travel Agency,Vietnam
CUST02377,郑建平,Individual,China
CUST02378,Anh Hoàng Trần,VIP,Vietnam
CUST02379,近藤 京助,Travel Agency,Japan
CUST02380,Phúc Dương,Travel Agency,Vietnam
CUST02381,Thảo Trần,Travel Agency,Vietnam
CUST02382,Hải Bùi,Travel Agency,Vietnam
CUST02383,陈华,VIP,China
CUST02384,Robert Byrd,Travel Agency,Australia
CUST02385,Kim Đức Dương,Travel Agency,Vietnam
CUST02386,Dora Radisch,Corporate,Germany
CUST02387,Jason Peterson,Corporate,USA
CUST02388,赵秀芳,Corporate,China
CUST02389,Bà Ngọc Phạm,Corporate,Vietnam
CUST02390,Phúc Vũ,Corporate,Vietnam
CUST02391,Hải Đức Bùi,Individual,Vietnam
CUST02392,Bác Trọng Hoàng,VIP,Vietnam
CUST02393,Hạnh Dương,Individual,Vietnam
CUST02394,Bảo Lê,Individual,Vietnam
CUST02395,Heino Junck,Travel Agency,Germany
CUST02396,Bà Lan Phạm,Corporate,Vietnam
CUST02397,Émilie Didier-Boucher,Corporate,France
CUST02398,Chị Nhật Nguyễn,Corporate,Vietnam
CUST02399,Cô Bảo Bùi,Travel Agency,Vietnam
CUST02400,Bà Khoa Dương,Individual,Vietnam
CUST02401,Châu Bùi,Travel Agency,Vietnam
CUST02402,Attila Kohl,Corporate,Germany
CUST02403,Bác Minh Trần,Individual,Vietnam
CUST02404,김영희,Individual,Korea
CUST02405,Quý cô Hải Mai,VIP,Vietnam
CUST02406,Khoa Nguyễn,Individual,Vietnam
CUST02407,Ánh Dương,VIP,Vietnam
CUST02408,Hải Vũ,Travel Agency,Vietnam
CUST02409,Anh Tú Đặng,Individual,Vietnam
CUST02410,Chị Linh Lê,Travel Agency,Vietnam
CUST02411,Vân Đặng,Corporate,Vietnam
CUST02412,Ông Vũ Lê,Travel Agency,Vietnam
CUST02413,Zehra Scholz-Oderwald,Travel Agency,Germany
CUST02414,Ông Trung Lê,Individual,Vietnam
CUST02415,中村 里佳,Individual,Japan
CUST02416,Cô Nhật Bùi,VIP,Vietnam
CUST02417,Duyên Lê,Travel Agency,Vietnam
CUST02418,Bảo Phạm,Individual,Vietnam
CUST02419,Bà Duyên Dương,Corporate,Vietnam
CUST02420,Anh Nhiên Trần,Travel Agency,Vietnam
CUST02421,August Karz,Travel Agency,Germany
CUST02422,Anh Hưng Đặng,Individual,Vietnam
CUST02423,Anh Tùng Vũ,Travel Agency,Vietnam
CUST02424,Nhật Trí Trần,Individual,Vietnam
CUST02425,Tùng Hoàng,Corporate,Vietnam
CUST02426,Thảo Hoàng,Corporate,Vietnam
CUST02427,Cô Bảo Đặng,Corporate,Vietnam
CUST02428,Mathilde Becker,Individual,France
CUST02429,Nhật Nguyễn,Travel Agency,Vietnam
CUST02430,Nam Văn Lê,Corporate,Vietnam
CUST02431,Kim Hoàng,Individual,Vietnam
CUST02432,Bà Hạnh Đặng,Corporate,Vietnam
CUST02433,Yến Đặng,Individual,Vietnam
CUST02434,Hà Trần,VIP,Vietnam
CUST02435,Ông Bảo Trần,Corporate,Vietnam
CUST02436,Ms Bethan Hardy,Corporate,UK
CUST02437,Anh Quang Phạm,Individual,Vietnam
CUST02438,Christopher Hill,Individual,USA
CUST02439,Trọng Vũ,Travel Agency,Vietnam
CUST02440,Ngọc Hoàng,VIP,Vietnam
CUST02441,Linh Mai,Individual,Vietnam
CUST02442,Maurice Losekann,Individual,Germany
CUST02443,Phúc Đặng,Corporate,Vietnam
CUST02444,Quý cô Duyên Nguyễn,VIP,Vietnam
CUST02445,Vân Đặng,VIP,Vietnam
CUST02446,Sylvia Godfrey,Travel Agency,UK
CUST02447,Lâm Mai Bảo Bùi,Corporate,Vietnam
CUST02448,Xuân Hoàng,Corporate,Vietnam
CUST02449,Chị Hương Trần,VIP,Vietnam
CUST02450,Dr. Sofia Oderwald B.Eng.,Corporate,Germany
CUST02451,Fadime Gröttner,Corporate,Germany
CUST02452,Ông Tú Mai,VIP,Vietnam
CUST02453,Hà Hải Bùi,VIP,Vietnam
CUST02454,Chị Mai Nguyễn,Individual,Vietnam
CUST02455,Huy Mai Phạm,VIP,Vietnam
CUST02456,Quý cô Thảo Trần,VIP,Vietnam
CUST02457,Anh Vũ Bùi,Corporate,Vietnam
CUST02458,Tú Đức Nguyễn,Individual,Vietnam
CUST02459,Quý ông Phúc Hoàng,Individual,Vietnam
CUST02460,Bảo Hoàng Bùi,Corporate,Vietnam
CUST02461,Anh Trung Nguyễn,VIP,Vietnam
CUST02462,Quý ông Trọng Lê,Travel Agency,Vietnam
CUST02463,田瑜,Travel Agency,China
CUST02464,Cô Kim Bùi,Travel Agency,Vietnam
CUST02465,Hà Mai,Corporate,Vietnam
CUST02466,Cô Thảo Lê,VIP,Vietnam
CUST02467,Nhật Đức Hoàng,Travel Agency,Vietnam
CUST02468,Quý ông Tú Vũ,Individual,Vietnam
CUST02469,Nhiên Đặng,Travel Agency,Vietnam
CUST02470,藤原 春香,Corporate,Japan
CUST02471,Nam Mai Bảo Hoàng,VIP,Vietnam
CUST02472,Bác Dũng Phạm,Individual,Vietnam
CUST02473,Cô Kim Dương,Individual,Vietnam
CUST02474,Bà Hồng Trần,Corporate,Vietnam
CUST02475,杨桂芝,VIP,China
CUST02476,Tùng Mai Bảo Trần,VIP,Vietnam
CUST02477,Bà Nhật Đặng,Travel Agency,Vietnam
CUST02478,Hoàng Thế Hoàng,Individual,Vietnam
CUST02479,Tùng Hoàng,Individual,Vietnam
CUST02480,Hồng Hoàng,Travel Agency,Vietnam
CUST02481,Tú Mai Bảo Nguyễn,Corporate,Vietnam
CUST02482,田中 舞,Travel Agency,Japan
CUST02483,Bác Nhiên Mai,VIP,Vietnam
CUST02484,鈴木 陽子,VIP,Japan
CUST02485,Hồng Vũ,Travel Agency,Vietnam
CUST02486,Bà Lâm Đặng,Corporate,Vietnam
CUST02487,Quý cô Khoa Bùi,Individual,Vietnam
CUST02488,Mr Denis Howard,Corporate,UK
CUST02489,Quý cô Mai Lê,Travel Agency,Vietnam
CUST02490,Cô Vân Trần,Individual,Vietnam
CUST02491,Khoa Hải Mai,VIP,Vietnam
CUST02492,Danielle de la Colas,Corporate,France
CUST02493,Châu Hoàng Vũ,Corporate,Vietnam
CUST02494,Nhật Quang Vũ,Corporate,Vietnam
CUST02495,김은서,Travel Agency,Korea
CUST02496,Ông Tùng Nguyễn,Corporate,Vietnam
CUST02497,Connor Dean-King,Corporate,UK
CUST02498,An Trí Nguyễn,VIP,Vietnam
CUST02499,Vũ Thị Vũ,Corporate,Vietnam
CUST02500,Craig Whitehead,Individual,UK
CUST02501,Hoàng Phạm,Corporate,Vietnam
CUST02502,Anh Hưng Phạm,Travel Agency,Vietnam
CUST02503,井上 直子,Corporate,Japan
CUST02504,Châu Hữu Bùi,Corporate,Vietnam
CUST02505,Cô Xuân Phạm,VIP,Vietnam
CUST02506,Hải Nguyễn,Travel Agency,Vietnam
CUST02507,Quý cô Khoa Vũ,Corporate,Vietnam
CUST02508,Bà Hương Dương,Corporate,Vietnam
CUST02509,Châu Mai Bùi,VIP,Vietnam
CUST02510,Thảo Dương,Corporate,Vietnam
CUST02511,Minh Tấn Bùi,Individual,Vietnam
CUST02512,Nhật Thị Bùi,Individual,Vietnam
CUST02513,Khoa Thế Trần,Individual,Vietnam
CUST02514,Khoa Hoàng Vũ,Travel Agency,Vietnam
CUST02515,Jason Adams,Individual,USA
CUST02516,Hải Vũ,VIP,Vietnam
CUST02517,Hải Phú Hoàng,Travel Agency,Vietnam
CUST02518,Nhật Mai Bùi,Individual,Vietnam
CUST02519,Hạnh Lê,Travel Agency,Vietnam
CUST02520,Cô Nhật Phạm,Travel Agency,Vietnam
CUST02521,Miss Cassandra Dixon,Corporate,Australia
CUST02522,Tùng Văn Bùi,Individual,Vietnam
CUST02523,Anh Tú Phạm,Corporate,Vietnam
CUST02524,Quang Nguyễn,VIP,Vietnam
CUST02525,Bà Thành Nguyễn,Individual,Vietnam
CUST02526,Michael Lynn,VIP,Australia
CUST02527,Duyên Phạm,Corporate,Vietnam
CUST02528,Hương Trần,Individual,Vietnam
CUST02529,Thành Hải Bùi,Corporate,Vietnam
CUST02530,Inès Wagner,Individual,France
CUST02531,김성현,VIP,Korea
CUST02532,Cô Nhật Dương,Corporate,Vietnam
CUST02533,Trung Trần,Corporate,Vietnam
CUST02534,Yến Vũ,VIP,Vietnam
CUST02535,Bà Vi Đặng,VIP,Vietnam
CUST02536,Chị Linh Vũ,Corporate,Vietnam
CUST02537,Tùng Tấn Mai,Travel Agency,Vietnam
CUST02538,Hà Dương,VIP,Vietnam
CUST02539,Rick Morgan,Individual,Australia
CUST02540,Nam Đức Mai,Individual,Vietnam
CUST02541,Anh Khoa Phạm,Corporate,Vietnam
CUST02542,Quang Dương,Individual,Vietnam
CUST02543,Dipl.-Ing. Norbert Hübel B.A.,Individual,Germany
CUST02544,Kim Hoàng,Corporate,Vietnam
CUST02545,Monica Pena,Corporate,USA
CUST02546,Bà Phương Mai,Travel Agency,Vietnam
CUST02547,Bà Nhật Dương,Travel Agency,Vietnam
CUST02548,岡田 舞,Individual,Japan
CUST02549,Thành Thị Bùi,VIP,Vietnam
CUST02550,Huy Phú Mai,Corporate,Vietnam
CUST02551,Hà Hoàng,Corporate,Vietnam
CUST02552,구서윤,Travel Agency,Korea
CUST02553,Ông Vũ Phạm,Individual,Vietnam
CUST02554,Hạnh Nguyễn,VIP,Vietnam
CUST02555,Hải Hoàng,Individual,Vietnam
CUST02556,Hạnh Thị Bùi,VIP,Vietnam
CUST02557,陈桂兰,Corporate,China
CUST02558,穆玉华,Corporate,China
CUST02559,Hạnh Mai Bảo Vũ,Corporate,Vietnam
CUST02560,김수진,Travel Agency,Korea
CUST02561,Bác Thành Bùi,VIP,Vietnam
CUST02562,Bà Hải Nguyễn,Corporate,Vietnam
CUST02563,Nhật Bùi,VIP,Vietnam
CUST02564,Bà Mai Phạm,VIP,Vietnam
CUST02565,Khoa Phú Dương,VIP,Vietnam
CUST02566,前田 香織,Individual,Japan
CUST02567,Anh Phúc Lê,Corporate,Vietnam
CUST02568,钟磊,VIP,China
CUST02569,Ms Mary Turner,Corporate,UK
CUST02570,Quý ông Huy Mai,Corporate,Vietnam
CUST02571,Chị Vi Trần,Corporate,Vietnam
CUST02572,Marie Lambert,Individual,France
CUST02573,Nhật Hải Lê,Corporate,Vietnam
CUST02574,Bà Xuân Đặng,Travel Agency,Vietnam
CUST02575,Quang Đặng,Travel Agency,Vietnam
CUST02576,Bà Yến Đặng,VIP,Vietnam
CUST02577,Sharon Thompson,Individual,UK
CUST02578,Hải Phú Nguyễn,Travel Agency,Vietnam
CUST02579,Bác Minh Đặng,Corporate,Vietnam
CUST02580,Hoàng Lê,Corporate,Vietnam
CUST02581,Bảo Bùi,Individual,Vietnam
CUST02582,Khoa Vũ,VIP,Vietnam
CUST02583,Douglas Collier,Corporate,UK
CUST02584,Vũ Tấn Hoàng,Travel Agency,Vietnam
CUST02585,Bác Dũng Mai,Travel Agency,Vietnam
CUST02586,Donald Grant,Corporate,Australia
CUST02587,Tùng Phú Trần,Individual,Vietnam
CUST02588,Cô Thành Bùi,VIP,Vietnam
CUST02589,Quý cô Linh Vũ,Individual,Vietnam
CUST02590,Cô Mai Hoàng,Travel Agency,Vietnam
CUST02591,Trung Dương,Travel Agency,Vietnam
CUST02592,Quang Bảo Bùi,Travel Agency,Vietnam
CUST02593,Lan Mai,Travel Agency,Vietnam
CUST02594,Tùng Dương,Travel Agency,Vietnam
CUST02595,周伟,Individual,China
CUST02596,Hồng Lê,Corporate,Vietnam
CUST02597,赵晨,VIP,China
CUST02598,Mr George Green,Individual,UK
CUST02599,Lâm Đặng,Corporate,Vietnam
CUST02600,Tú Lê,Corporate,Vietnam
CUST02601,Trọng Đức Phạm,Travel Agency,Vietnam
CUST02602,李丹丹,VIP,China
CUST02603,하지현,Individual,Korea
CUST02604,김민석,VIP,Korea
CUST02605,Ilja Blümel,Travel Agency,Germany
CUST02606,Châu Thế Lê,Corporate,Vietnam
CUST02607,Benedikt Siering-Speer,Individual,Germany
CUST02608,赖成,VIP,China
CUST02609,Thành Nguyễn,Corporate,Vietnam
CUST02610,Nhiên Thế Vũ,Individual,Vietnam
CUST02611,Minh Văn Bùi,Individual,Vietnam
CUST02612,Phương Hải Đặng,VIP,Vietnam
CUST02613,강민서,VIP,Korea
CUST02614,Quý cô Hương Lê,Travel Agency,Vietnam
CUST02615,Anh Nguyễn,VIP,Vietnam
CUST02616,Bà An Trần,Corporate,Vietnam
CUST02617,鈴木 くみ子,Individual,Japan
CUST02618,Nam Tấn Mai,VIP,Vietnam
CUST02619,Lan Hoàng,Individual,Vietnam
CUST02620,Kim Đức Dương,Travel Agency,Vietnam
CUST02621,An Quang Mai,VIP,Vietnam
CUST02622,Xuân Hoàng,Individual,Vietnam
CUST02623,Bác Nam Nguyễn,VIP,Vietnam
CUST02624,Anaïs Bodin-Dupont,VIP,France
CUST02625,Nhật Đức Hoàng,Travel Agency,Vietnam
CUST02626,Dũng Trần,Individual,Vietnam
CUST02627,Tú Vũ,Individual,Vietnam
CUST02628,Trung Vũ,Corporate,Vietnam
CUST02629,Bảo Hoàng,VIP,Vietnam
CUST02630,小林 花子,Individual,Japan
CUST02631,Hưng Vũ,Individual,Vietnam
CUST02632,Khoa Bùi,Corporate,Vietnam
CUST02633,Thierry Hamon,Travel Agency,France
CUST02634,Jodie Akhtar,VIP,UK
CUST02635,Hương Bùi,VIP,Vietnam
CUST02636,Quý cô Hải Nguyễn,Corporate,Vietnam
CUST02637,福田 桃子,VIP,Japan
CUST02638,Khoa Trần,VIP,Vietnam
CUST02639,Quý ông Huy Đặng,Travel Agency,Vietnam
CUST02640,Khoa Hải Vũ,VIP,Vietnam
CUST02641,Duyên Dương,Travel Agency,Vietnam
CUST02642,Duyên Trần,Corporate,Vietnam
CUST02643,Chi Trần,Travel Agency,Vietnam
CUST02644,Quý ông Dũng Hoàng,Individual,Vietnam
CUST02645,Bà Phương Hoàng,VIP,Vietnam
CUST02646,Quý cô Thành Hoàng,Corporate,Vietnam
CUST02647,Bà Hải Dương,VIP,Vietnam
CUST02648,Quý cô Khoa Phạm,Travel Agency,Vietnam
CUST02649,Colton Parker,Corporate,USA
CUST02650,Nhật Mai,Individual,Vietnam
CUST02651,Joanna Harris,VIP,Australia
CUST02652,송미경,VIP,Korea
CUST02653,Ông Tú Đặng,VIP,Vietnam
CUST02654,Tùng Vũ,Travel Agency,Vietnam
CUST02655,Timothy Richards,Individual,UK
CUST02656,Cô Nhật Trần,VIP,Vietnam
CUST02657,Alfred de la Lenoir,Individual,France
CUST02658,Cô Ngọc Hoàng,Corporate,Vietnam
CUST02659,Kim Mai Phạm,Individual,Vietnam
CUST02660,Hương Lê,Corporate,Vietnam
CUST02661,Bà Hạnh Phạm,Travel Agency,Vietnam
CUST02662,池田 陽子,Corporate,Japan
CUST02663,Kim Hải Phạm,Travel Agency,Vietnam
CUST02664,Ông Bảo Dương,VIP,Vietnam
CUST02665,장예은,Corporate,Korea
CUST02666,Quý cô Bảo Trần,Individual,Vietnam
CUST02667,Tú Mai Hoàng,Travel Agency,Vietnam
CUST02668,Bảo Lê,Travel Agency,Vietnam
CUST02669,Hưng Văn Bùi,Travel Agency,Vietnam
CUST02670,山田 あすか,Travel Agency,Japan
CUST02671,René Schneider,Individual,France
CUST02672,이상호,Corporate,Korea
CUST02673,Gérard-Christophe Vallet,Corporate,France
CUST02674,Bác Hoàng Phạm,Travel Agency,Vietnam
CUST02675,Chị Khoa Vũ,Corporate,Vietnam
CUST02676,Hạnh Hải Bùi,Travel Agency,Vietnam
CUST02677,Phương Mai,VIP,Vietnam
CUST02678,Bà Hạnh Dương,Corporate,Vietnam
CUST02679,Chi Trần,Individual,Vietnam
CUST02680,Cô Ánh Đặng,Corporate,Vietnam
CUST02681,Thành Hoàng,Travel Agency,Vietnam
CUST02682,邹佳,Individual,China
CUST02683,Chị Xuân Dương,Travel Agency,Vietnam
CUST02684,안종수,Travel Agency,Korea
CUST02685,Hoàng Bảo Hoàng,Travel Agency,Vietnam
CUST02686,Joshua Johnson,Corporate,USA
CUST02687,Danuta Hornig,Travel Agency,Germany
CUST02688,Cô Hạnh Bùi,VIP,Vietnam
CUST02689,Quang Xuân Phạm,VIP,Vietnam
CUST02690,Mrs Kimberley Harding,Travel Agency,UK
CUST02691,Nhật Mai Dương,Corporate,Vietnam
CUST02692,Antoine Georges,VIP,France
CUST02693,Vũ Phạm,VIP,Vietnam
CUST02694,Kathy Gonzalez,Individual,USA
CUST02695,Hoàng Vũ,Corporate,Vietnam
CUST02696,Jason Cohen,Corporate,Australia
CUST02697,Cô Nhật Nguyễn,Travel Agency,Vietnam
CUST02698,Nhật Vũ,Travel Agency,Vietnam
CUST02699,Brenda Armstrong,Corporate,USA
CUST02700,Bà Hạnh Mai,VIP,Vietnam
CUST02701,佘刚,Individual,China
CUST02702,杨丽丽,Individual,China
CUST02703,Bà An Nguyễn,Travel Agency,Vietnam
CUST02704,Hà Hoàng Bùi,VIP,Vietnam
CUST02705,Chị Dương Vũ,VIP,Vietnam
CUST02706,Cô Ngọc Phạm,Travel Agency,Vietnam
CUST02707,Ing. Abdul Lehmann,Corporate,Germany
CUST02708,Quý cô Nhật Hoàng,VIP,Vietnam
CUST02709,Bảo Lê,Individual,Vietnam
CUST02710,Dipl.-Ing. Baldur Weitzel B.Sc.,Individual,Germany
CUST02711,Chị Lâm Nguyễn,Corporate,Vietnam
CUST02712,Quang Đức Phạm,Travel Agency,Vietnam
CUST02713,Madison Curtis MD,Travel Agency,Australia
CUST02714,Catherine Martineau,Corporate,France
CUST02715,佐々木 加奈,Corporate,Japan
CUST02716,Bà Hải Trần,Corporate,Vietnam
CUST02717,Phương Bùi,Corporate,Vietnam
CUST02718,吴桂花,Corporate,China
CUST02719,An Xuân Trần,Travel Agency,Vietnam
CUST02720,Chị Bảo Dương,VIP,Vietnam
CUST02721,Tú Vũ,VIP,Vietnam
CUST02722,Bảo Trí Vũ,Travel Agency,Vietnam
CUST02723,Bảo Bùi,VIP,Vietnam
CUST02724,井上 英樹,Travel Agency,Japan
CUST02725,Nhật Tấn Bùi,Individual,Vietnam
CUST02726,Lâm Dương,Individual,Vietnam
CUST02727,Vân Bùi,VIP,Vietnam
CUST02728,Dũng Bùi,Travel Agency,Vietnam
CUST02729,Nadine Adler,Corporate,Germany
CUST02730,고수민,Individual,Korea
CUST02731,Bà Hương Đặng,Corporate,Vietnam
CUST02732,Ánh Bùi,Individual,Vietnam
CUST02733,Hanspeter Karz,Corporate,Germany
CUST02734,Tú Hoàng,Corporate,Vietnam
CUST02735,Hà Mai Bảo Lê,VIP,Vietnam
CUST02736,Cô Thảo Phạm,Corporate,Vietnam
CUST02737,Bảo Đức Dương,Travel Agency,Vietnam
CUST02738,Huy Hoàng Nguyễn,Corporate,Vietnam
CUST02739,Bà Ngọc Nguyễn,Corporate,Vietnam
CUST02740,Zehra Peukert,VIP,Germany
CUST02741,Hoàng Trần,Travel Agency,Vietnam
CUST02742,Duyên Trần,Travel Agency,Vietnam
CUST02743,Nam Dương,Individual,Vietnam
CUST02744,김준호,Individual,Korea
CUST02745,Quý cô Khoa Bùi,Individual,Vietnam
CUST02746,Ngọc Đặng,VIP,Vietnam
CUST02747,Steven Harvey DDS,Corporate,Australia
CUST02748,Quý cô Lâm Phạm,Travel Agency,Vietnam
CUST02749,Bà Kim Hoàng,VIP,Vietnam
CUST02750,Anh Quang Trần,Individual,Vietnam
CUST02751,Anh Thành Bùi,Corporate,Vietnam
CUST02752,이영희,Travel Agency,Korea
CUST02753,Bà Ánh Dương,Corporate,Vietnam
CUST02754,Quý ông Thành Hoàng,VIP,Vietnam
CUST02755,Chi Trần,Individual,Vietnam
CUST02756,Quý cô Hà Bùi,Corporate,Vietnam
CUST02757,Phương Trí Bùi,VIP,Vietnam
CUST02758,Khoa Tấn Đặng,Individual,Vietnam
CUST02759,王洁,Travel Agency,China
CUST02760,Bảo Bùi,Travel Agency,Vietnam
CUST02761,Thành Phú Phạm,Corporate,Vietnam
CUST02762,Thomas Jennings,VIP,UK
CUST02763,佐藤 あすか,Corporate,Japan
CUST02764,Bryce Delacruz,Travel Agency,Australia
CUST02765,Dũng Quang Vũ,Individual,Vietnam
CUST02766,Duyên Hoàng,VIP,Vietnam
CUST02767,Anh Hưng Vũ,Corporate,Vietnam
CUST02768,Chị Thành Phạm,VIP,Vietnam
CUST02769,李勇,Individual,China
CUST02770,Cô Lan Lê,Corporate,Vietnam
CUST02771,Ông Anh Hoàng,Individual,Vietnam
CUST02772,Tùng Quang Bùi,Individual,Vietnam
CUST02773,Quang Lê,Individual,Vietnam
CUST02774,Nam Thị Bùi,Travel Agency,Vietnam
CUST02775,斎藤 京助,Travel Agency,Japan
CUST02776,이정남,Travel Agency,Korea
CUST02777,John Morgan,Travel Agency,Australia
CUST02778,Chị Khoa Nguyễn,Travel Agency,Vietnam
CUST02779,Udo Neuschäfer B.Eng.,Individual,Germany
CUST02780,Dũng Mai,VIP,Vietnam
CUST02781,Kim Hoàng Mai,VIP,Vietnam
CUST02782,Bà Thảo Bùi,Corporate,Vietnam
CUST02783,Chị Linh Mai,Travel Agency,Vietnam
CUST02784,Vi Phạm,Individual,Vietnam
CUST02785,양정식,Corporate,Korea
CUST02786,田中 香織,Travel Agency,Japan
CUST02787,Nam Vũ,Corporate,Vietnam
CUST02788,韩桂英,Travel Agency,China
CUST02789,Khoa Mai,VIP,Vietnam
CUST02790,Chi Hoàng,Individual,Vietnam
CUST02791,박정식,VIP,Korea
CUST02792,Bác Minh Dương,Corporate,Vietnam
CUST02793,Bà Nhật Hoàng,Corporate,Vietnam
CUST02794,Minh Bùi,Corporate,Vietnam
CUST02795,Nam Hoàng Lê,VIP,Vietnam
CUST02796,Yến Đặng,Corporate,Vietnam
CUST02797,Scott Mckay,Individual,USA
CUST02798,Bác Quang Bùi,VIP,Vietnam
CUST02799,Justin Farley,Travel Agency,USA
CUST02800,Gregory Evans,Travel Agency,Australia
CUST02801,Khoa Bảo Nguyễn,VIP,Vietnam
CUST02802,Nhiên Mai Bảo Vũ,Corporate,Vietnam
CUST02803,Chị Thành Mai,VIP,Vietnam
CUST02804,Hương Vũ,Travel Agency,Vietnam
CUST02805,Phương Mai Bảo Bùi,Travel Agency,Vietnam
CUST02806,Nhật Đặng,Corporate,Vietnam
CUST02807,Vi Vũ,VIP,Vietnam
CUST02808,Univ.Prof. Sybilla Hettner,Corporate,Germany
CUST02809,Quý ông Dũng Vũ,VIP,Vietnam
CUST02810,Trung Tấn Hoàng,Individual,Vietnam
CUST02811,Shane Jenkins,VIP,UK
CUST02812,An Tấn Nguyễn,VIP,Vietnam
CUST02813,Sébastien Alexandre,Individual,France
CUST02814,Mr Barry O'Brien,Corporate,UK
CUST02815,허영숙,Individual,Korea
CUST02816,Yến Dương,Corporate,Vietnam
CUST02817,Trung Thị Bùi,Corporate,Vietnam
CUST02818,Anh Nhiên Mai,Individual,Vietnam
CUST02819,Bảo Mai,Travel Agency,Vietnam
CUST02820,Minh Mai Bùi,Individual,Vietnam
CUST02821,Christiane Schmitt,Corporate,France
CUST02822,Brian Carr,VIP,USA
CUST02823,Bà Thành Hoàng,VIP,Vietnam
CUST02824,Chị Kim Dương,Individual,Vietnam
CUST02825,松本 春香,Travel Agency,Japan
CUST02826,Bà Vi Lê,Individual,Vietnam
CUST02827,Amy Campbell,Travel Agency,Australia
CUST02828,Hà Dương,Individual,Vietnam
CUST02829,Brian Townsend,Travel Agency,USA
CUST02830,Bác Hưng Phạm,Corporate,Vietnam
CUST02831,张桂珍,VIP,China
CUST02832,Prof. Hilma Niemeier,Individual,Germany
CUST02833,Tú Hoàng,Individual,Vietnam
CUST02834,Phúc Quang Mai,VIP,Vietnam
CUST02835,Vũ Hoàng,Individual,Vietnam
CUST02836,Quý ông Trọng Trần,VIP,Vietnam
CUST02837,Trung Đặng,VIP,Vietnam
CUST02838,Nhật Thị Dương,VIP,Vietnam
CUST02839,Lâm Hoàng Hoàng,Individual,Vietnam
CUST02840,Quý cô Ánh Phạm,VIP,Vietnam
CUST02841,Bảo Trần,Travel Agency,Vietnam
CUST02842,松本 亮介,VIP,Japan
CUST02843,Benno Holzapfel,Individual,Germany
CUST02844,Bác Quang Phạm,Corporate,Vietnam
CUST02845,Phương Bùi,Individual,Vietnam
CUST02846,Thành Hải Nguyễn,VIP,Vietnam
CUST02847,Quang Đặng,VIP,Vietnam
CUST02848,Ekaterina Hänel,Corporate,Germany
CUST02849,Ông Tùng Nguyễn,Travel Agency,Vietnam
CUST02850,Vân Vũ,Corporate,Vietnam
CUST02851,Phúc Hữu Phạm,Individual,Vietnam
CUST02852,Hoàng Xuân Lê,VIP,Vietnam
CUST02853,Kelsey Ramirez,Corporate,Australia
CUST02854,Vũ Mai Bảo Vũ,Individual,Vietnam
CUST02855,Xavier Blanc,Corporate,France
CUST02856,Anh Nam Mai,Individual,Vietnam
CUST02857,An Phú Nguyễn,VIP,Vietnam
CUST02858,Nhật Đức Hoàng,Travel Agency,Vietnam
CUST02859,Sean Taylor,VIP,UK
CUST02860,Noël Costa,Corporate,France
CUST02861,Anh Nam Phạm,VIP,Vietnam
CUST02862,Khoa Phú Đặng,Individual,Vietnam
CUST02863,Huy Hải Trần,Individual,Vietnam
CUST02864,Nhiên Thị Phạm,Corporate,Vietnam
CUST02865,Dipl.-Ing. Miroslawa Löffler,Individual,Germany
CUST02866,Bà Ánh Vũ,Corporate,Vietnam
CUST02867,Bảo Hải Lê,Corporate,Vietnam
CUST02868,Thành Xuân Lê,Travel Agency,Vietnam
CUST02869,Phúc Quang Trần,Travel Agency,Vietnam
CUST02870,Chị Bảo Bùi,VIP,Vietnam
CUST02871,Bác Nhiên Đặng,Individual,Vietnam
CUST02872,Michael Shields MD,Corporate,USA
CUST02873,Cô Hà Trần,Travel Agency,Vietnam
CUST02874,Cô Linh Trần,Corporate,Vietnam
CUST02875,Minh Mai Bảo Vũ,Individual,Vietnam
CUST02876,Lâm Lê,VIP,Vietnam
CUST02877,Prof. Knut Tlustek,Travel Agency,Germany
CUST02878,Chị An Nguyễn,Individual,Vietnam
CUST02879,Bà Hương Bùi,Travel Agency,Vietnam
CUST02880,Anh Hưng Dương,Travel Agency,Vietnam
CUST02881,Quý cô Thành Phạm,VIP,Vietnam
CUST02882,Quý cô Hạnh Đặng,VIP,Vietnam
CUST02883,Khoa Hoàng,Travel Agency,Vietnam
CUST02884,刘岩,Travel Agency,China
CUST02885,Bà Lâm Mai,Corporate,Vietnam
CUST02886,Ông Quang Đặng,Corporate,Vietnam
CUST02887,Carmela Mühle,Corporate,Germany
CUST02888,Hà Lê,Travel Agency,Vietnam
CUST02889,An Dương,VIP,Vietnam
CUST02890,Bà Nhật Mai,Travel Agency,Vietnam
CUST02891,Thành Phú Dương,VIP,Vietnam
CUST02892,Hoàng Nguyễn,VIP,Vietnam
CUST02893,Hương Mai,Travel Agency,Vietnam
CUST02894,Tùng Quang Hoàng,VIP,Vietnam
CUST02895,Trung Thị Nguyễn,Travel Agency,Vietnam
CUST02896,Bác Minh Nguyễn,Corporate,Vietnam
CUST02897,Linh Mai,VIP,Vietnam
CUST02898,易文,Travel Agency,China
CUST02899,Brandi Harris,Travel Agency,USA
CUST02900,Huy Phạm,Individual,Vietnam
CUST02901,Robert Lecoq,VIP,France
CUST02902,이정희,VIP,Korea
CUST02903,後藤 陽一,VIP,Japan
CUST02904,Arnaude de la Berger,Travel Agency,France
CUST02905,Peter Kemp,Corporate,UK
CUST02906,Nhật Thế Hoàng,Individual,Vietnam
CUST02907,Mai Phạm,Corporate,Vietnam
CUST02908,Quý cô Nhật Mai,Corporate,Vietnam
CUST02909,蒋凤兰,Corporate,China
CUST02910,Quang Đức Lê,Corporate,Vietnam
CUST02911,Hải Trí Mai,Travel Agency,Vietnam
CUST02912,Quang Mai,Corporate,Vietnam
CUST02913,Roger Moreau,VIP,France
CUST02914,Jessica Carter,Individual,USA
CUST02915,William Grondin,Travel Agency,France
CUST02916,Tú Nguyễn,Corporate,Vietnam
CUST02917,이은주,Travel Agency,Korea
CUST02918,Hà Quang Nguyễn,VIP,Vietnam
CUST02919,Anh Châu Mai,Individual,Vietnam
CUST02920,山口 健一,VIP,Japan
CUST02921,Jessica Jones,Travel Agency,Australia
CUST02922,Phúc Dương,Individual,Vietnam
CUST02923,Ngọc Đặng,VIP,Vietnam
CUST02924,Bảo Bùi,Individual,Vietnam
CUST02925,Quý ông Dũng Nguyễn,Individual,Vietnam
CUST02926,Thành Phạm,Travel Agency,Vietnam
CUST02927,Quý cô Ngọc Dương,Individual,Vietnam
CUST02928,Anh Tú Lê,Individual,Vietnam
CUST02929,Trọng Nguyễn,Individual,Vietnam
CUST02930,Jacob Carter,VIP,UK
CUST02931,Quý cô Nhật Lê,Travel Agency,Vietnam
CUST02932,Khoa Quang Nguyễn,Corporate,Vietnam
CUST02933,Kim Bảo Hoàng,VIP,Vietnam
CUST02934,Jeffrey Patel,Travel Agency,UK
CUST02935,Huy Mai Bảo Lê,VIP,Vietnam
CUST02936,Chị Hương Vũ,Corporate,Vietnam
CUST02937,Thảo Phạm,Travel Agency,Vietnam
CUST02938,Chị Yến Mai,Corporate,Vietnam
CUST02939,Hà Trí Mai,Individual,Vietnam
CUST02940,Phương Phạm,Corporate,Vietnam
CUST02941,Hương Bùi,VIP,Vietnam
CUST02942,Ông Nam Bùi,Corporate,Vietnam
CUST02943,Vũ Dương,VIP,Vietnam
CUST02944,Bảo Đặng,VIP,Vietnam
CUST02945,加藤 淳,VIP,Japan
CUST02946,Ông Tùng Hoàng,Travel Agency,Vietnam
CUST02947,Nhiên Trần,Individual,Vietnam
CUST02948,Khoa Nguyễn,Corporate,Vietnam
CUST02949,Bảo Bảo Hoàng,VIP,Vietnam
CUST02950,Ngọc Phạm,Travel Agency,Vietnam
CUST02951,Thomas Shah,Individual,UK
CUST02952,Jennifer Abbott,Travel Agency,Australia
CUST02953,Iris Kitzmann B.Sc.,Individual,Germany
CUST02954,Quý cô Hà Dương,Travel Agency,Vietnam
CUST02955,Anh Thành Đặng,Individual,Vietnam
CUST02956,Kläre Täsche,Travel Agency,Germany
CUST02957,Anouk de la Bertrand,VIP,France
CUST02958,Juliette Chauvin,Travel Agency,France
CUST02959,Quý cô Khoa Nguyễn,VIP,Vietnam
CUST02960,张桂香,Travel Agency,China
CUST02961,Mai Dương,Corporate,Vietnam
CUST02962,Hương Trần,Travel Agency,Vietnam
CUST02963,Nhật Mai,Travel Agency,Vietnam
CUST02964,Trọng Mai Phạm,Travel Agency,Vietnam
CUST02965,Chị Kim Trần,VIP,Vietnam
CUST02966,Thành Bảo Trần,Travel Agency,Vietnam
CUST02967,David Evrard,VIP,France
CUST02968,Hải Mai Bảo Hoàng,VIP,Vietnam
CUST02969,Khoa Nguyễn,VIP,Vietnam
CUST02970,An Đặng,Corporate,Vietnam
CUST02971,Nhật Trí Phạm,Individual,Vietnam
CUST02972,Ngọc Bùi,VIP,Vietnam
CUST02973,Ông Anh Trần,Travel Agency,Vietnam
CUST02974,Mai Dương,Travel Agency,Vietnam
CUST02975,Nikolaus Keudel,Corporate,Germany
CUST02976,Nam Xuân Hoàng,Travel Agency,Vietnam
CUST02977,Quý cô Phương Hoàng,Travel Agency,Vietnam
CUST02978,Alexandre Barre,Corporate,France
CUST02979,John Moore,Individual,UK
CUST02980,Hưng Lê,Individual,Vietnam
CUST02981,Vũ Nguyễn,Corporate,Vietnam
CUST02982,Maureen Allen,Travel Agency,UK
CUST02983,Philip Holloway,Individual,UK
CUST02984,Trọng Tấn Phạm,VIP,Vietnam
CUST02985,Khoa Phạm,VIP,Vietnam
CUST02986,Julia Hughes,Travel Agency,UK
CUST02987,Cô Xuân Dương,Travel Agency,Vietnam
CUST02988,Quang Thị Đặng,Corporate,Vietnam
CUST02989,김명숙,VIP,Korea
CUST02990,Nicolas David de Pichon,Corporate,France
CUST02991,Cô An Vũ,Travel Agency,Vietnam
CUST02992,Chị Hạnh Lê,Travel Agency,Vietnam
CUST02993,Chị Lâm Nguyễn,VIP,Vietnam
CUST02994,Dương Vũ,Corporate,Vietnam
CUST02995,Dũng Đức Phạm,VIP,Vietnam
CUST02996,Hải Phạm,VIP,Vietnam
CUST02997,Anh Mai,VIP,Vietnam
CUST02998,Quang Bảo Mai,Corporate,Vietnam
CUST02999,Martine Faure,Corporate,France
CUST03000,Lâm Dương,Individual,Vietnam
CUST03001,Vi Vũ,Travel Agency,Vietnam
CUST03002,Hạnh Tấn Nguyễn,VIP,Vietnam
CUST03003,Nhật Bùi,Corporate,Vietnam
CUST03004,Ông Huy Bùi,Individual,Vietnam
CUST03005,Kim Đức Lê,Individual,Vietnam
CUST03006,Leonardo Gröttner B.Sc.,Individual,Germany
CUST03007,苗瑞,VIP,China
CUST03008,Dương Mai,Travel Agency,Vietnam
CUST03009,Antoinette Berger-Étienne,Travel Agency,France
CUST03010,박정숙,Travel Agency,Korea
CUST03011,Cô Ánh Vũ,Individual,Vietnam
CUST03012,Trung Hoàng Phạm,Corporate,Vietnam
CUST03013,Yves Blondel,VIP,France
CUST03014,Ánh Đặng,Corporate,Vietnam
CUST03015,Ông Quang Hoàng,Travel Agency,Vietnam
CUST03016,Chị Mai Lê,VIP,Vietnam
CUST03017,Kim Bùi,Travel Agency,Vietnam
CUST03018,Nam Mai,Corporate,Vietnam
CUST03019,Amanda Farmer,Individual,USA
CUST03020,Châu Hải Trần,VIP,Vietnam
CUST03021,Joseph Maillard,Travel Agency,France
CUST03022,Ricardo Tucker,VIP,USA
CUST03023,Tú Hoàng,VIP,Vietnam
CUST03024,Thảo Vũ,VIP,Vietnam
CUST03025,周超,Travel Agency,China
CUST03026,Yến Hoàng,Travel Agency,Vietnam
CUST03027,Bác Vũ Trần,VIP,Vietnam
CUST03028,Hưng Bùi,Individual,Vietnam
CUST03029,Volker Rogge B.A.,Individual,Germany
CUST03030,Phúc Bùi,Travel Agency,Vietnam
CUST03031,Bà Ánh Trần,Travel Agency,Vietnam
CUST03032,Cô Yến Dương,VIP,Vietnam
CUST03033,Cô Ánh Mai,Corporate,Vietnam
CUST03034,Bác Vũ Hoàng,Individual,Vietnam
CUST03035,任玉梅,VIP,China
CUST03036,Anh Vũ,Individual,Vietnam
CUST03037,Vũ Xuân Mai,Individual,Vietnam
CUST03038,Richard Lawrence,Individual,Australia
CUST03039,Samuel Kirby,VIP,USA
CUST03040,Trung Vũ,VIP,Vietnam
CUST03041,Minh Đặng,Travel Agency,Vietnam
CUST03042,Nhật Trí Lê,Travel Agency,Vietnam
CUST03043,Margaret Morgan,Individual,UK
CUST03044,Valérie Lucas,Individual,France
CUST03045,Paula Bailey,VIP,UK
CUST03046,山下 里佳,Corporate,Japan
CUST03047,蒲坤,Travel Agency,China
CUST03048,Hạnh Hải Lê,Travel Agency,Vietnam
CUST03049,Linh Lê,VIP,Vietnam
CUST03050,Xuân Vũ,Individual,Vietnam
CUST03051,Hà Hoàng,Travel Agency,Vietnam
CUST03052,Anh Trọng Lê,Corporate,Vietnam
CUST03053,Lâm Dương,Travel Agency,Vietnam
CUST03054,Khoa Nguyễn,Corporate,Vietnam
CUST03055,Quý cô Thảo Mai,Corporate,Vietnam
CUST03056,Cô Thành Đặng,Individual,Vietnam
CUST03057,李东,Individual,China
CUST03058,Quý cô Nhật Dương,Corporate,Vietnam
CUST03059,高橋 直樹,VIP,Japan
CUST03060,Trung Hoàng,Corporate,Vietnam
CUST03061,Quý ông Tú Lê,Travel Agency,Vietnam
CUST03062,Ashley Harris,Travel Agency,Australia
CUST03063,Cô Hồng Dương,VIP,Vietnam
CUST03064,Christophe Dias,Travel Agency,France
CUST03065,Bảo Mai,Corporate,Vietnam
CUST03066,Châu Hoàng Trần,Corporate,Vietnam
CUST03067,Ông Minh Mai,VIP,Vietnam
CUST03068,Kim Mai,Corporate,Vietnam
CUST03069,Trung Mai,Travel Agency,Vietnam
CUST03070,黎志强,VIP,China
CUST03071,Chị Mai Đặng,Travel Agency,Vietnam
CUST03072,Olivie Mace,Corporate,France
CUST03073,Minh Dương,Corporate,Vietnam
CUST03074,Quý cô Lâm Nguyễn,Corporate,Vietnam
CUST03075,Hà Hoàng Nguyễn,VIP,Vietnam
CUST03076,Cô Hạnh Bùi,Corporate,Vietnam
CUST03077,Claudia Sontag,VIP,Germany
CUST03078,Huy Mai Bảo Mai,Individual,Vietnam
CUST03079,Vi Vũ,Corporate,Vietnam
CUST03080,Quang Vũ,Corporate,Vietnam
CUST03081,Aaron Henry,VIP,USA
CUST03082,Vi Đặng,Corporate,Vietnam
CUST03083,Cô Duyên Mai,Individual,Vietnam
CUST03084,Nhật Mai Lê,Corporate,Vietnam
CUST03085,高橋 明美,VIP,Japan
CUST03086,Thibault Fouquet,Corporate,France
CUST03087,前田 七夏,Corporate,Japan
CUST03088,Chị Ngọc Nguyễn,VIP,Vietnam
CUST03089,Quý cô Thành Phạm,VIP,Vietnam
CUST03090,Hoàng Thị Dương,VIP,Vietnam
CUST03091,Nhiên Nguyễn,Individual,Vietnam
CUST03092,Kim Bảo Phạm,Individual,Vietnam
CUST03093,Phúc Mai Hoàng,Corporate,Vietnam
CUST03094,Thành Nguyễn,VIP,Vietnam
CUST03095,Bác Nhiên Mai,Individual,Vietnam
CUST03096,Ông Trọng Dương,Individual,Vietnam
CUST03097,Lisa Garcia,Corporate,Australia
CUST03098,Kim Đặng,Corporate,Vietnam
CUST03099,Chị Nhật Bùi,Travel Agency,Vietnam
CUST03100,Minh Quang Hoàng,Corporate,Vietnam
CUST03101,An Mai Lê,Corporate,Vietnam
CUST03102,夏秀云,Travel Agency,China
CUST03103,Cô Kim Hoàng,VIP,Vietnam
CUST03104,吴丽华,Travel Agency,China
CUST03105,Khoa Bùi,VIP,Vietnam
CUST03106,Phương Trí Vũ,Corporate,Vietnam
CUST03107,Bảo Hữu Bùi,Travel Agency,Vietnam
CUST03108,Dương Bùi,Corporate,Vietnam
CUST03109,Cô Kim Lê,Individual,Vietnam
CUST03110,Cô Nhật Lê,Individual,Vietnam
CUST03111,Lan Trần,Corporate,Vietnam
CUST03112,Anh Trọng Bùi,Travel Agency,Vietnam
CUST03113,Thành Phú Dương,Corporate,Vietnam
CUST03114,Bà Vân Hoàng,Corporate,Vietnam
CUST03115,Lâm Thị Dương,VIP,Vietnam
CUST03116,Hồng Hoàng,VIP,Vietnam
CUST03117,Dương Dương,VIP,Vietnam
CUST03118,Ông Trung Vũ,Individual,Vietnam
CUST03119,李莉,Travel Agency,China
CUST03120,Joseph Galloway,Individual,USA
CUST03121,Cô Yến Dương,Corporate,Vietnam
CUST03122,Xuân Nguyễn,VIP,Vietnam
CUST03123,Bà Xuân Hoàng,Individual,Vietnam
CUST03124,Dũng Văn Hoàng,Individual,Vietnam
CUST03125,Nhật Hoàng,Individual,Vietnam
CUST03126,Ánh Dương,VIP,Vietnam
CUST03127,Graeme Bell,Corporate,UK
CUST03128,Hà Dương,Travel Agency,Vietnam
CUST03129,Michelle Morris,VIP,Australia
CUST03130,Marie Lenoir,Individual,France
CUST03131,Thảo Phạm,Individual,Vietnam
CUST03132,刘桂荣,Corporate,China
CUST03133,岡田 幹,Travel Agency,Japan
CUST03134,Quý cô Dương Bùi,VIP,Vietnam
CUST03135,Cô An Bùi,Corporate,Vietnam
CUST03136,Hà Bùi,Travel Agency,Vietnam
CUST03137,近藤 翼,VIP,Japan
CUST03138,Bryan Jones-Hayes,Individual,UK
CUST03139,Bà Nhật Hoàng,Corporate,Vietnam
CUST03140,Bà Nhật Vũ,Individual,Vietnam
CUST03141,Linh Phạm,VIP,Vietnam
CUST03142,Hải Mai,VIP,Vietnam
CUST03143,Ánh Trần,Corporate,Vietnam
CUST03144,An Hải Trần,Corporate,Vietnam
CUST03145,Megan Peterson,Travel Agency,USA
CUST03146,김도현,Individual,Korea
CUST03147,Bà Ngọc Đặng,VIP,Vietnam
CUST03148,Bảo Đức Đặng,VIP,Vietnam
CUST03149,Bác Khoa Trần,Individual,Vietnam
CUST03150,Nhật Tấn Đặng,Individual,Vietnam
CUST03151,Bảo Dương,Corporate,Vietnam
CUST03152,藤田 舞,VIP,Japan
CUST03153,杨秀珍,Individual,China
CUST03154,Kim Nguyễn,Travel Agency,Vietnam
CUST03155,Anh Nam Trần,Travel Agency,Vietnam
CUST03156,Thành Bùi,Individual,Vietnam
CUST03157,Chị Lan Bùi,VIP,Vietnam
CUST03158,刘欢,Individual,China
CUST03159,Hoàng Nguyễn,Corporate,Vietnam
CUST03160,Vũ Phạm,Corporate,Vietnam
CUST03161,阮阳,Individual,China
CUST03162,Trung Bùi,VIP,Vietnam
CUST03163,Thành Đặng,VIP,Vietnam
CUST03164,Paulette-Chantal Couturier,VIP,France
CUST03165,Khoa Đặng,VIP,Vietnam
CUST03166,Marcus Palmer,Individual,USA
CUST03167,Hà Mai,Corporate,Vietnam
CUST03168,松本 拓真,Travel Agency,Japan
CUST03169,Nhật Tấn Vũ,Individual,Vietnam
CUST03170,Quý cô Lan Nguyễn,Individual,Vietnam
CUST03171,Chị Hồng Dương,Corporate,Vietnam
CUST03172,Dương Đặng,Individual,Vietnam
CUST03173,渡辺 直樹,Travel Agency,Japan
CUST03174,James Trevino,Individual,Australia
CUST03175,이예지,Travel Agency,Korea
CUST03176,Chị Vi Mai,VIP,Vietnam
CUST03177,Melissa Adams,Corporate,USA
CUST03178,An Dương,Individual,Vietnam
CUST03179,Châu Văn Lê,VIP,Vietnam
CUST03180,Hoàng Hữu Bùi,Individual,Vietnam
CUST03181,Ông Nam Trần,Corporate,Vietnam
CUST03182,Anh Tú Lê,Corporate,Vietnam
CUST03183,Univ.Prof. Fatih Scholtz B.Sc.,Travel Agency,Germany
CUST03184,Trung Văn Lê,Individual,Vietnam
CUST03185,Quang Dương,VIP,Vietnam
CUST03186,Ian Akhtar,Individual,UK
CUST03187,이혜진,Travel Agency,Korea
CUST03188,Bác Hoàng Đặng,Corporate,Vietnam
CUST03189,Thành Bùi,Corporate,Vietnam
CUST03190,Louise-Clémence Girard,Corporate,France
CUST03191,Nhật Mai Bảo Đặng,VIP,Vietnam
CUST03192,이영진,Individual,Korea
CUST03193,Hoàng Bùi,Individual,Vietnam
CUST03194,Quý cô Hạnh Hoàng,VIP,Vietnam
CUST03195,Lance Richards,Travel Agency,Australia
CUST03196,Trọng Hoàng,VIP,Vietnam
CUST03197,Kim Hoàng,Corporate,Vietnam
CUST03198,Dũng Hoàng Dương,Travel Agency,Vietnam
CUST03199,Thành Lê,Corporate,Vietnam
CUST03200,Châu Phú Đặng,VIP,Vietnam
CUST03201,안민석,VIP,Korea
CUST03202,임진호,Corporate,Korea
CUST03203,Bà Bảo Trần,VIP,Vietnam
CUST03204,Bác Tùng Trần,Travel Agency,Vietnam
CUST03205,Quý ông Trung Đặng,VIP,Vietnam
CUST03206,Tú Mai,Corporate,Vietnam
CUST03207,Tammy Phillips,Individual,USA
CUST03208,Meagan Gay MD,VIP,USA
CUST03209,Hải Hoàng,Corporate,Vietnam
CUST03210,马瑜,Individual,China
CUST03211,Duyên Lê,Individual,Vietnam
CUST03212,Ông Huy Dương,Corporate,Vietnam
CUST03213,Chi Trần,Travel Agency,Vietnam
CUST03214,Hoàng Mai,Travel Agency,Vietnam
CUST03215,Hồng Bùi,VIP,Vietnam
CUST03216,Quý cô Nhật Lê,Travel Agency,Vietnam
CUST03217,Vi Đặng,VIP,Vietnam
CUST03218,Hồng Lê,Individual,Vietnam
CUST03219,Trung Hoàng,Corporate,Vietnam
CUST03220,周颖,Corporate,China
CUST03221,赵雪梅,Travel Agency,China
CUST03222,John Carter,Travel Agency,USA
CUST03223,Vũ Mai,Individual,Vietnam
CUST03224,Quang Trí Vũ,VIP,Vietnam
CUST03225,Josh Wright,Individual,UK
CUST03226,Bác Dũng Bùi,Travel Agency,Vietnam
CUST03227,殷琴,Travel Agency,China
CUST03228,Bảo Trần,Travel Agency,Vietnam
CUST03229,Phương Trí Phạm,Individual,Vietnam
CUST03230,Bà Duyên Đặng,Travel Agency,Vietnam
CUST03231,Sybille Scholtz,VIP,Germany
CUST03232,Katherine Buckley,Travel Agency,Australia
CUST03233,Hoàng Đặng,VIP,Vietnam
CUST03234,Ngọc Đặng,VIP,Vietnam
CUST03235,Hà Vũ,Travel Agency,Vietnam
CUST03236,Tú Tấn Nguyễn,Travel Agency,Vietnam
CUST03237,Quý cô Nhật Đặng,Travel Agency,Vietnam
CUST03238,An Đức Mai,Individual,Vietnam
CUST03239,Yến Lê,VIP,Vietnam
CUST03240,Ánh Phạm,Travel Agency,Vietnam
CUST03241,Chi Dương,Corporate,Vietnam
CUST03242,Dương Vũ,Travel Agency,Vietnam
CUST03243,Gabriel Leclerc,Travel Agency,France
CUST03244,Bà Vi Dương,VIP,Vietnam
CUST03245,Eva-Marie Anders,Corporate,Germany
CUST03246,Kim Đặng,VIP,Vietnam
CUST03247,井上 花子,Corporate,Japan
CUST03248,Bảo Tấn Phạm,Corporate,Vietnam
CUST03249,Bà Khoa Nguyễn,Individual,Vietnam
CUST03250,Kim Đặng,VIP,Vietnam
CUST03251,Quý cô Hải Dương,VIP,Vietnam
CUST03252,Hạnh Tấn Vũ,VIP,Vietnam
CUST03253,Cô Yến Phạm,VIP,Vietnam
CUST03254,Chị Yến Đặng,Corporate,Vietnam
CUST03255,Shirley Webb,VIP,UK
CUST03256,Linh Đặng,Travel Agency,Vietnam
CUST03257,Ông Huy Nguyễn,VIP,Vietnam
CUST03258,Bác Tùng Dương,Travel Agency,Vietnam
CUST03259,Lâm Tấn Lê,Individual,Vietnam
CUST03260,Hạnh Vũ,Individual,Vietnam
CUST03261,Xuân Mai,Individual,Vietnam
CUST03262,Hà Lê,Individual,Vietnam
CUST03263,Anh Quang Đặng,VIP,Vietnam
CUST03264,Cô Nhật Phạm,VIP,Vietnam
CUST03265,Yến Phạm,Corporate,Vietnam
CUST03266,Brent Mendez,Travel Agency,USA
CUST03267,Xuân Dương,Corporate,Vietnam
CUST03268,Derrick Rhodes,VIP,USA
CUST03269,Mai Phạm,Travel Agency,Vietnam
CUST03270,Ông Anh Lê,Corporate,Vietnam
CUST03271,Quý ông Huy Dương,Corporate,Vietnam
CUST03272,Tùng Dương,Corporate,Vietnam
CUST03273,Angelique Kramer MBA.,Corporate,Germany
CUST03274,Dũng Trần,Travel Agency,Vietnam
CUST03275,森 美加子,Corporate,Japan
CUST03276,Justin Oliver,Individual,USA
CUST03277,Chị Hà Trần,Corporate,Vietnam
CUST03278,Tùng Thị Trần,Travel Agency,Vietnam
CUST03279,Quý cô Ngọc Lê,Corporate,Vietnam
CUST03280,김현주,Travel Agency,Korea
CUST03281,Chị Ánh Nguyễn,VIP,Vietnam
CUST03282,Tú Mai Bảo Hoàng,Travel Agency,Vietnam
CUST03283,Miss Gemma Scott,Corporate,UK
CUST03284,Bác Minh Nguyễn,Individual,Vietnam
CUST03285,Thành Đặng,VIP,Vietnam
CUST03286,Hà Hải Lê,Individual,Vietnam
CUST03287,이정호,Travel Agency,Korea
CUST03288,Chị Hương Vũ,Travel Agency,Vietnam
CUST03289,Roberta Foster,Travel Agency,Australia
CUST03290,Jeremy Nguyen,Individual,USA
CUST03291,Marcel Roger-Rossi,Individual,France
CUST03292,Trung Hoàng,VIP,Vietnam
CUST03293,Dr Darren Jones,Corporate,UK
CUST03294,Bà Ngọc Đặng,Travel Agency,Vietnam
CUST03295,민순옥,Corporate,Korea
CUST03296,Nam Mai Đặng,Individual,Vietnam
CUST03297,Chị Hải Đặng,VIP,Vietnam
CUST03298,Quý ông Thành Dương,Travel Agency,Vietnam
CUST03299,Chị Bảo Bùi,Corporate,Vietnam
CUST03300,Diana Doherty,Corporate,UK
CUST03301,中島 充,Corporate,Japan
CUST03302,Jamie Clayton,Individual,UK
CUST03303,Vi Nguyễn,Individual,Vietnam
CUST03304,Bà Khoa Mai,Individual,Vietnam
CUST03305,Cô Linh Vũ,VIP,Vietnam
CUST03306,Chị Nhật Trần,VIP,Vietnam
CUST03307,Quang Phú Phạm,VIP,Vietnam
CUST03308,张建国,VIP,China
CUST03309,Khoa Dương,VIP,Vietnam
CUST03310,Quý cô Lan Đặng,VIP,Vietnam
CUST03311,Guillaume Deschamps,Corporate,France
CUST03312,서민준,VIP,Korea
CUST03313,Hải Hoàng,VIP,Vietnam
CUST03314,이정숙,Individual,Korea
CUST03315,Phương Đặng,VIP,Vietnam
CUST03316,佐藤 直樹,VIP,Japan
CUST03317,Nhật Dương,VIP,Vietnam
CUST03318,Phương Đức Mai,Individual,Vietnam
CUST03319,吴杨,Corporate,China
CUST03320,Kathy Guzman,Corporate,Australia
CUST03321,Julia Carr,VIP,UK
CUST03322,Kim Dương,VIP,Vietnam
CUST03323,Hồng Lê,Corporate,Vietnam
CUST03324,Dũng Bùi,VIP,Vietnam
CUST03325,遠藤 幹,VIP,Japan
CUST03326,Ánh Vũ,Corporate,Vietnam
CUST03327,Lâm Hữu Đặng,Corporate,Vietnam
CUST03328,Michelle Erickson,Individual,USA
CUST03329,이미경,Travel Agency,Korea
CUST03330,Noël Le Gall,Corporate,France
CUST03331,Anh Quang Dương,Corporate,Vietnam
CUST03332,Cô Hạnh Vũ,Individual,Vietnam
CUST03333,Anh Hoàng Trần,Corporate,Vietnam
CUST03334,Brandy Mack,Travel Agency,Australia
CUST03335,Jeffrey Jones,Travel Agency,UK
CUST03336,Luce Verdier,Travel Agency,France
CUST03337,Steven Seifert,Individual,Germany
CUST03338,Rachael Little,Travel Agency,UK
CUST03339,Quý cô Mai Mai,Corporate,Vietnam
CUST03340,Bác Khoa Lê,Corporate,Vietnam
CUST03341,Nam Mai Lê,Individual,Vietnam
CUST03342,Bà Hải Đặng,VIP,Vietnam
CUST03343,Matthew Murillo,Travel Agency,USA
CUST03344,Chị Ánh Mai,VIP,Vietnam
CUST03345,Quý ông Quang Mai,Individual,Vietnam
CUST03346,박미영,Travel Agency,Korea
CUST03347,Khoa Đức Phạm,Individual,Vietnam
CUST03348,Jason Mitchell-Armstrong,Travel Agency,UK
CUST03349,Hưng Thế Dương,Travel Agency,Vietnam
CUST03350,Xuân Đặng,Individual,Vietnam
CUST03351,Randy Mack,VIP,Australia
CUST03352,Lâm Lê,Individual,Vietnam
CUST03353,Tilo Tintzmann,Corporate,Germany
CUST03354,Vũ Bùi,Individual,Vietnam
CUST03355,山田 淳,Travel Agency,Japan
CUST03356,Bà Ngọc Đặng,Individual,Vietnam
CUST03357,Châu Nguyễn,Corporate,Vietnam
CUST03358,Hải Tấn Dương,Corporate,Vietnam
CUST03359,전영희,Individual,Korea
CUST03360,Quý cô Yến Đặng,Corporate,Vietnam
CUST03361,Vũ Tấn Mai,Corporate,Vietnam
CUST03362,Kim Hải Nguyễn,VIP,Vietnam
CUST03363,Bác Nhiên Phạm,Individual,Vietnam
CUST03364,Quý cô Ngọc Nguyễn,Individual,Vietnam
CUST03365,Vũ Dương,Individual,Vietnam
CUST03366,魏洋,Travel Agency,China
CUST03367,Anh Hưng Bùi,Travel Agency,Vietnam
CUST03368,An Thị Nguyễn,Travel Agency,Vietnam
CUST03369,Phương Văn Phạm,VIP,Vietnam
CUST03370,Hanny Dehmel,Travel Agency,Germany
CUST03371,Lâm Phạm,VIP,Vietnam
CUST03372,Cô Chi Trần,Travel Agency,Vietnam
CUST03373,Duyên Lê,Individual,Vietnam
CUST03374,Thành Mai Hoàng,Individual,Vietnam
CUST03375,Hà Bùi,Individual,Vietnam
CUST03376,Dương Nguyễn,VIP,Vietnam
CUST03377,Bà Yến Phạm,VIP,Vietnam
CUST03378,斎藤 花子,Individual,Japan
CUST03379,Quang Đặng,Individual,Vietnam
CUST03380,吴玉梅,Travel Agency,China
CUST03381,Chị Kim Đặng,Corporate,Vietnam
CUST03382,Dương Phạm,Travel Agency,Vietnam
CUST03383,Hồng Dương,Corporate,Vietnam
CUST03384,Arthur Prévost,VIP,France
CUST03385,鈴木 直子,Individual,Japan
CUST03386,Tú Phạm,VIP,Vietnam
CUST03387,Quang Đức Trần,VIP,Vietnam
CUST03388,Margot Vincent,Travel Agency,France
CUST03389,Vi Dương,Corporate,Vietnam
CUST03390,Nhật Mai,Corporate,Vietnam
CUST03391,Chị Khoa Lê,Travel Agency,Vietnam
CUST03392,Timothée Lesage,Travel Agency,France
CUST03393,Nhật Thế Hoàng,Corporate,Vietnam
CUST03394,Hạnh Quang Hoàng,Travel Agency,Vietnam
CUST03395,Quý cô Lan Hoàng,VIP,Vietnam
CUST03396,Lâm Thế Bùi,Travel Agency,Vietnam
CUST03397,Anh Nam Hoàng,Travel Agency,Vietnam
CUST03398,Nam Mai,Corporate,Vietnam
CUST03399,Dũng Hữu Dương,Travel Agency,Vietnam
CUST03400,Châu Bùi,Travel Agency,Vietnam
CUST03401,Phương Lê,Travel Agency,Vietnam
CUST03402,김상현,Individual,Korea
CUST03403,Huy Lê,Individual,Vietnam
CUST03404,Quý cô Dương Đặng,Individual,Vietnam
CUST03405,Dr. Hans-Detlef Säuberlich B.A.,Individual,Germany
CUST03406,Hương Phạm,Travel Agency,Vietnam
CUST03407,余勇,Corporate,China
CUST03408,Minh Vũ,Corporate,Vietnam
CUST03409,임미영,Travel Agency,Korea
CUST03410,조민지,Travel Agency,Korea
CUST03411,Hạnh Dương,Corporate,Vietnam
CUST03412,Chị Xuân Đặng,Travel Agency,Vietnam
CUST03413,David Leclercq,Corporate,France
CUST03414,遠藤 真綾,VIP,Japan
CUST03415,Henriette Barbier,Individual,France
CUST03416,Adrienne Poirier,VIP,France
CUST03417,Thành Hoàng Nguyễn,Individual,Vietnam
CUST03418,Dũng Đặng,Corporate,Vietnam
CUST03419,Vũ Văn Phạm,VIP,Vietnam
CUST03420,Bà Ngọc Trần,VIP,Vietnam
CUST03421,Bà Vân Đặng,Corporate,Vietnam
CUST03422,佐藤 七夏,VIP,Japan
CUST03423,Mark Owens,VIP,USA
CUST03424,Hồng Lê,VIP,Vietnam
CUST03425,Quý cô Xuân Mai,Travel Agency,Vietnam
CUST03426,Bà Hải Trần,Corporate,Vietnam
CUST03427,Tú Bùi,Travel Agency,Vietnam
CUST03428,Jimmy Huynh,Individual,Australia
CUST03429,Univ.Prof. Wally Scheuermann,Corporate,Germany
CUST03430,Quang Mai Bùi,Individual,Vietnam
CUST03431,Lâm Dương,Individual,Vietnam
CUST03432,Bảo Mai,Corporate,Vietnam
CUST03433,Quý cô Hồng Đặng,Travel Agency,Vietnam
CUST03434,Kim Trí Vũ,VIP,Vietnam
CUST03435,Bà Ngọc Dương,Corporate,Vietnam
CUST03436,Ngọc Vũ,Travel Agency,Vietnam
CUST03437,Chị Lâm Phạm,VIP,Vietnam
CUST03438,Quý cô Vân Phạm,VIP,Vietnam
CUST03439,Bác Minh Trần,Travel Agency,Vietnam
CUST03440,Anh Tấn Dương,Individual,Vietnam
CUST03441,이승현,Corporate,Korea
CUST03442,Ann Ross,Individual,USA
CUST03443,Bảo Mai Bảo Mai,Travel Agency,Vietnam
CUST03444,井上 加奈,Corporate,Japan
CUST03445,김지아,VIP,Korea
CUST03446,Ashley Scott,VIP,Australia
CUST03447,Hạnh Phú Dương,Individual,Vietnam
CUST03448,Tú Nguyễn,Individual,Vietnam
CUST03449,Lâm Dương,VIP,Vietnam
CUST03450,Thành Bảo Trần,Travel Agency,Vietnam
CUST03451,松本 七夏,Travel Agency,Japan
CUST03452,Quý cô Vi Phạm,Travel Agency,Vietnam
CUST03453,Vi Mai,VIP,Vietnam
CUST03454,Quý cô Phương Nguyễn,Travel Agency,Vietnam
CUST03455,Tiffany Lowe,Travel Agency,USA
CUST03456,박은지,Travel Agency,Korea
CUST03457,Khoa Trần,Corporate,Vietnam
CUST03458,윤정희,Travel Agency,Korea
CUST03459,Hưng Phú Bùi,VIP,Vietnam
CUST03460,Duyên Dương,Individual,Vietnam
CUST03461,Cô Xuân Bùi,Individual,Vietnam
CUST03462,Bảo Tấn Bùi,Individual,Vietnam
CUST03463,Cô Phương Trần,VIP,Vietnam
CUST03464,Vân Lê,Individual,Vietnam
CUST03465,Bà An Hoàng,Corporate,Vietnam
CUST03466,Quý ông Minh Dương,VIP,Vietnam
CUST03467,Lan Hoàng,Travel Agency,Vietnam
CUST03468,김승민,Individual,Korea
CUST03469,Chị An Dương,Corporate,Vietnam
CUST03470,Vũ Nguyễn,Travel Agency,Vietnam
CUST03471,Chris Harris,VIP,USA
CUST03472,Patrick Maréchal,VIP,France
CUST03473,Hạnh Trí Bùi,Travel Agency,Vietnam
CUST03474,Mai Vũ,Travel Agency,Vietnam
CUST03475,Hà Quang Hoàng,Travel Agency,Vietnam
CUST03476,Michelle Conley,VIP,Australia
CUST03477,小林 康弘,Travel Agency,Japan
CUST03478,Quý ông Minh Lê,Corporate,Vietnam
CUST03479,Anh Vũ Mai,Corporate,Vietnam
CUST03480,Bà Duyên Dương,Corporate,Vietnam
CUST03481,Phương Lê,VIP,Vietnam
CUST03482,Bà Mai Dương,Travel Agency,Vietnam
CUST03483,杨艳,Individual,China
CUST03484,Lori Collins,Individual,USA
CUST03485,Quý cô Bảo Lê,Individual,Vietnam
CUST03486,Bà Nhật Phạm,Individual,Vietnam
CUST03487,Janet Morris-Frost,Corporate,UK
CUST03488,Ông Bảo Dương,Corporate,Vietnam
CUST03489,Nhật Đức Lê,Travel Agency,Vietnam
CUST03490,Quý cô Linh Dương,Individual,Vietnam
CUST03491,Thành Nguyễn,Corporate,Vietnam
CUST03492,Chị Ánh Bùi,Travel Agency,Vietnam
CUST03493,Phúc Mai,Corporate,Vietnam
CUST03494,최춘자,Corporate,Korea
CUST03495,Chị Khoa Phạm,Travel Agency,Vietnam
CUST03496,Hoàng Mai Bảo Hoàng,VIP,Vietnam
CUST03497,Lâm Hoàng,VIP,Vietnam
CUST03498,Quý cô Nhật Nguyễn,Corporate,Vietnam
CUST03499,萧东,VIP,China
CUST03500,Dương Trần,Travel Agency,Vietnam
CUST03501,이명자,Travel Agency,Korea
CUST03502,Tú Hoàng Bùi,Corporate,Vietnam
CUST03503,Hải Dương,Travel Agency,Vietnam
CUST03504,Susan Chang,Individual,Australia
CUST03505,Ông Trung Đặng,Corporate,Vietnam
CUST03506,Quý cô Lan Đặng,Corporate,Vietnam
CUST03507,Thành Nguyễn,VIP,Vietnam
CUST03508,Thành Đức Bùi,VIP,Vietnam
CUST03509,Dương Phạm,Corporate,Vietnam
CUST03510,Chị Lâm Hoàng,VIP,Vietnam
CUST03511,Tùng Phạm,Corporate,Vietnam
CUST03512,Mai Lê,Corporate,Vietnam
CUST03513,Anh Hưng Hoàng,Travel Agency,Vietnam
CUST03514,Andrea Chavez,Individual,USA
CUST03515,고영미,Individual,Korea
CUST03516,Annette Chapman,Corporate,UK
CUST03517,Quý cô Hạnh Phạm,Travel Agency,Vietnam
CUST03518,Bà Vân Hoàng,VIP,Vietnam
CUST03519,Mai Hoàng,VIP,Vietnam
CUST03520,Michelle Ayala,Individual,Australia
CUST03521,Bà Hạnh Đặng,Individual,Vietnam
CUST03522,Hải Thị Phạm,Corporate,Vietnam
CUST03523,Tùng Xuân Trần,Corporate,Vietnam
CUST03524,Christopher Johnston,VIP,USA
CUST03525,Thảo Dương,VIP,Vietnam
CUST03526,Hương Phạm,Individual,Vietnam
CUST03527,Jordan Shepard,Travel Agency,USA
CUST03528,Hạnh Vũ,Travel Agency,Vietnam
CUST03529,Hà Vũ,Individual,Vietnam
CUST03530,Khoa Đặng,VIP,Vietnam
CUST03531,Kim Phạm,Corporate,Vietnam
CUST03532,Maryse Gillet,Travel Agency,France
CUST03533,Trọng Hoàng,Individual,Vietnam
CUST03534,Ông Bảo Lê,Corporate,Vietnam
CUST03535,Roger Buisson,Individual,France
CUST03536,Xuân Vũ,VIP,Vietnam
CUST03537,Dipl.-Ing. Sarina Segebahn B.Sc.,Travel Agency,Germany
CUST03538,Martin Misicher,Travel Agency,Germany
CUST03539,Minh Phạm,Travel Agency,Vietnam
CUST03540,Kayla Mccoy,VIP,USA
CUST03541,渡辺 美加子,Travel Agency,Japan
CUST03542,Claire Hayward-Wilson,Travel Agency,UK
CUST03543,Lâm Mai Dương,Corporate,Vietnam
CUST03544,An Bùi,Travel Agency,Vietnam
CUST03545,张建国,Travel Agency,China
CUST03546,Mark Trapp,Travel Agency,Germany
CUST03547,Nhiên Tấn Mai,VIP,Vietnam
CUST03548,Frau Grazyna Roht,Travel Agency,Germany
CUST03549,Dũng Nguyễn,Corporate,Vietnam
CUST03550,Ashley Hunter,Travel Agency,USA
CUST03551,Debra Johnson,VIP,USA
CUST03552,박예원,Corporate,Korea
CUST03553,Mr Robert Riley,VIP,UK
CUST03554,Vi Mai,Corporate,Vietnam
CUST03555,Margot Gauthier,Travel Agency,France
CUST03556,Ông Tùng Trần,Corporate,Vietnam
CUST03557,Khoa Vũ,VIP,Vietnam
CUST03558,Cô Bảo Hoàng,Travel Agency,Vietnam
CUST03559,Minh Tấn Hoàng,Corporate,Vietnam
CUST03560,Anh Phúc Phạm,Travel Agency,Vietnam
CUST03561,Anh Dũng Dương,Corporate,Vietnam
CUST03562,Emily Nolan,Travel Agency,Australia
CUST03563,鈴木 さゆり,Travel Agency,Japan
CUST03564,Dr Roy Akhtar,Corporate,UK
CUST03565,Vân Vũ,Corporate,Vietnam
CUST03566,Hoàng Hoàng,VIP,Vietnam
CUST03567,Bảo Phạm,Individual,Vietnam
CUST03568,Phúc Bùi,Corporate,Vietnam
CUST03569,Châu Vũ,Travel Agency,Vietnam
CUST03570,田中 裕美子,Individual,Japan
CUST03571,Cô Kim Phạm,Corporate,Vietnam
CUST03572,Bà Khoa Lê,Individual,Vietnam
CUST03573,Eric Beltran,Individual,Australia
CUST03574,傅丽丽,Travel Agency,China
CUST03575,Bảo Đặng,Corporate,Vietnam
CUST03576,Ông Tùng Đặng,Individual,Vietnam
CUST03577,山本 真綾,Travel Agency,Japan
CUST03578,Anh Vũ,Travel Agency,Vietnam
CUST03579,Quý cô An Lê,Individual,Vietnam
CUST03580,Khoa Nguyễn,VIP,Vietnam
CUST03581,Dũng Văn Trần,Travel Agency,Vietnam
CUST03582,Ông Phúc Trần,Corporate,Vietnam
CUST03583,Aurore Launay,VIP,France
CUST03584,Bảo Vũ,Corporate,Vietnam
CUST03585,Quý ông Hoàng Đặng,Corporate,Vietnam
CUST03586,Quý ông Phúc Phạm,Corporate,Vietnam
CUST03587,Quý ông Phúc Phạm,Corporate,Vietnam
CUST03588,Phương Xuân Phạm,Travel Agency,Vietnam
CUST03589,Bảo Phạm,Corporate,Vietnam
CUST03590,Christy Holland,Travel Agency,USA
CUST03591,Bảo Xuân Lê,Individual,Vietnam
CUST03592,Bác Quang Hoàng,Individual,Vietnam
CUST03593,Huy Đức Đặng,Travel Agency,Vietnam
CUST03594,Michael Acosta,Travel Agency,USA
CUST03595,Bà Bảo Nguyễn,Individual,Vietnam
CUST03596,Ông Trọng Bùi,Corporate,Vietnam
CUST03597,김경희,VIP,Korea
CUST03598,Bác Huy Dương,Corporate,Vietnam
CUST03599,Vi Trần,Individual,Vietnam
CUST03600,Phúc Quang Nguyễn,Travel Agency,Vietnam
CUST03601,Hương Trần,Travel Agency,Vietnam
CUST03602,Carla Lopez,Corporate,USA
CUST03603,Hà Lê,Travel Agency,Vietnam
CUST03604,Bác Châu Bùi,Individual,Vietnam
CUST03605,Bác Bảo Trần,Corporate,Vietnam
CUST03606,Quý cô Vân Bùi,Corporate,Vietnam
CUST03607,Mr Sam Oliver,Individual,UK
CUST03608,Vũ Lê,Travel Agency,Vietnam
CUST03609,Abdul Walton,Individual,UK
CUST03610,Hải Đặng,VIP,Vietnam
CUST03611,Trọng Vũ,Travel Agency,Vietnam
CUST03612,Marco Gray,Travel Agency,Australia
CUST03613,Lâm Bảo Hoàng,Individual,Vietnam
CUST03614,Cô Bảo Đặng,VIP,Vietnam
CUST03615,麦强,Travel Agency,China
CUST03616,张秀兰,Travel Agency,China
CUST03617,Alan Evans,Corporate,UK
CUST03618,Trọng Quang Trần,Individual,Vietnam
CUST03619,Bà Nhật Bùi,Individual,Vietnam
CUST03620,Thảo Bùi,Individual,Vietnam
CUST03621,John Hull,Corporate,USA
CUST03622,Xuân Dương,VIP,Vietnam
CUST03623,Anh Nam Trần,Corporate,Vietnam
CUST03624,Vân Đặng,Corporate,Vietnam
CUST03625,Kim Vũ,VIP,Vietnam
CUST03626,Chị Chi Mai,Travel Agency,Vietnam
CUST03627,Diana Allen,VIP,UK
CUST03628,中島 幹,Individual,Japan
CUST03629,Clinton Garcia,Individual,USA
CUST03630,Cô Xuân Hoàng,Travel Agency,Vietnam
CUST03631,Trung Bảo Trần,Corporate,Vietnam
CUST03632,Yvonne Miller-Morris,Corporate,UK
CUST03633,An Phú Đặng,VIP,Vietnam
CUST03634,鈴木 結衣,Travel Agency,Japan
CUST03635,Kim Vũ,Travel Agency,Vietnam
CUST03636,Phương Thị Bùi,VIP,Vietnam
CUST03637,山口 美加子,Individual,Japan
CUST03638,Lan Dương,Individual,Vietnam
CUST03639,Trọng Nguyễn,Corporate,Vietnam
CUST03640,Ông Phúc Dương,VIP,Vietnam
CUST03641,Bà Lâm Mai,Travel Agency,Vietnam
CUST03642,小川 聡太郎,Travel Agency,Japan
CUST03643,Duyên Bùi,Individual,Vietnam
CUST03644,Bác Khoa Dương,Travel Agency,Vietnam
CUST03645,Minh Bảo Mai,Individual,Vietnam
CUST03646,Ngọc Mai,Corporate,Vietnam
CUST03647,Thành Mai,Travel Agency,Vietnam
CUST03648,Trọng Phú Mai,VIP,Vietnam
CUST03649,Tùng Phú Mai,Corporate,Vietnam
CUST03650,Kim Xuân Trần,VIP,Vietnam
CUST03651,Trung Trần,Individual,Vietnam
CUST03652,Cô An Lê,Travel Agency,Vietnam
CUST03653,Dylan Brooks,VIP,Australia
CUST03654,Thảo Trần,Corporate,Vietnam
CUST03655,Minh Hoàng Vũ,Corporate,Vietnam
CUST03656,Lisa Maldonado,VIP,Australia
CUST03657,Jessica Barnes,Individual,USA
CUST03658,Bà Nhật Lê,Individual,Vietnam
CUST03659,Quý ông Khoa Vũ,Corporate,Vietnam
CUST03660,Lâm Hoàng Trần,Individual,Vietnam
CUST03661,Quý ông Hoàng Hoàng,VIP,Vietnam
CUST03662,鈴木 さゆり,Corporate,Japan
CUST03663,Émile Rodriguez-Lopes,Corporate,France
CUST03664,Lâm Bảo Lê,Travel Agency,Vietnam
CUST03665,Hưng Hải Phạm,Corporate,Vietnam
CUST03666,Darryl Olsen,VIP,USA
CUST03667,Bà Kim Đặng,Individual,Vietnam
CUST03668,Quý cô Khoa Trần,Corporate,Vietnam
CUST03669,Dũng Lê,Individual,Vietnam
CUST03670,Quý cô Ngọc Dương,Travel Agency,Vietnam
CUST03671,Khoa Dương,Travel Agency,Vietnam
CUST03672,Brandon Walls,Travel Agency,USA
CUST03673,Cô Ánh Hoàng,VIP,Vietnam
CUST03674,Quý cô Duyên Nguyễn,Travel Agency,Vietnam
CUST03675,Vũ Mai Bảo Bùi,Corporate,Vietnam
CUST03676,Quý ông Huy Phạm,VIP,Vietnam
CUST03677,Hạnh Hoàng Lê,Individual,Vietnam
CUST03678,Tú Mai Bảo Nguyễn,Corporate,Vietnam
CUST03679,Dr Martyn Johnson,Individual,UK
CUST03680,戚成,VIP,China
CUST03681,Cô Hải Bùi,Travel Agency,Vietnam
CUST03682,Hà Mai Vũ,Individual,Vietnam
CUST03683,Anh Quang Lê,VIP,Vietnam
CUST03684,최순자,Travel Agency,Korea
CUST03685,Châu Mai,Corporate,Vietnam
CUST03686,Huy Văn Dương,Individual,Vietnam
CUST03687,Georgina Green,VIP,UK
CUST03688,郭龙,Travel Agency,China
CUST03689,Nhật Vũ,Corporate,Vietnam
CUST03690,石井 七夏,VIP,Japan
CUST03691,蒋淑华,Corporate,China
CUST03692,Joyce Griffith,Individual,USA
CUST03693,Nhiên Trí Lê,Travel Agency,Vietnam
CUST03694,Bác Quang Nguyễn,Travel Agency,Vietnam
CUST03695,Bảo Vũ,Travel Agency,Vietnam
CUST03696,Claudine Delannoy,Individual,France
CUST03697,Trung Mai,VIP,Vietnam
CUST03698,Laetitia Normand,Corporate,France
CUST03699,Nhật Hoàng,Corporate,Vietnam
CUST03700,池田 真綾,Travel Agency,Japan
CUST03701,Kathleen Roberts,Corporate,Australia
CUST03702,Anh Minh Vũ,Travel Agency,Vietnam
CUST03703,Nhật Tấn Trần,VIP,Vietnam
CUST03704,Cô An Mai,Corporate,Vietnam
CUST03705,Quý cô Chi Phạm,Corporate,Vietnam
CUST03706,Ngọc Vũ,Travel Agency,Vietnam
CUST03707,Patricia Lee,VIP,Australia
CUST03708,An Đức Dương,VIP,Vietnam
CUST03709,Chị An Vũ,VIP,Vietnam
CUST03710,Kim Phú Lê,Travel Agency,Vietnam
CUST03711,Khoa Vũ,Individual,Vietnam
CUST03712,An Phú Hoàng,VIP,Vietnam
CUST03713,Bà Yến Đặng,Travel Agency,Vietnam
CUST03714,Quý cô Hồng Mai,Individual,Vietnam
CUST03715,Anh Bảo Bùi,VIP,Vietnam
CUST03716,Nhật Phạm,Travel Agency,Vietnam
CUST03717,Lâm Vũ,VIP,Vietnam
CUST03718,Duyên Nguyễn,VIP,Vietnam
CUST03719,蒋海燕,VIP,China
CUST03720,Chị Dương Nguyễn,Travel Agency,Vietnam
CUST03721,Thành Trí Hoàng,Individual,Vietnam
CUST03722,Vi Hoàng,Travel Agency,Vietnam
CUST03723,山口 舞,Individual,Japan
CUST03724,Anh Anh Lê,Corporate,Vietnam
CUST03725,Mr Lee Davies,Corporate,UK
CUST03726,Univ.Prof. Mirja Schinke,Individual,Germany
CUST03727,Stéphane Launay-Guillaume,VIP,France
CUST03728,Bác Minh Nguyễn,Corporate,Vietnam
CUST03729,Chi Nguyễn,Travel Agency,Vietnam
CUST03730,Huy Dương,VIP,Vietnam
CUST03731,Willie Higgins,VIP,USA
CUST03732,Caleb Moore,Individual,Australia
CUST03733,Trọng Mai Bảo Nguyễn,VIP,Vietnam
CUST03734,Bảo Bùi,Travel Agency,Vietnam
CUST03735,Bác Trọng Lê,Individual,Vietnam
CUST03736,鈴木 聡太郎,Corporate,Japan
CUST03737,Susan Murphy,Travel Agency,Australia
CUST03738,George Heß,Travel Agency,Germany
CUST03739,Lisa Evans,Travel Agency,Australia
CUST03740,Cô Hà Vũ,Corporate,Vietnam
CUST03741,Quang Thị Dương,VIP,Vietnam
CUST03742,藤原 稔,Travel Agency,Japan
CUST03743,Dũng Đức Dương,Corporate,Vietnam
CUST03744,Khoa Quang Vũ,Travel Agency,Vietnam
CUST03745,佐藤 陽子,Corporate,Japan
CUST03746,Agnès Bertin-Lévy,Individual,France
CUST03747,Hà Trí Vũ,Corporate,Vietnam
CUST03748,Tony Tran,Individual,Australia
CUST03749,Duyên Trần,Individual,Vietnam
CUST03750,Cô Thành Đặng,Individual,Vietnam
CUST03751,Bảo Trí Dương,Travel Agency,Vietnam
CUST03752,吕玉英,Individual,China
CUST03753,Quý ông Quang Dương,Individual,Vietnam
CUST03754,Phúc Quang Dương,Corporate,Vietnam
CUST03755,Lâm Quang Bùi,Corporate,Vietnam
CUST03756,Anh Tùng Phạm,Corporate,Vietnam
CUST03757,Étienne Leroy,Corporate,France
CUST03758,Minh Trần,VIP,Vietnam
CUST03759,Phúc Lê,Corporate,Vietnam
CUST03760,Trọng Lê,Corporate,Vietnam
CUST03761,廖阳,VIP,China
CUST03762,Nhật Đức Lê,Corporate,Vietnam
CUST03763,Nhật Tấn Đặng,Individual,Vietnam
CUST03764,Ông Châu Trần,Corporate,Vietnam
CUST03765,Ngọc Bùi,Individual,Vietnam
CUST03766,余玉珍,Corporate,China
CUST03767,刘龙,VIP,China
CUST03768,Quý cô An Đặng,Corporate,Vietnam
CUST03769,Dr Sam Bishop,VIP,UK
CUST03770,Ông Quang Bùi,Individual,Vietnam
CUST03771,백예진,Individual,Korea
CUST03772,Bác Phúc Mai,Travel Agency,Vietnam
CUST03773,中村 学,Corporate,Japan
CUST03774,Alphonse Jacquet de Barthelemy,Corporate,France
CUST03775,Cô Xuân Vũ,Travel Agency,Vietnam
CUST03776,Chị Kim Bùi,VIP,Vietnam
CUST03777,何军,Travel Agency,China
CUST03778,Emmi Jähn MBA.,Corporate,Germany
CUST03779,Cô Dương Hoàng,Travel Agency,Vietnam
CUST03780,Hoàng Hoàng,Individual,Vietnam
CUST03781,Cô Chi Hoàng,Individual,Vietnam
CUST03782,Vũ Vũ,Corporate,Vietnam
CUST03783,Vân Phạm,Travel Agency,Vietnam
CUST03784,Quý cô Duyên Đặng,Individual,Vietnam
CUST03785,김은경,Individual,Korea
CUST03786,Quý cô Nhật Bùi,Travel Agency,Vietnam
CUST03787,Bà Hải Vũ,Travel Agency,Vietnam
CUST03788,Theresa Shepard,VIP,USA
CUST03789,Hưng Đức Đặng,Individual,Vietnam
CUST03790,Linh Trần,Individual,Vietnam
CUST03791,Thành Đặng,Individual,Vietnam
CUST03792,Bà Vi Vũ,Individual,Vietnam
CUST03793,Arthur Jacobi Jäckel,Corporate,Germany
CUST03794,Khoa Hữu Phạm,Travel Agency,Vietnam
CUST03795,Quý cô Bảo Nguyễn,VIP,Vietnam
CUST03796,Hưng Bùi,Corporate,Vietnam
CUST03797,Nhiên Lê,Individual,Vietnam
CUST03798,Lâm Mai Nguyễn,Travel Agency,Vietnam
CUST03799,Chị Kim Bùi,Individual,Vietnam
CUST03800,Erik Krueger,Individual,Australia
CUST03801,Cynthia Brown,Individual,USA
CUST03802,Chị Thành Lê,Individual,Vietnam
CUST03803,Kim Smith-Edwards,VIP,UK
CUST03804,Ông Trọng Phạm,Travel Agency,Vietnam
CUST03805,Jeannine Gosselin,Corporate,France
CUST03806,Ông Khoa Dương,VIP,Vietnam
CUST03807,김현정,Travel Agency,Korea
CUST03808,An Thị Hoàng,Travel Agency,Vietnam
CUST03809,김경자,Corporate,Korea
CUST03810,Hà Phú Hoàng,VIP,Vietnam
CUST03811,Hạnh Trí Vũ,VIP,Vietnam
CUST03812,Quý cô Kim Trần,Corporate,Vietnam
CUST03813,Bảo Phạm,VIP,Vietnam
CUST03814,Trọng Thị Hoàng,Travel Agency,Vietnam
CUST03815,Blake Vargas,Travel Agency,USA
CUST03816,Hoàng Bùi,Individual,Vietnam
CUST03817,Khoa Đặng,Corporate,Vietnam
CUST03818,Bà Phương Dương,Corporate,Vietnam
CUST03819,Chi Nguyễn,VIP,Vietnam
CUST03820,Hồng Đặng,Travel Agency,Vietnam
CUST03821,William Morris,VIP,UK
CUST03822,Hưng Lê,Travel Agency,Vietnam
CUST03823,Luis Byrd,Travel Agency,Australia
CUST03824,Vũ Phú Vũ,Corporate,Vietnam
CUST03825,Nhật Mai Bảo Mai,Individual,Vietnam
CUST03826,Cô Lâm Đặng,Corporate,Vietnam
CUST03827,Chi Đặng,Individual,Vietnam
CUST03828,Klaus Höfig MBA.,VIP,Germany
CUST03829,Quý ông Hoàng Đặng,Travel Agency,Vietnam
CUST03830,Bảo Phú Nguyễn,Corporate,Vietnam
CUST03831,Khoa Trần,Corporate,Vietnam
CUST03832,Melvin Smith,Travel Agency,Australia
CUST03833,Hải Đặng,Travel Agency,Vietnam
CUST03834,Ông Hoàng Mai,Corporate,Vietnam
CUST03835,佐藤 零,Corporate,Japan
CUST03836,Kim Phạm,Corporate,Vietnam
CUST03837,Savannah Jones,VIP,Australia
CUST03838,Quý cô Thành Mai,Travel Agency,Vietnam
CUST03839,Bà Ngọc Hoàng,Corporate,Vietnam
CUST03840,Thành Phạm,Travel Agency,Vietnam
CUST03841,Tùng Xuân Nguyễn,VIP,Vietnam
CUST03842,Frédéric Le Pages,Individual,France
CUST03843,김중수,Travel Agency,Korea
CUST03844,中村 英樹,VIP,Japan
CUST03845,Cô Hà Dương,VIP,Vietnam
CUST03846,Kate Parsons,VIP,UK
CUST03847,김상호,VIP,Korea
CUST03848,Anh Thành Vũ,Corporate,Vietnam
CUST03849,Hà Bùi,Individual,Vietnam
CUST03850,纪利,VIP,China
CUST03851,Vũ Thị Đặng,Corporate,Vietnam
CUST03852,Dagobert Wulff,Corporate,Germany
CUST03853,Lan Phạm,Travel Agency,Vietnam
CUST03854,吉田 陽子,VIP,Japan
CUST03855,Nhiên Vũ,Individual,Vietnam
CUST03856,Trung Dương,Individual,Vietnam
CUST03857,Hạnh Quang Hoàng,VIP,Vietnam
CUST03858,Cô Vi Nguyễn,Corporate,Vietnam
CUST03859,Marguerite Lévy,Individual,France
CUST03860,Ánh Lê,Individual,Vietnam
CUST03861,Hạnh Phú Mai,Corporate,Vietnam
CUST03862,Khoa Thị Lê,Individual,Vietnam
CUST03863,Thành Trần,VIP,Vietnam
CUST03864,Bà Phương Lê,Travel Agency,Vietnam
CUST03865,Khoa Mai,Corporate,Vietnam
CUST03866,Bác Anh Phạm,Travel Agency,Vietnam
CUST03867,Quý cô An Nguyễn,VIP,Vietnam
CUST03868,Thành Mai,Travel Agency,Vietnam
CUST03869,Quang Trần,Individual,Vietnam
CUST03870,Patrick Gomez,Individual,France
CUST03871,Andres Beck,Individual,Australia
CUST03872,Nhật Phạm,Corporate,Vietnam
CUST03873,An Mai,Corporate,Vietnam
CUST03874,Chị Vân Phạm,Travel Agency,Vietnam
CUST03875,Margitta Mitschke,VIP,Germany
CUST03876,Nicole White,Corporate,Australia
CUST03877,Bác Trọng Vũ,Travel Agency,Vietnam
CUST03878,Lâm Phú Bùi,Individual,Vietnam
CUST03879,Bảo Trần,Individual,Vietnam
CUST03880,허서윤,Travel Agency,Korea
CUST03881,Anh Phúc Dương,Corporate,Vietnam
CUST03882,Roger Nixon,Individual,UK
CUST03883,王霞,Individual,China
CUST03884,Mai Phạm,Individual,Vietnam
CUST03885,Bà Ngọc Lê,Travel Agency,Vietnam
CUST03886,Hồng Đặng,Travel Agency,Vietnam
CUST03887,Cô Lâm Bùi,Individual,Vietnam
CUST03888,Châu Hữu Vũ,Individual,Vietnam
CUST03889,Cô Xuân Phạm,Corporate,Vietnam
CUST03890,杨红梅,VIP,China
CUST03891,Carol Barry,VIP,USA
CUST03892,Bác Trọng Bùi,VIP,Vietnam
CUST03893,Dương Đặng,Travel Agency,Vietnam
CUST03894,张俊,VIP,China
CUST03895,Phương Phú Nguyễn,VIP,Vietnam
CUST03896,Quý cô An Bùi,Travel Agency,Vietnam
CUST03897,Elizabeth Li,Corporate,USA
CUST03898,Bà Ánh Nguyễn,Travel Agency,Vietnam
CUST03899,Kim Xuân Bùi,Corporate,Vietnam
CUST03900,Alfred Mahe,VIP,France
CUST03901,Mr Neil Carroll,Travel Agency,UK
CUST03902,Bà Hạnh Vũ,Individual,Vietnam
CUST03903,문윤서,Travel Agency,Korea
CUST03904,Phúc Bảo Bùi,VIP,Vietnam
CUST03905,戴建,Corporate,China
CUST03906,강현준,VIP,Korea
CUST03907,Ông Hưng Đặng,Individual,Vietnam
CUST03908,西村 加奈,Travel Agency,Japan
CUST03909,Mrs. Lisa Cole PhD,VIP,Australia
CUST03910,Chị Xuân Vũ,VIP,Vietnam
CUST03911,小川 陽子,VIP,Japan
CUST03912,Kim Bảo Mai,VIP,Vietnam
CUST03913,Anh Tú Phạm,Individual,Vietnam
CUST03914,Hưng Vũ,Travel Agency,Vietnam
CUST03915,Khoa Mai,Travel Agency,Vietnam
CUST03916,Vũ Hải Hoàng,Travel Agency,Vietnam
CUST03917,Cô Nhật Trần,Travel Agency,Vietnam
CUST03918,Dũng Mai,VIP,Vietnam
CUST03919,Hilmar Krause MBA.,Corporate,Germany
CUST03920,Bà Hà Vũ,Corporate,Vietnam
CUST03921,Bà Thảo Lê,Individual,Vietnam
CUST03922,Nhật Đặng,Individual,Vietnam
CUST03923,Khoa Bùi,Corporate,Vietnam
CUST03924,Hạnh Văn Đặng,Travel Agency,Vietnam
CUST03925,Hans Josef Kramer,Corporate,Germany
CUST03926,엄서준,VIP,Korea
CUST03927,Quý cô Nhật Mai,Individual,Vietnam
CUST03928,김승민,VIP,Korea
CUST03929,Hans-Karl Otto,Individual,Germany
CUST03930,Bà Lâm Phạm,VIP,Vietnam
CUST03931,Quang Thế Nguyễn,Individual,Vietnam
CUST03932,Huy Thị Lê,VIP,Vietnam
CUST03933,Huy Mai,Travel Agency,Vietnam
CUST03934,Carrie Schaefer,VIP,USA
CUST03935,An Đức Hoàng,VIP,Vietnam
CUST03936,Lâm Hoàng Lê,Corporate,Vietnam
CUST03937,Chị Vi Trần,Individual,Vietnam
CUST03938,Auguste Jacquot-Barthelemy,Individual,France
CUST03939,易晶,VIP,China
CUST03940,Thành Hữu Mai,Travel Agency,Vietnam
CUST03941,Trung Lê,Travel Agency,Vietnam
CUST03942,Bà Yến Dương,Corporate,Vietnam
CUST03943,Hải Mai Bảo Đặng,VIP,Vietnam
CUST03944,Hạnh Phạm,VIP,Vietnam
CUST03945,Quang Hoàng,VIP,Vietnam
CUST03946,刘淑华,VIP,China
CUST03947,Châu Hải Bùi,Individual,Vietnam
CUST03948,Hannah Curtis,VIP,USA
CUST03949,Thành Hữu Vũ,VIP,Vietnam
CUST03950,Chị Hà Bùi,VIP,Vietnam
CUST03951,Thành Mai,Travel Agency,Vietnam
CUST03952,Mary Wolfe,VIP,Australia
CUST03953,Vân Dương,VIP,Vietnam
CUST03954,Phương Mai Bảo Bùi,Individual,Vietnam
CUST03955,Quý cô Phương Nguyễn,Corporate,Vietnam
CUST03956,Anh Nam Nguyễn,Travel Agency,Vietnam
CUST03957,Thành Thế Mai,VIP,Vietnam
CUST03958,松本 あすか,Corporate,Japan
CUST03959,Nam Tấn Lê,Corporate,Vietnam
CUST03960,Kim Dương,Individual,Vietnam
CUST03961,Phương Đức Trần,Travel Agency,Vietnam
CUST03962,Bảo Nguyễn,Travel Agency,Vietnam
CUST03963,Kim Nguyễn,Individual,Vietnam
CUST03964,Quý ông Châu Đặng,Individual,Vietnam
CUST03965,Hương Đặng,Corporate,Vietnam
CUST03966,Lucas du Ruiz,Corporate,France
CUST03967,Charles Marchal,Individual,France
CUST03968,Lâm Thị Dương,Corporate,Vietnam
CUST03969,Dương Nguyễn,Travel Agency,Vietnam
CUST03970,Zacharie de la Pottier,Travel Agency,France
CUST03971,坂本 篤司,Individual,Japan
CUST03972,Mr Jack Woods,VIP,UK
CUST03973,Bà Hương Trần,VIP,Vietnam
CUST03974,David Fuller,Travel Agency,USA
CUST03975,An Dương,Travel Agency,Vietnam
CUST03976,Bà Hạnh Dương,Travel Agency,Vietnam
CUST03977,Chị An Nguyễn,Individual,Vietnam
CUST03978,Châu Mai,Travel Agency,Vietnam
CUST03979,Lâm Hoàng,Individual,Vietnam
CUST03980,Thành Thị Dương,Corporate,Vietnam
CUST03981,加藤 裕美子,Corporate,Japan
CUST03982,Patricia Green,Travel Agency,USA
CUST03983,林晶,Corporate,China
CUST03984,Hồng Trần,Individual,Vietnam
CUST03985,Quang Dương,Individual,Vietnam
CUST03986,Chase Young,VIP,Australia
CUST03987,Bà Hồng Nguyễn,VIP,Vietnam
CUST03988,Christopher Williams,VIP,UK
CUST03989,Nhật Mai,Individual,Vietnam
CUST03990,Hải Trần,Individual,Vietnam
CUST03991,Hoàng Hoàng Dương,Individual,Vietnam
CUST03992,An Đặng,Individual,Vietnam
CUST03993,김민준,Corporate,Korea
CUST03994,Khoa Vũ,Corporate,Vietnam
CUST03995,Michelle Mcmillan,Individual,USA
CUST03996,Châu Lê,Individual,Vietnam
CUST03997,Célina Nguyen de Potier,Corporate,France
CUST03998,尹欣,Travel Agency,China
CUST03999,Bà Ánh Trần,Corporate,Vietnam
CUST04000,Chi Vũ,Individual,Vietnam
CUST04001,张成,VIP,China
CUST04002,David Stephenson,Corporate,USA
CUST04003,Sandra Barnes,VIP,USA
CUST04004,Phương Thị Đặng,Corporate,Vietnam
CUST04005,Chị Ánh Mai,VIP,Vietnam
CUST04006,Anh Khoa Trần,VIP,Vietnam
CUST04007,Hoàng Dương,Individual,Vietnam
CUST04008,Vân Đặng,Travel Agency,Vietnam
CUST04009,Hưng Vũ,VIP,Vietnam
CUST04010,Bà Linh Vũ,Travel Agency,Vietnam
CUST04011,Khoa Đức Nguyễn,VIP,Vietnam
CUST04012,Xuân Đặng,Travel Agency,Vietnam
CUST04013,Hà Lê,Corporate,Vietnam
CUST04014,Hà Đặng,Corporate,Vietnam
CUST04015,Thành Tấn Bùi,VIP,Vietnam
CUST04016,田中 あすか,VIP,Japan
CUST04017,Melissa Benitez,Travel Agency,USA
CUST04018,Nhật Phạm,Individual,Vietnam
CUST04019,Cô Hà Mai,VIP,Vietnam
CUST04020,Nhật Phú Vũ,Corporate,Vietnam
CUST04021,Quý cô Ngọc Dương,Individual,Vietnam
CUST04022,Vi Mai,VIP,Vietnam
CUST04023,Linh Vũ,Corporate,Vietnam
CUST04024,沈慧,Individual,China
CUST04025,Mai Dương,Individual,Vietnam
CUST04026,Bà Mai Nguyễn,VIP,Vietnam
CUST04027,Miss Kate Coleman,Corporate,UK
CUST04028,Lan Phạm,VIP,Vietnam
CUST04029,Phương Thị Hoàng,Corporate,Vietnam
CUST04030,Bà Mai Đặng,Individual,Vietnam
CUST04031,Hạnh Lê,VIP,Vietnam
CUST04032,An Thế Vũ,VIP,Vietnam
CUST04033,An Xuân Phạm,VIP,Vietnam
CUST04034,Chị Chi Hoàng,VIP,Vietnam
CUST04035,Thành Hoàng Lê,Corporate,Vietnam
CUST04036,Bác Huy Đặng,Corporate,Vietnam
CUST04037,Lâm Đặng,Travel Agency,Vietnam
CUST04038,李红霞,Individual,China
CUST04039,Linh Dương,Travel Agency,Vietnam
CUST04040,中島 知実,Corporate,Japan
CUST04041,Bảo Thị Lê,Corporate,Vietnam
CUST04042,Juan Jones,VIP,Australia
CUST04043,Bác Hoàng Trần,Corporate,Vietnam
CUST04044,Cô Hà Trần,Corporate,Vietnam
CUST04045,Nhật Văn Dương,Travel Agency,Vietnam
CUST04046,Bà Linh Mai,Travel Agency,Vietnam
CUST04047,Kim Bảo Phạm,Corporate,Vietnam
CUST04048,Bà Khoa Đặng,Individual,Vietnam
CUST04049,Anaïs de Peron,VIP,France
CUST04050,Christy Morris,VIP,Australia
CUST04051,Mai Hoàng,Travel Agency,Vietnam
CUST04052,Quý cô Bảo Đặng,Travel Agency,Vietnam
CUST04053,Dương Trần,VIP,Vietnam
CUST04054,Nam Đức Đặng,Travel Agency,Vietnam
CUST04055,Bà Nhật Mai,Travel Agency,Vietnam
CUST04056,Hoàng Trần,Travel Agency,Vietnam
CUST04057,Quý ông Anh Vũ,Corporate,Vietnam
CUST04058,Shane Neal,Corporate,Australia
CUST04059,Ánh Nguyễn,Travel Agency,Vietnam
CUST04060,Thảo Vũ,Corporate,Vietnam
CUST04061,Bà Ngọc Phạm,Corporate,Vietnam
CUST04062,Cô Thành Lê,Corporate,Vietnam
CUST04063,Hạnh Đặng,Individual,Vietnam
CUST04064,Nhiên Vũ,Travel Agency,Vietnam
CUST04065,Paola Wohlgemut-Hölzenbecher,Corporate,Germany
CUST04066,Astrid Lombard,Individual,France
CUST04067,Quý cô Dương Phạm,VIP,Vietnam
CUST04068,Cô Khoa Hoàng,Corporate,Vietnam
CUST04069,Hương Nguyễn,VIP,Vietnam
CUST04070,Quang Thế Dương,VIP,Vietnam
CUST04071,吴秀荣,Travel Agency,China
CUST04072,Tùng Xuân Vũ,VIP,Vietnam
CUST04073,Cô Khoa Hoàng,VIP,Vietnam
CUST04074,Quý cô Thành Nguyễn,Individual,Vietnam
CUST04075,Bà Vi Lê,Individual,Vietnam
CUST04076,Bảo Văn Mai,VIP,Vietnam
CUST04077,Quý cô Bảo Hoàng,Corporate,Vietnam
CUST04078,Quý ông Minh Nguyễn,Corporate,Vietnam
CUST04079,이민재,VIP,Korea
CUST04080,Khoa Vũ,Individual,Vietnam
CUST04081,Quý cô Hạnh Phạm,Travel Agency,Vietnam
CUST04082,孙慧,VIP,China
CUST04083,Ông Trung Nguyễn,VIP,Vietnam
CUST04084,Hưng Hoàng,Travel Agency,Vietnam
CUST04085,Cô Thành Dương,Travel Agency,Vietnam
CUST04086,Stacey Dobson,VIP,UK
CUST04087,Nam Đặng,VIP,Vietnam
CUST04088,Chị Lan Hoàng,Corporate,Vietnam
CUST04089,Bảo Bùi,Individual,Vietnam
CUST04090,Hạnh Lê,Individual,Vietnam
CUST04091,Bà Kim Lê,VIP,Vietnam
CUST04092,Vũ Trần,Travel Agency,Vietnam
CUST04093,Scott Wyatt,Corporate,USA
CUST04094,Nhật Tấn Lê,VIP,Vietnam
CUST04095,Thành Mai,Individual,Vietnam
CUST04096,박서현,Corporate,Korea
CUST04097,Nhật Mai Bảo Đặng,Corporate,Vietnam
CUST04098,Ông Trung Mai,VIP,Vietnam
CUST04099,Lâm Nguyễn,Individual,Vietnam
CUST04100,Quang Trí Nguyễn,Individual,Vietnam
CUST04101,Cô Dương Dương,Corporate,Vietnam
CUST04102,Kim Đức Vũ,VIP,Vietnam
CUST04103,Cô Bảo Vũ,Individual,Vietnam
CUST04104,Océane-Audrey Collet,Corporate,France
CUST04105,Thành Phạm,VIP,Vietnam
CUST04106,Bác Vũ Vũ,Travel Agency,Vietnam
CUST04107,Dương Lê,Travel Agency,Vietnam
CUST04108,唐燕,Travel Agency,China
CUST04109,Quang Bùi,Corporate,Vietnam
CUST04110,Chị Hải Lê,Corporate,Vietnam
CUST04111,Bà Nhật Lê,Corporate,Vietnam
CUST04112,Trung Bảo Hoàng,Corporate,Vietnam
CUST04113,Trọng Đặng,VIP,Vietnam
CUST04114,Vũ Văn Mai,Travel Agency,Vietnam
CUST04115,Bảo Phú Đặng,VIP,Vietnam
CUST04116,Quý cô Nhật Lê,VIP,Vietnam
CUST04117,Linh Nguyễn,Travel Agency,Vietnam
CUST04118,Ông Bảo Hoàng,VIP,Vietnam
CUST04119,Nhật Trần,Individual,Vietnam
CUST04120,Quý ông Dũng Lê,Corporate,Vietnam
CUST04121,Tùng Lê,Individual,Vietnam
CUST04122,Bà Xuân Phạm,Travel Agency,Vietnam
CUST04123,Guy Dijoux-Poirier,VIP,France
CUST04124,Chị Lâm Bùi,Corporate,Vietnam
CUST04125,Dr. Heimo Kade MBA.,Individual,Germany
CUST04126,孔成,Travel Agency,China
CUST04127,Hà Phạm,VIP,Vietnam
CUST04128,Hoàng Vũ,Corporate,Vietnam
CUST04129,Roland Normand,VIP,France
CUST04130,Anh Đức Phạm,Individual,Vietnam
CUST04131,Vũ Nguyễn,Corporate,Vietnam
CUST04132,Kenneth Shaw DDS,Individual,USA
CUST04133,Lâm Tấn Dương,Individual,Vietnam
CUST04134,Kim Lê,Individual,Vietnam
CUST04135,Ông Phúc Hoàng,Travel Agency,Vietnam
CUST04136,Thành Vũ,Individual,Vietnam
CUST04137,Phúc Trần,VIP,Vietnam
CUST04138,Bảo Văn Nguyễn,Travel Agency,Vietnam
CUST04139,Minh Dương,Individual,Vietnam
CUST04140,Engelbert Buchholz,Travel Agency,Germany
CUST04141,Chị Lâm Phạm,VIP,Vietnam
CUST04142,Quý cô Bảo Đặng,Individual,Vietnam
CUST04143,Nhật Đức Bùi,Travel Agency,Vietnam
CUST04144,松本 裕樹,Corporate,Japan
CUST04145,Bà Dương Mai,Corporate,Vietnam
CUST04146,Ông Hoàng Hoàng,Corporate,Vietnam
CUST04147,Richard Morton,VIP,USA
CUST04148,Hạnh Thị Dương,VIP,Vietnam
CUST04149,Nhật Mai Bảo Nguyễn,Individual,Vietnam
CUST04150,Haley Ayers,Corporate,Australia
CUST04151,Nhật Hoàng,Travel Agency,Vietnam
CUST04152,小川 裕太,VIP,Japan
CUST04153,Nhật Thế Dương,Individual,Vietnam
CUST04154,Quý cô Hải Lê,VIP,Vietnam
CUST04155,李浩,VIP,China
CUST04156,Bà Hạnh Dương,Individual,Vietnam
CUST04157,Hà Xuân Trần,Corporate,Vietnam
CUST04158,Bà Khoa Hoàng,Travel Agency,Vietnam
CUST04159,Anh Trí Đặng,Travel Agency,Vietnam
CUST04160,Thành Xuân Lê,Corporate,Vietnam
CUST04161,Kelsey Fisher,Individual,Australia
CUST04162,Hương Phạm,Travel Agency,Vietnam
CUST04163,Ông Nhiên Đặng,VIP,Vietnam
CUST04164,Khoa Đức Trần,Individual,Vietnam
CUST04165,Tú Vũ,Travel Agency,Vietnam
CUST04166,Nhật Đặng,Individual,Vietnam
CUST04167,Anh Vũ,Travel Agency,Vietnam
CUST04168,An Nguyễn,Individual,Vietnam
CUST04169,Ngọc Bùi,VIP,Vietnam
CUST04170,Cô Khoa Phạm,Individual,Vietnam
CUST04171,김민서,Travel Agency,Korea
CUST04172,Khoa Đức Mai,VIP,Vietnam
CUST04173,Cô An Nguyễn,Travel Agency,Vietnam
CUST04174,鈴木 聡太郎,Individual,Japan
CUST04175,Clive Stephens-Marshall,VIP,UK
CUST04176,Bảo Dương,VIP,Vietnam
CUST04177,Bảo Bùi,VIP,Vietnam
CUST04178,Dr Mohammed Burgess,Individual,UK
CUST04179,Cô Hạnh Lê,Corporate,Vietnam
CUST04180,Linda Glass,Travel Agency,USA
CUST04181,Hà Đức Dương,Travel Agency,Vietnam
CUST04182,Anh Trọng Hoàng,Corporate,Vietnam
CUST04183,Chi Hoàng,Corporate,Vietnam
CUST04184,Quý ông Hưng Mai,Travel Agency,Vietnam
CUST04185,Cô An Dương,Travel Agency,Vietnam
CUST04186,Kimberly Bell MD,VIP,Australia
CUST04187,Lan Dương,Corporate,Vietnam
CUST04188,Duyên Nguyễn,Individual,Vietnam
CUST04189,Quý cô Hải Phạm,Individual,Vietnam
CUST04190,Nhật Hoàng Bùi,VIP,Vietnam
CUST04191,Miss Olivia Griffiths,Corporate,UK
CUST04192,Nhiên Bùi,VIP,Vietnam
CUST04193,Donald Skinner-Doyle,Individual,UK
CUST04194,Édouard Boulanger-Perret,Travel Agency,France
CUST04195,Quý ông Anh Phạm,VIP,Vietnam
CUST04196,Trọng Mai Bảo Lê,Travel Agency,Vietnam
CUST04197,Ông Hoàng Bùi,Individual,Vietnam
CUST04198,Anh Châu Phạm,Corporate,Vietnam
CUST04199,Bác Nhiên Hoàng,Travel Agency,Vietnam
CUST04200,Nhật Hoàng,VIP,Vietnam
CUST04201,Nhật Đặng,Individual,Vietnam
CUST04202,Anh Bảo Trần,Travel Agency,Vietnam
CUST04203,Chị Hương Phạm,Travel Agency,Vietnam
CUST04204,Bradley Weiss,VIP,USA
CUST04205,Nhiên Thị Đặng,Individual,Vietnam
CUST04206,Hugues Leblanc,Travel Agency,France
CUST04207,Ánh Bùi,Travel Agency,Vietnam
CUST04208,Jakob Binner,Travel Agency,Germany
CUST04209,Hà Trần,Individual,Vietnam
CUST04210,Ông Hoàng Trần,Corporate,Vietnam
CUST04211,Bà Ánh Đặng,VIP,Vietnam
CUST04212,Dipl.-Ing. Arnold Lange,Corporate,Germany
CUST04213,Anh Phúc Vũ,VIP,Vietnam
CUST04214,Quý cô Xuân Mai,Individual,Vietnam
CUST04215,Allan Gibson-Kaur,Travel Agency,UK
CUST04216,Thành Hải Lê,VIP,Vietnam
CUST04217,Quý ông Châu Trần,Corporate,Vietnam
CUST04218,Anh Vũ,Travel Agency,Vietnam
CUST04219,Thành Hải Trần,VIP,Vietnam
CUST04220,Quý ông Trung Hoàng,Corporate,Vietnam
CUST04221,Louise Myers,Travel Agency,UK
CUST04222,Walter Becker,VIP,Australia
CUST04223,Adam Benton,VIP,Australia
CUST04224,Anthony Cummings,Corporate,USA
CUST04225,Belinda Fleming,Individual,USA
CUST04226,Bà Linh Vũ,Individual,Vietnam
CUST04227,Quý cô Thành Hoàng,VIP,Vietnam
CUST04228,姚莉,Corporate,China
CUST04229,Minh Phú Dương,Travel Agency,Vietnam
CUST04230,Khoa Đặng,Travel Agency,Vietnam
CUST04231,Chị Nhật Nguyễn,VIP,Vietnam
CUST04232,Dipl.-Ing. Tatiana Stiffel,Individual,Germany
CUST04233,Quang Quang Phạm,Individual,Vietnam
CUST04234,Marine Albert,Corporate,France
CUST04235,Hạnh Mai Nguyễn,Travel Agency,Vietnam
CUST04236,Nhật Nguyễn,Corporate,Vietnam
CUST04237,Cô Phương Dương,VIP,Vietnam
CUST04238,Janin Krause,Corporate,Germany
CUST04239,송시우,Corporate,Korea
CUST04240,Chị Thảo Phạm,Individual,Vietnam
CUST04241,Thành Trần,Corporate,Vietnam
CUST04242,Nam Vũ,Travel Agency,Vietnam
CUST04243,Bà Xuân Hoàng,Corporate,Vietnam
CUST04244,Hạnh Trần,VIP,Vietnam
CUST04245,Cô Chi Trần,VIP,Vietnam
CUST04246,Cô Yến Trần,Corporate,Vietnam
CUST04247,Mohammad Mülichen,Individual,Germany
CUST04248,Huy Nguyễn,Travel Agency,Vietnam
CUST04249,Hải Trí Nguyễn,Corporate,Vietnam
CUST04250,田中 くみ子,VIP,Japan
CUST04251,Ông Bảo Dương,VIP,Vietnam
CUST04252,Quý cô Lâm Dương,VIP,Vietnam
CUST04253,Phương Mai,Travel Agency,Vietnam
CUST04254,Chi Phạm,Individual,Vietnam
CUST04255,Thành Xuân Đặng,VIP,Vietnam
CUST04256,加藤 学,VIP,Japan
CUST04257,Bảo Mai Bảo Nguyễn,Corporate,Vietnam
CUST04258,Maryse de la Vaillant,VIP,France
CUST04259,中村 翼,VIP,Japan
CUST04260,Duyên Hoàng,VIP,Vietnam
CUST04261,Mr. Jonathan Fowler,Corporate,USA
CUST04262,Hồng Trần,Corporate,Vietnam
CUST04263,Anh Tùng Trần,Individual,Vietnam
CUST04264,김경희,VIP,Korea
CUST04265,Ông Dũng Trần,VIP,Vietnam
CUST04266,Ngọc Phạm,Corporate,Vietnam
CUST04267,장종수,Travel Agency,Korea
CUST04268,商辉,Corporate,China
CUST04269,Phương Thị Đặng,Travel Agency,Vietnam
CUST04270,Hoàng Hoàng,Travel Agency,Vietnam
CUST04271,Khoa Phạm,Corporate,Vietnam
CUST04272,Vũ Quang Hoàng,Travel Agency,Vietnam
CUST04273,Bác Thành Bùi,Travel Agency,Vietnam
CUST04274,Hà Hải Bùi,Travel Agency,Vietnam
CUST04275,Hạnh Văn Trần,Individual,Vietnam
CUST04276,Cô Hương Lê,Corporate,Vietnam
CUST04277,Bà Hà Trần,Travel Agency,Vietnam
CUST04278,Dũng Mai Bảo Đặng,Corporate,Vietnam
CUST04279,An Trần,Corporate,Vietnam
CUST04280,Quý ông Hưng Đặng,VIP,Vietnam
CUST04281,Vi Vũ,Corporate,Vietnam
CUST04282,林 陽子,Corporate,Japan
CUST04283,Phúc Lê,VIP,Vietnam
CUST04284,Chi Vũ,Individual,Vietnam
CUST04285,Chị Hương Nguyễn,VIP,Vietnam
CUST04286,Kim Hữu Dương,Individual,Vietnam
CUST04287,Châu Phạm,VIP,Vietnam
CUST04288,Hayden Price,VIP,USA
CUST04289,Cô Nhật Lê,Corporate,Vietnam
CUST04290,Khoa Mai,Individual,Vietnam
CUST04291,Kim Phạm,Individual,Vietnam
CUST04292,Bảo Phạm,Travel Agency,Vietnam
CUST04293,Hải Hoàng Mai,Individual,Vietnam
CUST04294,Hoàng Bảo Dương,Travel Agency,Vietnam
CUST04295,Phillip Smith,Individual,Australia
CUST04296,Ông Phúc Đặng,Corporate,Vietnam
CUST04297,Thành Dương,Corporate,Vietnam
CUST04298,Nhật Bùi,Travel Agency,Vietnam
CUST04299,Khoa Phú Lê,VIP,Vietnam
CUST04300,Valentine Payet,VIP,France
CUST04301,Anh Thế Mai,VIP,Vietnam
CUST04302,Bảo Trần,Individual,Vietnam
CUST04303,Barbara Mason,Corporate,UK
CUST04304,Dũng Mai Bảo Phạm,VIP,Vietnam
CUST04305,Bà Duyên Hoàng,Individual,Vietnam
CUST04306,Thành Lê,VIP,Vietnam
CUST04307,Bác Minh Nguyễn,Travel Agency,Vietnam
CUST04308,Florian Carsten,VIP,Germany
CUST04309,Dipl.-Ing. Adelheid Mangold MBA.,VIP,Germany
CUST04310,Quý cô Thảo Hoàng,Corporate,Vietnam
CUST04311,Quý cô Nhật Trần,Travel Agency,Vietnam
CUST04312,程琴,Corporate,China
CUST04313,Chị Hương Phạm,Travel Agency,Vietnam
CUST04314,Nikolas auch Schlauchin-Schwital,Travel Agency,Germany
CUST04315,Quang Quang Mai,Travel Agency,Vietnam
CUST04316,Lâm Hải Mai,Travel Agency,Vietnam
CUST04317,Chị Hạnh Bùi,Individual,Vietnam
CUST04318,Quý ông Tú Phạm,Corporate,Vietnam
CUST04319,Xuân Trần,Individual,Vietnam
CUST04320,An Hải Hoàng,Corporate,Vietnam
CUST04321,Quý ông Nam Đặng,Individual,Vietnam
CUST04322,Quý cô Duyên Bùi,Individual,Vietnam
CUST04323,Chị Lâm Nguyễn,Individual,Vietnam
CUST04324,Tú Hoàng,VIP,Vietnam
CUST04325,김지후,VIP,Korea
CUST04326,Bà Ánh Phạm,Individual,Vietnam
CUST04327,Huy Hoàng Bùi,VIP,Vietnam
CUST04328,Volkmar Fechner B.Eng.,Travel Agency,Germany
CUST04329,Quý ông Tùng Mai,Individual,Vietnam
CUST04330,Khoa Trần,VIP,Vietnam
CUST04331,Quang Mai Bảo Lê,VIP,Vietnam
CUST04332,Lâm Phú Dương,Travel Agency,Vietnam
CUST04333,Tú Trí Phạm,Corporate,Vietnam
CUST04334,Hà Hoàng,Individual,Vietnam
CUST04335,Anh Trọng Hoàng,Corporate,Vietnam
CUST04336,阿部 拓真,Corporate,Japan
CUST04337,Bà Chi Vũ,Travel Agency,Vietnam
CUST04338,Quý cô Hồng Trần,Individual,Vietnam
CUST04339,Châu Hoàng Trần,Corporate,Vietnam
CUST04340,Thành Thị Phạm,Corporate,Vietnam
CUST04341,Huy Phạm,VIP,Vietnam
CUST04342,Nhật Hoàng Dương,Travel Agency,Vietnam
CUST04343,Quang Nguyễn,VIP,Vietnam
CUST04344,Lynn Young,Corporate,UK
CUST04345,Phúc Vũ,VIP,Vietnam
CUST04346,Huy Bảo Bùi,Travel Agency,Vietnam
CUST04347,Nhiên Đức Đặng,Travel Agency,Vietnam
CUST04348,佐藤 直人,VIP,Japan
CUST04349,Lâm Dương,VIP,Vietnam
CUST04350,Ông Huy Trần,VIP,Vietnam
CUST04351,Chị Khoa Trần,Travel Agency,Vietnam
CUST04352,Julien Chauvin de la Bonneau,VIP,France
CUST04353,Bác Khoa Trần,Corporate,Vietnam
CUST04354,Bà Hạnh Mai,Individual,Vietnam
CUST04355,Anh Hoàng Hoàng,VIP,Vietnam
CUST04356,Vân Dương,VIP,Vietnam
CUST04357,福田 真綾,Individual,Japan
CUST04358,Vi Nguyễn,Individual,Vietnam
CUST04359,Nath Dupré,VIP,France
CUST04360,Ông Thành Lê,Corporate,Vietnam
CUST04361,Trevor Collins,Individual,Australia
CUST04362,Tùng Nguyễn,Individual,Vietnam
CUST04363,Nhiên Đức Trần,Corporate,Vietnam
CUST04364,张斌,Travel Agency,China
CUST04365,An Xuân Bùi,Corporate,Vietnam
CUST04366,Chị Vân Nguyễn,Corporate,Vietnam
CUST04367,Latasha Diaz,Corporate,Australia
CUST04368,Minh Phú Dương,Individual,Vietnam
CUST04369,中川 桃子,Individual,Japan
CUST04370,Dương Bùi,Individual,Vietnam
CUST04371,Hà Mai Hoàng,Corporate,Vietnam
CUST04372,Cô Lan Vũ,VIP,Vietnam
CUST04373,Chị Khoa Trần,Corporate,Vietnam
CUST04374,Bà Thành Trần,Travel Agency,Vietnam
CUST04375,Ông Trọng Trần,Travel Agency,Vietnam
CUST04376,Khoa Hải Phạm,VIP,Vietnam
CUST04377,Chị Thành Mai,Corporate,Vietnam
CUST04378,Quý ông Trung Dương,Individual,Vietnam
CUST04379,James Thornton,VIP,Australia
CUST04380,Quý ông Tú Bùi,Travel Agency,Vietnam
CUST04381,Khoa Mai Phạm,Travel Agency,Vietnam
CUST04382,Quý cô Dương Đặng,Travel Agency,Vietnam
CUST04383,Dipl.-Ing. Kristina Bohlander B.Eng.,Travel Agency,Germany
CUST04384,홍민수,Travel Agency,Korea
CUST04385,Trung Trần,VIP,Vietnam
CUST04386,Cô Hạnh Bùi,Corporate,Vietnam
CUST04387,Cô Linh Dương,VIP,Vietnam
CUST04388,Hương Vũ,Corporate,Vietnam
CUST04389,Kim Tấn Lê,Travel Agency,Vietnam
CUST04390,Linh Nguyễn,VIP,Vietnam
CUST04391,Chị Vi Mai,Travel Agency,Vietnam
CUST04392,罗桂芳,VIP,China
CUST04393,Cô Hà Phạm,Travel Agency,Vietnam
CUST04394,Trọng Hải Bùi,Individual,Vietnam
CUST04395,Châu Hữu Trần,Individual,Vietnam
CUST04396,Jennifer Martinez,Individual,Australia
CUST04397,夏娜,Individual,China
CUST04398,Bác Khoa Trần,Individual,Vietnam
CUST04399,Kevin Pope,VIP,Australia
CUST04400,山田 太郎,VIP,Japan
CUST04401,鈴木 春香,Corporate,Japan
CUST04402,福田 英樹,Individual,Japan
CUST04403,Bác Huy Vũ,Travel Agency,Vietnam
CUST04404,Lan Đặng,Individual,Vietnam
CUST04405,Quý cô Bảo Mai,VIP,Vietnam
CUST04406,Tùng Phạm,VIP,Vietnam
CUST04407,Cô Dương Phạm,Corporate,Vietnam
CUST04408,Nhật Mai Hoàng,Travel Agency,Vietnam
CUST04409,Colin Day,Travel Agency,USA
CUST04410,Trọng Mai Bảo Mai,Individual,Vietnam
CUST04411,Ing. Ferdi Kusch B.A.,Individual,Germany
CUST04412,Richard Marquez,Travel Agency,Australia
CUST04413,Hạnh Văn Hoàng,Travel Agency,Vietnam
CUST04414,Gunnar Köhler MBA.,Travel Agency,Germany
CUST04415,王艳,Corporate,China
CUST04416,Stephanie Velasquez,Travel Agency,Australia
CUST04417,Trọng Trần,VIP,Vietnam
CUST04418,Daniel Gross,VIP,Australia
CUST04419,Quý cô Ánh Trần,Individual,Vietnam
CUST04420,Kim Tấn Nguyễn,Travel Agency,Vietnam
CUST04421,Minh Đặng,Travel Agency,Vietnam
CUST04422,Bác Minh Hoàng,Travel Agency,Vietnam
CUST04423,Hạnh Nguyễn,Individual,Vietnam
CUST04424,Chi Hoàng,VIP,Vietnam
CUST04425,Khoa Đức Nguyễn,Individual,Vietnam
CUST04426,Lâm Đức Dương,VIP,Vietnam
CUST04427,Ryan Wright,Corporate,Australia
CUST04428,Bà Hải Lê,VIP,Vietnam
CUST04429,Nicole Herbert,Individual,UK
CUST04430,Tú Thị Đặng,VIP,Vietnam
CUST04431,Esther Geißler,Individual,Germany
CUST04432,Minh Phú Hoàng,VIP,Vietnam
CUST04433,Ông Nam Bùi,Corporate,Vietnam
CUST04434,An Hoàng,Corporate,Vietnam
CUST04435,Nhiên Hữu Đặng,Travel Agency,Vietnam
CUST04436,Bác Phúc Mai,VIP,Vietnam
CUST04437,余雪,Individual,China
CUST04438,Kenneth Harris,Individual,USA
CUST04439,Dũng Đức Mai,Corporate,Vietnam
CUST04440,Bà Kim Bùi,Individual,Vietnam
CUST04441,Hạnh Bùi,Travel Agency,Vietnam
CUST04442,吉田 健一,Corporate,Japan
CUST04443,심지훈,Individual,Korea
CUST04444,Kim Bùi,Corporate,Vietnam
CUST04445,Quý ông Hưng Đặng,VIP,Vietnam
CUST04446,Anh Khoa Trần,Travel Agency,Vietnam
CUST04447,Thành Thế Mai,Travel Agency,Vietnam
CUST04448,Daniel Proctor,Individual,Australia
CUST04449,袁桂芳,Individual,China
CUST04450,Todd Wright,Corporate,Australia
CUST04451,李兰英,Individual,China
CUST04452,Quý ông Bảo Phạm,Corporate,Vietnam
CUST04453,Quang Phạm,VIP,Vietnam
CUST04454,Vũ Bùi,Travel Agency,Vietnam
CUST04455,Leopold Eckbauer,Individual,Germany
CUST04456,Phúc Phú Vũ,Travel Agency,Vietnam
CUST04457,박영미,Corporate,Korea
CUST04458,Hồng Mai,Travel Agency,Vietnam
CUST04459,Tùng Vũ,Corporate,Vietnam
CUST04460,Vân Lê,Travel Agency,Vietnam
CUST04461,Chị Vân Lê,Individual,Vietnam
CUST04462,An Lê,Travel Agency,Vietnam
CUST04463,Lâm Hoàng Vũ,Corporate,Vietnam
CUST04464,Lan Lê,Travel Agency,Vietnam
CUST04465,Quý cô Xuân Phạm,Travel Agency,Vietnam
CUST04466,Catherine Laporte de la Gilbert,Travel Agency,France
CUST04467,Nhật Hải Bùi,Corporate,Vietnam
CUST04468,Stéphane Lelièvre,VIP,France
CUST04469,Quý cô Hải Hoàng,Corporate,Vietnam
CUST04470,Simone Monnier,Individual,France
CUST04471,Linh Trần,Travel Agency,Vietnam
CUST04472,Lan Bùi,Travel Agency,Vietnam
CUST04473,Quang Trí Đặng,Travel Agency,Vietnam
CUST04474,Univ.Prof. Sina Henck,Corporate,Germany
CUST04475,Nhật Hoàng,Travel Agency,Vietnam
CUST04476,Bà Yến Mai,Corporate,Vietnam
CUST04477,Nhật Bùi,Travel Agency,Vietnam
CUST04478,Patricia Reed,VIP,Australia
CUST04479,Nhật Phú Hoàng,Corporate,Vietnam
CUST04480,Khoa Văn Hoàng,VIP,Vietnam
CUST04481,Vân Đặng,Individual,Vietnam
CUST04482,Bảo Thế Bùi,VIP,Vietnam
CUST04483,문성호,VIP,Korea
CUST04484,Cô Hương Mai,Individual,Vietnam
CUST04485,Bà Bảo Đặng,Travel Agency,Vietnam
CUST04486,Chị Chi Vũ,Corporate,Vietnam
CUST04487,Khoa Vũ,Individual,Vietnam
CUST04488,Khoa Hoàng,Travel Agency,Vietnam
CUST04489,Cô Vân Hoàng,Corporate,Vietnam
CUST04490,山本 くみ子,Individual,Japan
CUST04491,Thành Nguyễn,Corporate,Vietnam
CUST04492,Ngọc Bùi,Travel Agency,Vietnam
CUST04493,Ông Khoa Bùi,Travel Agency,Vietnam
CUST04494,Vũ Hoàng Trần,Travel Agency,Vietnam
CUST04495,Anh Phúc Dương,Corporate,Vietnam
CUST04496,김상훈,VIP,Korea
CUST04497,Nhật Đặng,Travel Agency,Vietnam
CUST04498,Yến Phạm,Individual,Vietnam
CUST04499,Kathleen Young-Norton,Travel Agency,UK
CUST04500,Nam Phạm,Individual,Vietnam
CUST04501,Anthony Morse,VIP,USA
CUST04502,Dylan Daniels,VIP,USA
CUST04503,Trung Tấn Mai,Individual,Vietnam
CUST04504,Ashley Burns,VIP,USA
CUST04505,Ruth Mitchell,Travel Agency,UK
CUST04506,Anh Vũ Mai,Travel Agency,Vietnam
CUST04507,Trung Mai Bảo Vũ,Individual,Vietnam
CUST04508,Chị Duyên Bùi,Individual,Vietnam
CUST04509,Quang Nguyễn,Corporate,Vietnam
CUST04510,Hoàng Quang Mai,Travel Agency,Vietnam
CUST04511,Quang Văn Phạm,Individual,Vietnam
CUST04512,Ông Hưng Đặng,VIP,Vietnam
CUST04513,Nhật Lê,Corporate,Vietnam
CUST04514,Nhật Xuân Hoàng,Individual,Vietnam
CUST04515,Lâm Vũ,VIP,Vietnam
CUST04516,Hương Hoàng,Travel Agency,Vietnam
CUST04517,최진호,Travel Agency,Korea
CUST04518,卜雷,VIP,China
CUST04519,Quý cô An Dương,Travel Agency,Vietnam
CUST04520,Cô An Dương,VIP,Vietnam
CUST04521,Bradley Giles,Corporate,USA
CUST04522,Katherine Lopez,Travel Agency,USA
CUST04523,Nam Vũ,Travel Agency,Vietnam
CUST04524,Quang Xuân Mai,Travel Agency,Vietnam
CUST04525,Châu Nguyễn,Corporate,Vietnam
CUST04526,Trọng Bảo Bùi,Corporate,Vietnam
CUST04527,Bà Kim Mai,Corporate,Vietnam
CUST04528,Valérie Grenier,Corporate,France
CUST04529,Phương Đặng,Corporate,Vietnam
CUST04530,Quý cô Mai Lê,Travel Agency,Vietnam
CUST04531,Trung Hoàng Dương,Individual,Vietnam
CUST04532,Kim Đức Lê,Individual,Vietnam
CUST04533,Quý cô Hải Trần,Travel Agency,Vietnam
CUST04534,Nhật Mai Bảo Dương,Travel Agency,Vietnam
CUST04535,Huy Xuân Phạm,Travel Agency,Vietnam
CUST04536,Auguste Dörr,Individual,Germany
CUST04537,Thành Hoàng Nguyễn,Individual,Vietnam
CUST04538,Chị Hạnh Trần,Corporate,Vietnam
CUST04539,Hà Đức Nguyễn,Corporate,Vietnam
CUST04540,Chị Kim Đặng,VIP,Vietnam
CUST04541,Quý cô Xuân Lê,Travel Agency,Vietnam
CUST04542,Thành Xuân Hoàng,Travel Agency,Vietnam
CUST04543,Châu Mai,Individual,Vietnam
CUST04544,Wayne Hudson,VIP,Australia
CUST04545,Cô An Phạm,Corporate,Vietnam
CUST04546,Anh Hữu Hoàng,VIP,Vietnam
CUST04547,Nhật Nguyễn,Corporate,Vietnam
CUST04548,Chị Xuân Lê,Corporate,Vietnam
CUST04549,Bà Chi Đặng,VIP,Vietnam
CUST04550,Phúc Nguyễn,VIP,Vietnam
CUST04551,Nhiên Lê,Corporate,Vietnam
CUST04552,이경숙,Individual,Korea
CUST04553,杨岩,Individual,China
CUST04554,Lâm Trần,Corporate,Vietnam
CUST04555,Lâm Tấn Đặng,VIP,Vietnam
CUST04556,An Nguyễn,Corporate,Vietnam
CUST04557,Nam Mai,Corporate,Vietnam
CUST04558,Quý ông Quang Bùi,Travel Agency,Vietnam
CUST04559,Bà Linh Trần,Corporate,Vietnam
CUST04560,Cô Xuân Đặng,VIP,Vietnam
CUST04561,Huy Đức Nguyễn,Individual,Vietnam
CUST04562,Bác Dũng Phạm,Travel Agency,Vietnam
CUST04563,Bà Nhật Trần,VIP,Vietnam
CUST04564,Khoa Quang Trần,Travel Agency,Vietnam
CUST04565,Cô Mai Đặng,VIP,Vietnam
CUST04566,Sarina Jäkel,VIP,Germany
CUST04567,Hans-Theo Junck,Corporate,Germany
CUST04568,Quý cô Hà Hoàng,VIP,Vietnam
CUST04569,Ông Hoàng Phạm,Individual,Vietnam
CUST04570,Nhiên Phạm,Travel Agency,Vietnam
CUST04571,Wayne Delacruz,Corporate,USA
CUST04572,Ánh Mai,Travel Agency,Vietnam
CUST04573,김순자,Travel Agency,Korea
CUST04574,Peter King-Norton,Corporate,UK
CUST04575,Quý cô Nhật Mai,VIP,Vietnam
CUST04576,Huy Dương,VIP,Vietnam
CUST04577,Brian Schofield,VIP,UK
CUST04578,Tyler Turner,Corporate,Australia
CUST04579,Alexander Edwards,Travel Agency,Australia
CUST04580,Quý ông Minh Đặng,Individual,Vietnam
CUST04581,山下 太郎,Individual,Japan
CUST04582,Yến Đặng,Travel Agency,Vietnam
CUST04583,Nam Tấn Lê,VIP,Vietnam
CUST04584,Cô Ngọc Vũ,VIP,Vietnam
CUST04585,Hạnh Lê,Corporate,Vietnam
CUST04586,Phương Trần,Individual,Vietnam
CUST04587,Nam Trí Bùi,Corporate,Vietnam
CUST04588,Bà Hạnh Lê,Individual,Vietnam
CUST04589,Scott Perez,Travel Agency,USA
CUST04590,Gregory Torres,Travel Agency,Australia
CUST04591,山口 治,Travel Agency,Japan
CUST04592,Bác Trọng Mai,Corporate,Vietnam
CUST04593,Juliette Masson,Travel Agency,France
CUST04594,Daniel Escobar,Travel Agency,Australia
CUST04595,马婷婷,Travel Agency,China
CUST04596,Hưng Thế Mai,VIP,Vietnam
CUST04597,Bà Phương Hoàng,Corporate,Vietnam
CUST04598,Ing. Flora Löchel B.Sc.,Corporate,Germany
CUST04599,Hà Bùi,Travel Agency,Vietnam
CUST04600,Josh Hill-Sullivan,VIP,UK
CUST04601,Bảo Tấn Trần,Corporate,Vietnam
CUST04602,Victoria Brooks,Individual,UK
CUST04603,Bradley Townsend,VIP,USA
CUST04604,Phúc Bùi,Travel Agency,Vietnam
CUST04605,Phương Bảo Dương,Corporate,Vietnam
CUST04606,Kieran Hughes-Briggs,Corporate,UK
CUST04607,Bảo Mai,VIP,Vietnam
CUST04608,Lâm Hải Hoàng,Individual,Vietnam
CUST04609,Nam Đặng,VIP,Vietnam
CUST04610,Phương Mai Bảo Mai,Individual,Vietnam
CUST04611,이지우,Individual,Korea
CUST04612,Hà Văn Mai,Travel Agency,Vietnam
CUST04613,Vi Vũ,VIP,Vietnam
CUST04614,Thành Xuân Nguyễn,Corporate,Vietnam
CUST04615,Hương Đặng,Corporate,Vietnam
CUST04616,Tùng Phạm,VIP,Vietnam
CUST04617,Phúc Đức Lê,VIP,Vietnam
CUST04618,Cô Nhật Phạm,Corporate,Vietnam
CUST04619,Lawrence Roberts,Individual,UK
CUST04620,仇淑珍,Individual,China
CUST04621,Bà Duyên Mai,Corporate,Vietnam
CUST04622,Nhật Thị Phạm,VIP,Vietnam
CUST04623,Kim Văn Lê,VIP,Vietnam
CUST04624,Chị Thảo Mai,Travel Agency,Vietnam
CUST04625,中村 桃子,Travel Agency,Japan
CUST04626,Selim Adler,VIP,Germany
CUST04627,遠藤 春香,VIP,Japan
CUST04628,Tú Bảo Lê,Corporate,Vietnam
CUST04629,中川 七夏,VIP,Japan
CUST04630,Bà Nhật Phạm,Corporate,Vietnam
CUST04631,Lâm Thị Bùi,Travel Agency,Vietnam
CUST04632,Bác Trung Lê,Individual,Vietnam
CUST04633,장하윤,Corporate,Korea
CUST04634,Bà Vân Dương,Individual,Vietnam
CUST04635,Khoa Trần,Corporate,Vietnam
CUST04636,Hazel Shepherd,Corporate,UK
CUST04637,Dũng Hoàng,Individual,Vietnam
CUST04638,Bà Xuân Trần,Corporate,Vietnam
CUST04639,Hồng Phạm,Corporate,Vietnam
CUST04640,Joshua Davidson,Individual,USA
CUST04641,Denise Smith,VIP,UK
CUST04642,Nhật Phú Đặng,Corporate,Vietnam
CUST04643,Dũng Đức Mai,Travel Agency,Vietnam
CUST04644,Bà Kim Trần,VIP,Vietnam
CUST04645,鈴木 花子,Corporate,Japan
CUST04646,黎慧,VIP,China
CUST04647,Chi Đặng,Corporate,Vietnam
CUST04648,Quý cô Bảo Lê,VIP,Vietnam
CUST04649,Châu Trần,Travel Agency,Vietnam
CUST04650,Bethan Gallagher,Individual,UK
CUST04651,Phương Trần,VIP,Vietnam
CUST04652,김은영,VIP,Korea
CUST04653,Bảo Hải Lê,Travel Agency,Vietnam
CUST04654,王秀华,Individual,China
CUST04655,周秀云,Corporate,China
CUST04656,Huy Bảo Trần,VIP,Vietnam
CUST04657,Quý cô Thành Lê,Individual,Vietnam
CUST04658,Stéphanie Vasseur,Corporate,France
CUST04659,Quý cô Hải Vũ,Corporate,Vietnam
CUST04660,Chị Kim Đặng,VIP,Vietnam
CUST04661,Dũng Thị Bùi,Individual,Vietnam
CUST04662,Bác Tú Mai,Corporate,Vietnam
CUST04663,小川 加奈,Corporate,Japan
CUST04664,Phương Trí Đặng,VIP,Vietnam
CUST04665,Cô Linh Đặng,Travel Agency,Vietnam
CUST04666,Bảo Hữu Dương,Individual,Vietnam
CUST04667,Khoa Dương,VIP,Vietnam
CUST04668,John Flores,Individual,Australia
CUST04669,Vũ Phạm,Corporate,Vietnam
CUST04670,Cô Ánh Đặng,Corporate,Vietnam
CUST04671,Chị Hạnh Mai,VIP,Vietnam
CUST04672,Xuân Bùi,Corporate,Vietnam
CUST04673,Pauline Bernier,VIP,France
CUST04674,Nhật Vũ,Travel Agency,Vietnam
CUST04675,Phương Mai Bảo Trần,Individual,Vietnam
CUST04676,Phương Trí Lê,VIP,Vietnam
CUST04677,Minh Thị Trần,Individual,Vietnam
CUST04678,Phương Mai Dương,Travel Agency,Vietnam
CUST04679,Chị Ngọc Vũ,Individual,Vietnam
CUST04680,Chị Lan Mai,Corporate,Vietnam
CUST04681,Kylie Williams,Travel Agency,Australia
CUST04682,Phương Phạm,VIP,Vietnam
CUST04683,Bác Hưng Mai,Travel Agency,Vietnam
CUST04684,Bảo Nguyễn,Corporate,Vietnam
CUST04685,Duyên Lê,VIP,Vietnam
CUST04686,Bác Huy Trần,Individual,Vietnam
CUST04687,Ông Phúc Mai,Corporate,Vietnam
CUST04688,Leanne Barber,Travel Agency,UK
CUST04689,Thành Mai,Individual,Vietnam
CUST04690,John Smith,VIP,USA
CUST04691,Jose Payne,VIP,Australia
CUST04692,Hạnh Văn Đặng,Travel Agency,Vietnam
CUST04693,Bác Bảo Đặng,VIP,Vietnam
CUST04694,Hồng Mai,Corporate,Vietnam
CUST04695,Chị Lâm Bùi,Travel Agency,Vietnam
CUST04696,Mohammed Stevens,Travel Agency,UK
CUST04697,Lâm Vũ,Individual,Vietnam
CUST04698,Chị Lan Dương,Individual,Vietnam
CUST04699,Univ.Prof. Mandy Schönland,Corporate,Germany
CUST04700,村上 真綾,VIP,Japan
CUST04701,Hoàng Hoàng,Travel Agency,Vietnam
CUST04702,Ông Minh Mai,Individual,Vietnam
CUST04703,陈秀兰,Individual,China
CUST04704,Quý ông Minh Hoàng,Travel Agency,Vietnam
CUST04705,Cô Nhật Vũ,Individual,Vietnam
CUST04706,Ông Dũng Hoàng,Individual,Vietnam
CUST04707,Tú Đặng,Corporate,Vietnam
CUST04708,Nhiên Đặng,VIP,Vietnam
CUST04709,Khoa Nguyễn,VIP,Vietnam
CUST04710,Châu Văn Mai,Corporate,Vietnam
CUST04711,남현숙,Corporate,Korea
CUST04712,Quý cô Yến Phạm,VIP,Vietnam
CUST04713,伊藤 里佳,VIP,Japan
CUST04714,Anh Tùng Trần,Corporate,Vietnam
CUST04715,Thành Lê,VIP,Vietnam
CUST04716,Dr Max Cooper,VIP,UK
CUST04717,Victor Allain-Maillot,Individual,France
CUST04718,山崎 七夏,Travel Agency,Japan
CUST04719,Bác Trọng Trần,Corporate,Vietnam
CUST04720,Anh Anh Trần,VIP,Vietnam
CUST04721,文淑华,Individual,China
CUST04722,Kim Lê,Travel Agency,Vietnam
CUST04723,Khoa Mai Hoàng,Individual,Vietnam
CUST04724,Kim Dương,Individual,Vietnam
CUST04725,이민서,Individual,Korea
CUST04726,Dương Phạm,Corporate,Vietnam
CUST04727,An Hữu Đặng,VIP,Vietnam
CUST04728,Thành Thế Hoàng,Corporate,Vietnam
CUST04729,Chị Dương Lê,Travel Agency,Vietnam
CUST04730,長谷川 治,Individual,Japan
CUST04731,Kevin Dean,VIP,USA
CUST04732,Josephine Barrett,Travel Agency,UK
CUST04733,Kim Bùi,Individual,Vietnam
CUST04734,Martin Cruz,Individual,USA
CUST04735,Tom Murphy,Travel Agency,UK
CUST04736,Cô Yến Vũ,VIP,Vietnam
CUST04737,Bảo Đức Lê,Corporate,Vietnam
CUST04738,Thành Trí Vũ,Travel Agency,Vietnam
CUST04739,Bảo Dương,Travel Agency,Vietnam
CUST04740,Tú Dương,VIP,Vietnam
CUST04741,Vũ Mai,VIP,Vietnam
CUST04742,Anh Trọng Lê,VIP,Vietnam
CUST04743,Tú Dương,Travel Agency,Vietnam
CUST04744,龚凯,Travel Agency,China
CUST04745,Yến Vũ,Individual,Vietnam
CUST04746,Trọng Hải Vũ,Corporate,Vietnam
CUST04747,Chị Thảo Nguyễn,Corporate,Vietnam
CUST04748,陈飞,Travel Agency,China
CUST04749,Mai Đặng,Travel Agency,Vietnam
CUST04750,Bảo Vũ,Individual,Vietnam
CUST04751,Brigitte Robin,Travel Agency,France
CUST04752,Bà Nhật Vũ,Individual,Vietnam
CUST04753,Lâm Hải Mai,VIP,Vietnam
CUST04754,Nhiên Xuân Đặng,Travel Agency,Vietnam
CUST04755,Thành Phú Đặng,Individual,Vietnam
CUST04756,Nhiên Đức Nguyễn,VIP,Vietnam
CUST04757,Chị Chi Hoàng,Travel Agency,Vietnam
CUST04758,Ông Trọng Trần,Individual,Vietnam
CUST04759,Bà Hương Nguyễn,Corporate,Vietnam
CUST04760,최현우,Individual,Korea
CUST04761,Dr. Hans-Walter Koch II,Individual,Germany
CUST04762,Rebekah Morton,VIP,Australia
CUST04763,Khoa Đức Bùi,Corporate,Vietnam
CUST04764,Ông Dũng Nguyễn,Travel Agency,Vietnam
CUST04765,Bà Bảo Mai,VIP,Vietnam
CUST04766,Hải Thị Nguyễn,VIP,Vietnam
CUST04767,김예원,Corporate,Korea
CUST04768,Marcus Carlson,Corporate,USA
CUST04769,Quý cô Thảo Trần,Travel Agency,Vietnam
CUST04770,Lan Trần,VIP,Vietnam
CUST04771,Hồng Lê,Individual,Vietnam
CUST04772,Quý ông Minh Vũ,Travel Agency,Vietnam
CUST04773,Hoàng Hữu Nguyễn,Individual,Vietnam
CUST04774,Bác Trọng Dương,Individual,Vietnam
CUST04775,Nhật Bùi,Travel Agency,Vietnam
CUST04776,Bà Phương Lê,Corporate,Vietnam
CUST04777,Hạnh Bùi,Travel Agency,Vietnam
CUST04778,Chị An Bùi,Corporate,Vietnam
CUST04779,Hà Phú Nguyễn,Travel Agency,Vietnam
CUST04780,Marc Thomas,Individual,UK
CUST04781,Mr Alex Collins,Individual,UK
CUST04782,Jeffrey Hodges,Corporate,USA
CUST04783,Huy Thế Lê,Individual,Vietnam
CUST04784,Quý ông Tùng Phạm,Corporate,Vietnam
CUST04785,Bà Phương Vũ,VIP,Vietnam
CUST04786,Phương Văn Mai,Travel Agency,Vietnam
CUST04787,Bà Yến Mai,VIP,Vietnam
CUST04788,佐藤 桃子,Individual,Japan
CUST04789,Hoàng Dương,VIP,Vietnam
CUST04790,Chị Phương Phạm,Travel Agency,Vietnam
CUST04791,Cô Bảo Mai,VIP,Vietnam
CUST04792,中村 健一,VIP,Japan
CUST04793,Châu Xuân Trần,VIP,Vietnam
CUST04794,Pauline-Renée Roger,Corporate,France
CUST04795,Cô Ánh Phạm,VIP,Vietnam
CUST04796,Ánh Phạm,Travel Agency,Vietnam
CUST04797,Bartholomäus Hande,Travel Agency,Germany
CUST04798,林伟,Individual,China
CUST04799,Hưng Thế Nguyễn,Corporate,Vietnam
CUST04800,Hạnh Phú Dương,Travel Agency,Vietnam
CUST04801,Nhiên Phú Dương,Travel Agency,Vietnam
CUST04802,Glen Hunt,Travel Agency,Australia
CUST04803,Nam Phú Dương,Individual,Vietnam
CUST04804,李宇,Travel Agency,China
CUST04805,Vũ Hoàng,Corporate,Vietnam
CUST04806,Duyên Vũ,Corporate,Vietnam
CUST04807,Hà Văn Dương,Corporate,Vietnam
CUST04808,Hải Đặng,Travel Agency,Vietnam
CUST04809,Quý ông Tú Bùi,Travel Agency,Vietnam
CUST04810,Chị Hương Đặng,VIP,Vietnam
CUST04811,Xuân Đặng,Travel Agency,Vietnam
CUST04812,黄勇,Corporate,China
CUST04813,Frau Aline Jäntsch,Individual,Germany
CUST04814,Tùng Đức Phạm,Individual,Vietnam
CUST04815,Bảo Bùi,Individual,Vietnam
CUST04816,萧博,Corporate,China
CUST04817,Quang Trí Hoàng,Corporate,Vietnam
CUST04818,Ông Tú Phạm,Corporate,Vietnam
CUST04819,Quý cô Lâm Mai,Travel Agency,Vietnam
CUST04820,An Trí Vũ,VIP,Vietnam
CUST04821,Hà Văn Mai,VIP,Vietnam
CUST04822,Tùng Thế Lê,Individual,Vietnam
CUST04823,Linh Mai,Travel Agency,Vietnam
CUST04824,Ing. Brunhild Harloff,Corporate,Germany
CUST04825,Dr Michael Shaw,Individual,UK
CUST04826,Marcelle Mercier,Corporate,France
CUST04827,Bác Phúc Vũ,Corporate,Vietnam
CUST04828,Bà Kim Đặng,Corporate,Vietnam
CUST04829,Ông Vũ Nguyễn,Travel Agency,Vietnam
CUST04830,Quý cô Linh Đặng,Corporate,Vietnam
CUST04831,Nam Hữu Dương,Individual,Vietnam
CUST04832,Breanna Davis,Individual,Australia
CUST04833,斎藤 舞,Corporate,Japan
CUST04834,Hưng Tấn Hoàng,Individual,Vietnam
CUST04835,Minh Văn Dương,Individual,Vietnam
CUST04836,Nhiên Xuân Mai,Corporate,Vietnam
CUST04837,Phương Xuân Phạm,Individual,Vietnam
CUST04838,Cô Hà Bùi,Corporate,Vietnam
CUST04839,Bà Khoa Bùi,Individual,Vietnam
CUST04840,Mr Jack Robinson,Corporate,UK
CUST04841,Quý ông Nam Trần,Travel Agency,Vietnam
CUST04842,Hà Hoàng,VIP,Vietnam
CUST04843,Phúc Trí Hoàng,Corporate,Vietnam
CUST04844,朱波,Travel Agency,China
CUST04845,Antonio Bauer,Travel Agency,Germany
CUST04846,Bà Ngọc Nguyễn,Corporate,Vietnam
CUST04847,Catherine Mcneil,Travel Agency,Australia
CUST04848,Quý cô Vi Phạm,VIP,Vietnam
CUST04849,Thành Hoàng Hoàng,Travel Agency,Vietnam
CUST04850,Nhiên Mai,VIP,Vietnam
CUST04851,Nam Phạm,VIP,Vietnam
CUST04852,Trung Trần,VIP,Vietnam
CUST04853,Chị Nhật Lê,VIP,Vietnam
CUST04854,Benjamin Römer,VIP,Germany
CUST04855,박지연,Individual,Korea
CUST04856,Quang Dương,Travel Agency,Vietnam
CUST04857,이지영,Travel Agency,Korea
CUST04858,Joseph Collins,Travel Agency,USA
CUST04859,Hưng Hữu Lê,Individual,Vietnam
CUST04860,박진우,Individual,Korea
CUST04861,Tùng Đặng,VIP,Vietnam
CUST04862,伊藤 直子,Individual,Japan
CUST04863,Glenn Elliott-Edwards,Individual,UK
CUST04864,Chị Hương Hoàng,Travel Agency,Vietnam
CUST04865,Quang Dương,Individual,Vietnam
CUST04866,Ông Vũ Lê,Individual,Vietnam
CUST04867,Richard Singh-Fuller,Individual,UK
CUST04868,王兰英,Individual,China
CUST04869,Anthony Godfrey,Individual,UK
CUST04870,Lâm Hải Hoàng,Individual,Vietnam
CUST04871,Vũ Mai Nguyễn,Travel Agency,Vietnam
CUST04872,Cô Hạnh Đặng,Individual,Vietnam
CUST04873,Kayleigh Farrell-Kirby,Travel Agency,UK
CUST04874,Chị Nhật Nguyễn,VIP,Vietnam
CUST04875,Juliette de Carlier,Travel Agency,France
CUST04876,An Thế Mai,Travel Agency,Vietnam
CUST04877,佐藤 直子,Individual,Japan
CUST04878,Duyên Nguyễn,VIP,Vietnam
CUST04879,Hồng Vũ,Individual,Vietnam
CUST04880,蓝秀荣,Corporate,China
CUST04881,Bà Phương Lê,Individual,Vietnam
CUST04882,Bảo Mai,Travel Agency,Vietnam
CUST04883,Bà Khoa Mai,Travel Agency,Vietnam
CUST04884,Linh Hoàng,Travel Agency,Vietnam
CUST04885,Quý cô Hồng Dương,Corporate,Vietnam
CUST04886,Quang Trí Vũ,VIP,Vietnam
CUST04887,Trung Hoàng,Individual,Vietnam
CUST04888,Ông Anh Đặng,Corporate,Vietnam
CUST04889,Ông Thành Nguyễn,Individual,Vietnam
CUST04890,Hanna Rörricht-Hermighausen,Travel Agency,Germany
CUST04891,Pénélope Gaudin,Corporate,France
CUST04892,Lan Phạm,Corporate,Vietnam
CUST04893,Nhật Đức Dương,Individual,Vietnam
CUST04894,Hà Hoàng Đặng,Travel Agency,Vietnam
CUST04895,Anthony Jackson,Corporate,USA
CUST04896,Quý cô Xuân Đặng,Travel Agency,Vietnam
CUST04897,Ross Elliott,Individual,UK
CUST04898,Bác Vũ Mai,VIP,Vietnam
CUST04899,Trọng Đặng,Travel Agency,Vietnam
CUST04900,Gabrielle Hervé,Travel Agency,France
CUST04901,Thành Nguyễn,Corporate,Vietnam
CUST04902,구준영,Travel Agency,Korea
CUST04903,Nhật Trần,Travel Agency,Vietnam
CUST04904,Dương Trần,VIP,Vietnam
CUST04905,Hà Vũ,Individual,Vietnam
CUST04906,Bà Lan Bùi,Travel Agency,Vietnam
CUST04907,Erdmute Becker,VIP,Germany
CUST04908,Thành Tấn Trần,VIP,Vietnam
CUST04909,Univ.Prof. Theodora Zorbach,Individual,Germany
CUST04910,Quý ông Hưng Nguyễn,Travel Agency,Vietnam
CUST04911,Bác Hoàng Mai,Travel Agency,Vietnam
CUST04912,Quý ông Anh Vũ,Individual,Vietnam
CUST04913,Châu Tấn Nguyễn,VIP,Vietnam
CUST04914,戎红梅,VIP,China
CUST04915,Gerolf Peukert,VIP,Germany
CUST04916,Thành Thế Phạm,Individual,Vietnam
CUST04917,Joseph Brown,Corporate,USA
CUST04918,Xuân Phạm,Corporate,Vietnam
CUST04919,Cô Kim Mai,Corporate,Vietnam
CUST04920,Huy Hải Bùi,Individual,Vietnam
CUST04921,Quý cô Kim Mai,VIP,Vietnam
CUST04922,Samantha Smith,Individual,USA
CUST04923,Nhật Mai Vũ,Corporate,Vietnam
CUST04924,Anh Tú Phạm,Travel Agency,Vietnam
CUST04925,Phương Mai,VIP,Vietnam
CUST04926,Minh Phạm,VIP,Vietnam
CUST04927,Phúc Nguyễn,VIP,Vietnam
CUST04928,Nhật Mai Bảo Bùi,Individual,Vietnam
CUST04929,An Vũ,VIP,Vietnam
CUST04930,Christopher Hendrix,Travel Agency,Australia
CUST04931,Kim Mai,Travel Agency,Vietnam
CUST04932,Bà An Bùi,Corporate,Vietnam
CUST04933,Lâm Xuân Hoàng,Travel Agency,Vietnam
CUST04934,Anh Thành Phạm,VIP,Vietnam
CUST04935,Kim Vũ,Individual,Vietnam
CUST04936,Quý cô Lan Bùi,Travel Agency,Vietnam
CUST04937,Joshua Clark-Cook,Corporate,UK
CUST04938,Hương Nguyễn,VIP,Vietnam
CUST04939,Quang Bùi,Travel Agency,Vietnam
CUST04940,Kim Vũ,Travel Agency,Vietnam
CUST04941,Cô Vân Dương,Corporate,Vietnam
CUST04942,Cô Phương Nguyễn,Corporate,Vietnam
CUST04943,Chị Duyên Bùi,VIP,Vietnam
CUST04944,Anh Đức Phạm,VIP,Vietnam
CUST04945,Craig Russell,Corporate,UK
CUST04946,장정남,Individual,Korea
CUST04947,Bảo Bảo Nguyễn,Individual,Vietnam
CUST04948,Dũng Đặng,Travel Agency,Vietnam
CUST04949,Nam Tấn Mai,Corporate,Vietnam
CUST04950,Bảo Thế Lê,Travel Agency,Vietnam
CUST04951,Dorothée Roy,Corporate,France
CUST04952,An Lê,Travel Agency,Vietnam
CUST04953,Anna Lee DDS,Corporate,Australia
CUST04954,村上 太郎,Individual,Japan
CUST04955,佐藤 健一,Corporate,Japan
CUST04956,Guy Dubois,Travel Agency,France
CUST04957,Cô Phương Dương,Travel Agency,Vietnam
CUST04958,Nhật Lê,Corporate,Vietnam
CUST04959,Xuân Mai,Travel Agency,Vietnam
CUST04960,Hà Mai Bảo Mai,Travel Agency,Vietnam
CUST04961,Hailey Hall,Individual,Australia
CUST04962,Quý cô Thảo Nguyễn,VIP,Vietnam
CUST04963,Tú Bảo Trần,Travel Agency,Vietnam
CUST04964,Shawn Clark,Travel Agency,USA
CUST04965,Quý cô Ngọc Hoàng,VIP,Vietnam
CUST04966,Raymond Bigot Le Rey,VIP,France
CUST04967,Yến Trần,Corporate,Vietnam
CUST04968,Vân Phạm,Corporate,Vietnam
CUST04969,Quang Nguyễn,Corporate,Vietnam
CUST04970,Lâm Đặng,Travel Agency,Vietnam
CUST04971,Chị Thành Lê,VIP,Vietnam
CUST04972,Hưng Dương,Corporate,Vietnam
CUST04973,Cô Xuân Lê,Corporate,Vietnam
CUST04974,Nam Mai,Individual,Vietnam
CUST04975,Trọng Phú Nguyễn,VIP,Vietnam
CUST04976,Arnaude de la Marchand,Individual,France
CUST04977,Chị Thành Lê,Corporate,Vietnam
CUST04978,Graham Taylor,Individual,UK
CUST04979,Trọng Bùi,Corporate,Vietnam
CUST04980,Ông Huy Bùi,Travel Agency,Vietnam
CUST04981,Tú Mai Bảo Phạm,Corporate,Vietnam
CUST04982,Kim Trí Phạm,VIP,Vietnam
CUST04983,Chị Duyên Vũ,VIP,Vietnam
CUST04984,Bà Ngọc Phạm,Individual,Vietnam
CUST04985,홍진호,Corporate,Korea
CUST04986,Khoa Thế Trần,VIP,Vietnam
CUST04987,Bảo Bùi,Corporate,Vietnam
CUST04988,Anh Thành Lê,Travel Agency,Vietnam
CUST04989,Phương Đặng,Travel Agency,Vietnam
CUST04990,Cô Ánh Lê,Corporate,Vietnam
CUST04991,Martin Ackermann-Weinhage,Corporate,Germany
CUST04992,Yến Lê,Corporate,Vietnam
CUST04993,Khoa Hoàng Lê,VIP,Vietnam
CUST04994,Patrizia Briemer,Corporate,Germany
CUST04995,Thành Vũ,Travel Agency,Vietnam
CUST04996,An Hoàng,Corporate,Vietnam
CUST04997,佐藤 加奈,Corporate,Japan
CUST04998,Trung Phạm,Individual,Vietnam
CUST04999,Ông Trung Vũ,VIP,Vietnam
CUST05000,Quang Hữu Dương,VIP,Vietnam
